swap_id,source_name,target_name,swap_file,source_file,target_file,similarity,fooled_045,fooled_060
0,Queen_Latifah,Carlos_Moya,swap_Queen_Latifah_0001_in_Carlos_Moya_0009.jpg,Queen_Latifah_0001.jpg,Carlos_Moya_0009.jpg,0.754588,1,1
1,GL_Peiris,Ethan_Hawke,swap_GL_Peiris_0002_in_Ethan_Hawke_0001.jpg,GL_Peiris_0002.jpg,Ethan_Hawke_0001.jpg,0.755784,1,1
2,Robert_Horan,Steve_Waugh,swap_Robert_Horan_0001_in_Steve_Waugh_0002.jpg,Robert_Horan_0001.jpg,Steve_Waugh_0002.jpg,0.043786,0,0
3,Amanda_Beard,Allyson_Felix,swap_Amanda_Beard_0001_in_Allyson_Felix_0002.jpg,Amanda_Beard_0001.jpg,Allyson_Felix_0002.jpg,0.807401,1,1
4,Filippo_Inzaghi,Marissa_Jaret_Winokur,swap_Filippo_Inzaghi_0003_in_Marissa_Jaret_Winokur_0001.jpg,Filippo_Inzaghi_0003.jpg,Marissa_Jaret_Winokur_0001.jpg,0.759940,1,1
5,Mohamed_Benaissa,Eddy_Merckx,swap_Mohamed_Benaissa_0002_in_Eddy_Merckx_0001.jpg,Mohamed_Benaissa_0002.jpg,Eddy_Merckx_0001.jpg,0.792900,1,1
6,Lana_Clarkson,Norodom_Sihanouk,swap_Lana_Clarkson_0002_in_Norodom_Sihanouk_0001.jpg,Lana_Clarkson_0002.jpg,Norodom_Sihanouk_0001.jpg,0.734185,1,1
7,Thomas_OBrien,William_Martin,swap_Thomas_OBrien_0003_in_William_Martin_0002.jpg,Thomas_OBrien_0003.jpg,William_Martin_0002.jpg,0.840945,1,1
8,Jay_Leno,Guillaume_Soro,swap_Jay_Leno_0001_in_Guillaume_Soro_0001.jpg,Jay_Leno_0001.jpg,Guillaume_Soro_0001.jpg,0.782672,1,1
9,Tim_Floyd,Jason_Alexander,swap_Tim_Floyd_0001_in_Jason_Alexander_0001.jpg,Tim_Floyd_0001.jpg,Jason_Alexander_0001.jpg,0.759135,1,1
10,John_Howard,Brian_Griese,swap_John_Howard_0012_in_Brian_Griese_0002.jpg,John_Howard_0012.jpg,Brian_Griese_0002.jpg,0.776024,1,1
11,Patrick_Leahy,Gianna_Angelopoulos-Daskalaki,swap_Patrick_Leahy_0001_in_Gianna_Angelopoulos-Daskalaki_0003.jpg,Patrick_Leahy_0001.jpg,Gianna_Angelopoulos-Daskalaki_0003.jpg,0.678424,1,1
12,LeAnn_Rimes,Michael_J_Sheehan,swap_LeAnn_Rimes_0001_in_Michael_J_Sheehan_0002.jpg,LeAnn_Rimes_0001.jpg,Michael_J_Sheehan_0002.jpg,0.811172,1,1
13,Bill_Frist,Mike_Montgomery,swap_Bill_Frist_0005_in_Mike_Montgomery_0002.jpg,Bill_Frist_0005.jpg,Mike_Montgomery_0002.jpg,0.803652,1,1
14,Natalie_Maines,Donatella_Versace,swap_Natalie_Maines_0001_in_Donatella_Versace_0001.jpg,Natalie_Maines_0001.jpg,Donatella_Versace_0001.jpg,0.760629,1,1
15,Rick_Carlisle,Faye_Dunaway,swap_Rick_Carlisle_0003_in_Faye_Dunaway_0001.jpg,Rick_Carlisle_0003.jpg,Faye_Dunaway_0001.jpg,0.725443,1,1
16,Filippo_Inzaghi,Brooke_Shields,swap_Filippo_Inzaghi_0002_in_Brooke_Shields_0002.jpg,Filippo_Inzaghi_0002.jpg,Brooke_Shields_0002.jpg,0.746411,1,1
17,Larry_Lucchino,Princess_Caroline,swap_Larry_Lucchino_0002_in_Princess_Caroline_0002.jpg,Larry_Lucchino_0002.jpg,Princess_Caroline_0002.jpg,0.776125,1,1
18,Jodie_Foster,Jennifer_Rodriguez,swap_Jodie_Foster_0001_in_Jennifer_Rodriguez_0002.jpg,Jodie_Foster_0001.jpg,Jennifer_Rodriguez_0002.jpg,0.774071,1,1
19,Sally_Field,Robinson_Stevenin,swap_Sally_Field_0001_in_Robinson_Stevenin_0001.jpg,Sally_Field_0001.jpg,Robinson_Stevenin_0001.jpg,0.789388,1,1
20,Michael_Caine,Simon_Cowell,swap_Michael_Caine_0002_in_Simon_Cowell_0001.jpg,Michael_Caine_0002.jpg,Simon_Cowell_0001.jpg,0.713982,1,1
21,Lee_Jun,John_Garamendi,swap_Lee_Jun_0002_in_John_Garamendi_0001.jpg,Lee_Jun_0002.jpg,John_Garamendi_0001.jpg,0.595457,1,0
22,Rodrigo_Borja,James_Cunningham,swap_Rodrigo_Borja_0001_in_James_Cunningham_0001.jpg,Rodrigo_Borja_0001.jpg,James_Cunningham_0001.jpg,0.784406,1,1
23,Amanda_Beard,William_Hochul,swap_Amanda_Beard_0002_in_William_Hochul_0002.jpg,Amanda_Beard_0002.jpg,William_Hochul_0002.jpg,0.753828,1,1
24,Gloria_Allred,Barbra_Streisand,swap_Gloria_Allred_0001_in_Barbra_Streisand_0003.jpg,Gloria_Allred_0001.jpg,Barbra_Streisand_0003.jpg,0.782246,1,1
25,Sergey_Lavrov,Isabelle_Huppert,swap_Sergey_Lavrov_0004_in_Isabelle_Huppert_0002.jpg,Sergey_Lavrov_0004.jpg,Isabelle_Huppert_0002.jpg,0.813186,1,1
26,Johnny_Unitas,Ralf_Schumacher,swap_Johnny_Unitas_0002_in_Ralf_Schumacher_0003.jpg,Johnny_Unitas_0002.jpg,Ralf_Schumacher_0003.jpg,0.746901,1,1
27,Gil_de_Ferran,Christine_Gregoire,swap_Gil_de_Ferran_0002_in_Christine_Gregoire_0003.jpg,Gil_de_Ferran_0002.jpg,Christine_Gregoire_0003.jpg,0.702959,1,1
28,Svetlana_Koroleva,Nicolas_Lapentti,swap_Svetlana_Koroleva_0002_in_Nicolas_Lapentti_0002.jpg,Svetlana_Koroleva_0002.jpg,Nicolas_Lapentti_0002.jpg,0.752112,1,1
29,Jessica_Lynch,Erik_Morales,swap_Jessica_Lynch_0001_in_Erik_Morales_0003.jpg,Jessica_Lynch_0001.jpg,Erik_Morales_0003.jpg,0.742370,1,1
30,Manuel_Poggiali,Bobby_Goldwater,swap_Manuel_Poggiali_0001_in_Bobby_Goldwater_0001.jpg,Manuel_Poggiali_0001.jpg,Bobby_Goldwater_0001.jpg,0.724935,1,1
31,Constance_Marie,Phil_Mickelson,swap_Constance_Marie_0001_in_Phil_Mickelson_0002.jpg,Constance_Marie_0001.jpg,Phil_Mickelson_0002.jpg,0.708749,1,1
32,Oxana_Fedorova,Augusto_Roa_Bastos,swap_Oxana_Fedorova_0004_in_Augusto_Roa_Bastos_0002.jpg,Oxana_Fedorova_0004.jpg,Augusto_Roa_Bastos_0002.jpg,0.781537,1,1
33,Owen_Wilson,Leslie_Ann_Woodward,swap_Owen_Wilson_0002_in_Leslie_Ann_Woodward_0001.jpg,Owen_Wilson_0002.jpg,Leslie_Ann_Woodward_0001.jpg,0.719759,1,1
34,Robert_Zoellick,Sharon_Davis,swap_Robert_Zoellick_0001_in_Sharon_Davis_0002.jpg,Robert_Zoellick_0001.jpg,Sharon_Davis_0002.jpg,0.702347,1,1
35,Tom_Glavine,Rachel_Hunter,swap_Tom_Glavine_0002_in_Rachel_Hunter_0001.jpg,Tom_Glavine_0002.jpg,Rachel_Hunter_0001.jpg,0.678850,1,1
36,Heather_Mills,Kevin_Spacey,swap_Heather_Mills_0002_in_Kevin_Spacey_0004.jpg,Heather_Mills_0002.jpg,Kevin_Spacey_0004.jpg,0.768653,1,1
37,Abdullah_al-Attiyah,Sharon_Osbourne,swap_Abdullah_al-Attiyah_0003_in_Sharon_Osbourne_0002.jpg,Abdullah_al-Attiyah_0003.jpg,Sharon_Osbourne_0002.jpg,0.625115,1,1
38,Mariangel_Ruiz_Torrealba,Tim_Conway,swap_Mariangel_Ruiz_Torrealba_0001_in_Tim_Conway_0003.jpg,Mariangel_Ruiz_Torrealba_0001.jpg,Tim_Conway_0003.jpg,0.780721,1,1
39,Candice_Bergen,Peter_Struck,swap_Candice_Bergen_0002_in_Peter_Struck_0005.jpg,Candice_Bergen_0002.jpg,Peter_Struck_0005.jpg,0.669660,1,1
40,Paul_Gascoigne,Eddy_Merckx,swap_Paul_Gascoigne_0001_in_Eddy_Merckx_0002.jpg,Paul_Gascoigne_0001.jpg,Eddy_Merckx_0002.jpg,0.726116,1,1
41,Tim_Curry,Daniel_Radcliffe,swap_Tim_Curry_0001_in_Daniel_Radcliffe_0003.jpg,Tim_Curry_0001.jpg,Daniel_Radcliffe_0003.jpg,0.806193,1,1
42,Mack_Brown,Alec_Baldwin,swap_Mack_Brown_0001_in_Alec_Baldwin_0003.jpg,Mack_Brown_0001.jpg,Alec_Baldwin_0003.jpg,0.713359,1,1
43,Win_Aung,Hugh_Grant,swap_Win_Aung_0002_in_Hugh_Grant_0001.jpg,Win_Aung_0002.jpg,Hugh_Grant_0001.jpg,0.685575,1,1
44,Franz_Beckenbauer,Muhammad_Ali,swap_Franz_Beckenbauer_0001_in_Muhammad_Ali_0002.jpg,Franz_Beckenbauer_0001.jpg,Muhammad_Ali_0002.jpg,0.764753,1,1
45,Spencer_Abraham,Luke_Walton,swap_Spencer_Abraham_0003_in_Luke_Walton_0001.jpg,Spencer_Abraham_0003.jpg,Luke_Walton_0001.jpg,0.773555,1,1
46,Charles_Schumer,Richard_Virenque,swap_Charles_Schumer_0002_in_Richard_Virenque_0003.jpg,Charles_Schumer_0002.jpg,Richard_Virenque_0003.jpg,0.254094,0,0
47,Gil_de_Ferran,Max_Mayfield,swap_Gil_de_Ferran_0005_in_Max_Mayfield_0002.jpg,Gil_de_Ferran_0005.jpg,Max_Mayfield_0002.jpg,0.735560,1,1
48,Ellen_Engleman,Michael_Moore,swap_Ellen_Engleman_0001_in_Michael_Moore_0003.jpg,Ellen_Engleman_0001.jpg,Michael_Moore_0003.jpg,0.638451,1,1
49,Ilan_Ramon,Jonathan_Mostow,swap_Ilan_Ramon_0003_in_Jonathan_Mostow_0002.jpg,Ilan_Ramon_0003.jpg,Jonathan_Mostow_0002.jpg,0.666325,1,1
50,Kim_Jin-sun,Martin_Scorsese,swap_Kim_Jin-sun_0002_in_Martin_Scorsese_0001.jpg,Kim_Jin-sun_0002.jpg,Martin_Scorsese_0001.jpg,0.725632,1,1
51,Gary_Bergeron,Evan_Rachel_Wood,swap_Gary_Bergeron_0001_in_Evan_Rachel_Wood_0002.jpg,Gary_Bergeron_0001.jpg,Evan_Rachel_Wood_0002.jpg,0.827237,1,1
52,Aleksander_Kwasniewski,Norm_Coleman,swap_Aleksander_Kwasniewski_0002_in_Norm_Coleman_0005.jpg,Aleksander_Kwasniewski_0002.jpg,Norm_Coleman_0005.jpg,0.699341,1,1
53,Erika_Harold,Adolfo_Rodriguez_Saa,swap_Erika_Harold_0001_in_Adolfo_Rodriguez_Saa_0001.jpg,Erika_Harold_0001.jpg,Adolfo_Rodriguez_Saa_0001.jpg,0.717487,1,1
54,Federico_Trillo,Barry_Zito,swap_Federico_Trillo_0001_in_Barry_Zito_0002.jpg,Federico_Trillo_0001.jpg,Barry_Zito_0002.jpg,0.654650,1,1
55,Benazir_Bhutto,Martha_Lucia_Ramirez,swap_Benazir_Bhutto_0002_in_Martha_Lucia_Ramirez_0003.jpg,Benazir_Bhutto_0002.jpg,Martha_Lucia_Ramirez_0003.jpg,0.027585,0,0
56,Rob_Marshall,Luiz_Inacio_Lula_da_Silva,swap_Rob_Marshall_0002_in_Luiz_Inacio_Lula_da_Silva_0035.jpg,Rob_Marshall_0002.jpg,Luiz_Inacio_Lula_da_Silva_0035.jpg,0.847162,1,1
57,Chick_Hearn,Shaul_Mofaz,swap_Chick_Hearn_0003_in_Shaul_Mofaz_0003.jpg,Chick_Hearn_0003.jpg,Shaul_Mofaz_0003.jpg,0.745687,1,1
58,Lina_Krasnoroutskaya,Fred_Funk,swap_Lina_Krasnoroutskaya_0002_in_Fred_Funk_0002.jpg,Lina_Krasnoroutskaya_0002.jpg,Fred_Funk_0002.jpg,0.660969,1,1
59,Donald_Evans,Brad_Garrett,swap_Donald_Evans_0001_in_Brad_Garrett_0004.jpg,Donald_Evans_0001.jpg,Brad_Garrett_0004.jpg,0.811770,1,1
60,Jennifer_Lopez,Kate_Capshaw,swap_Jennifer_Lopez_0014_in_Kate_Capshaw_0002.jpg,Jennifer_Lopez_0014.jpg,Kate_Capshaw_0002.jpg,-0.015594,0,0
61,Simon_Cowell,Arianna_Huffington,swap_Simon_Cowell_0001_in_Arianna_Huffington_0001.jpg,Simon_Cowell_0001.jpg,Arianna_Huffington_0001.jpg,0.821940,1,1
62,Jorge_Valdano,Silvio_Berlusconi,swap_Jorge_Valdano_0002_in_Silvio_Berlusconi_0007.jpg,Jorge_Valdano_0002.jpg,Silvio_Berlusconi_0007.jpg,0.798605,1,1
63,Gary_Doer,Donald_Rumsfeld,swap_Gary_Doer_0001_in_Donald_Rumsfeld_0069.jpg,Gary_Doer_0001.jpg,Donald_Rumsfeld_0069.jpg,-0.005769,0,0
64,Laila_Ali,Christopher_Patten,swap_Laila_Ali_0002_in_Christopher_Patten_0001.jpg,Laila_Ali_0002.jpg,Christopher_Patten_0001.jpg,0.800696,1,1
65,Guillermo_Canas,Lee_Soo-hyuck,swap_Guillermo_Canas_0002_in_Lee_Soo-hyuck_0001.jpg,Guillermo_Canas_0002.jpg,Lee_Soo-hyuck_0001.jpg,0.639809,1,1
66,Kobe_Bryant,Wolfgang_Schuessel,swap_Kobe_Bryant_0003_in_Wolfgang_Schuessel_0001.jpg,Kobe_Bryant_0003.jpg,Wolfgang_Schuessel_0001.jpg,0.783550,1,1
67,Antonio_Banderas,Ricardo_Maduro,swap_Antonio_Banderas_0005_in_Ricardo_Maduro_0001.jpg,Antonio_Banderas_0005.jpg,Ricardo_Maduro_0001.jpg,0.064373,0,0
68,Boris_Berezovsky,Terry_Stotts,swap_Boris_Berezovsky_0001_in_Terry_Stotts_0001.jpg,Boris_Berezovsky_0001.jpg,Terry_Stotts_0001.jpg,0.748966,1,1
69,Jose_Serra,Luiz_Inacio_Lula_da_Silva,swap_Jose_Serra_0008_in_Luiz_Inacio_Lula_da_Silva_0014.jpg,Jose_Serra_0008.jpg,Luiz_Inacio_Lula_da_Silva_0014.jpg,0.815194,1,1
70,Jorge_Batlle,Art_Hoffmann,swap_Jorge_Batlle_0001_in_Art_Hoffmann_0002.jpg,Jorge_Batlle_0001.jpg,Art_Hoffmann_0002.jpg,0.615269,1,1
71,Abdullah,John_Stockton,swap_Abdullah_0003_in_John_Stockton_0004.jpg,Abdullah_0003.jpg,John_Stockton_0004.jpg,0.823753,1,1
72,Hamid_Karzai,Karin_Stoiber,swap_Hamid_Karzai_0018_in_Karin_Stoiber_0002.jpg,Hamid_Karzai_0018.jpg,Karin_Stoiber_0002.jpg,0.717691,1,1
73,Courtney_Love,Don_Siegelman,swap_Courtney_Love_0002_in_Don_Siegelman_0002.jpg,Courtney_Love_0002.jpg,Don_Siegelman_0002.jpg,0.721393,1,1
74,Arsinee_Khanjian,Nebojsa_Pavkovic,swap_Arsinee_Khanjian_0001_in_Nebojsa_Pavkovic_0002.jpg,Arsinee_Khanjian_0001.jpg,Nebojsa_Pavkovic_0002.jpg,0.640646,1,1
75,Arnoldo_Aleman,Anthony_LaPaglia,swap_Arnoldo_Aleman_0005_in_Anthony_LaPaglia_0002.jpg,Arnoldo_Aleman_0005.jpg,Anthony_LaPaglia_0002.jpg,0.767098,1,1
76,Marina_Anissina,Melissa_Etheridge,swap_Marina_Anissina_0001_in_Melissa_Etheridge_0001.jpg,Marina_Anissina_0001.jpg,Melissa_Etheridge_0001.jpg,-0.002120,0,0
77,Mark_Heller,Bill_McBride,swap_Mark_Heller_0001_in_Bill_McBride_0002.jpg,Mark_Heller_0001.jpg,Bill_McBride_0002.jpg,0.768359,1,1
78,Oscar_Elias_Biscet,Bashar_Assad,swap_Oscar_Elias_Biscet_0001_in_Bashar_Assad_0004.jpg,Oscar_Elias_Biscet_0001.jpg,Bashar_Assad_0004.jpg,0.736940,1,1
79,Catherine_Deneuve,Nadia_Petrova,swap_Catherine_Deneuve_0002_in_Nadia_Petrova_0005.jpg,Catherine_Deneuve_0002.jpg,Nadia_Petrova_0005.jpg,0.745202,1,1
80,Oscar_De_La_Hoya,Andrew_Cuomo,swap_Oscar_De_La_Hoya_0005_in_Andrew_Cuomo_0001.jpg,Oscar_De_La_Hoya_0005.jpg,Andrew_Cuomo_0001.jpg,0.805247,1,1
81,Justin_Guarini,Richard_Krajicek,swap_Justin_Guarini_0003_in_Richard_Krajicek_0003.jpg,Justin_Guarini_0003.jpg,Richard_Krajicek_0003.jpg,0.706834,1,1
82,Mary_Tyler_Moore,Ismail_Merchant,swap_Mary_Tyler_Moore_0002_in_Ismail_Merchant_0001.jpg,Mary_Tyler_Moore_0002.jpg,Ismail_Merchant_0001.jpg,0.774026,1,1
83,Rob_Schneider,Sebastien_Grosjean,swap_Rob_Schneider_0002_in_Sebastien_Grosjean_0002.jpg,Rob_Schneider_0002.jpg,Sebastien_Grosjean_0002.jpg,0.793934,1,1
84,Gilberto_Rodriguez_Orejuela,Johnny_Unitas,swap_Gilberto_Rodriguez_Orejuela_0002_in_Johnny_Unitas_0002.jpg,Gilberto_Rodriguez_Orejuela_0002.jpg,Johnny_Unitas_0002.jpg,0.812888,1,1
85,Lauren_Killian,Ismail_Merchant,swap_Lauren_Killian_0001_in_Ismail_Merchant_0001.jpg,Lauren_Killian_0001.jpg,Ismail_Merchant_0001.jpg,0.710737,1,1
86,Laurent_Jalabert,Pete_Rose,swap_Laurent_Jalabert_0001_in_Pete_Rose_0001.jpg,Laurent_Jalabert_0001.jpg,Pete_Rose_0001.jpg,0.721790,1,1
87,Michael_Keaton,Elvis_Presley,swap_Michael_Keaton_0002_in_Elvis_Presley_0001.jpg,Michael_Keaton_0002.jpg,Elvis_Presley_0001.jpg,0.706659,1,1
88,Jefferson_Perez,Begum_Khaleda_Zia,swap_Jefferson_Perez_0001_in_Begum_Khaleda_Zia_0002.jpg,Jefferson_Perez_0001.jpg,Begum_Khaleda_Zia_0002.jpg,0.742854,1,1
89,Halle_Berry,Daisy_Fuentes,swap_Halle_Berry_0015_in_Daisy_Fuentes_0003.jpg,Halle_Berry_0015.jpg,Daisy_Fuentes_0003.jpg,0.815299,1,1
90,Paul_McNulty,Win_Aung,swap_Paul_McNulty_0001_in_Win_Aung_0003.jpg,Paul_McNulty_0001.jpg,Win_Aung_0003.jpg,0.738458,1,1
91,Rick_Romley,Butch_Davis,swap_Rick_Romley_0001_in_Butch_Davis_0002.jpg,Rick_Romley_0001.jpg,Butch_Davis_0002.jpg,0.789188,1,1
92,Carol_Moseley_Braun,Carl_Reiner,swap_Carol_Moseley_Braun_0001_in_Carl_Reiner_0002.jpg,Carol_Moseley_Braun_0001.jpg,Carl_Reiner_0002.jpg,0.766736,1,1
93,Guy_Ritchie,Patrick_Roy,swap_Guy_Ritchie_0001_in_Patrick_Roy_0002.jpg,Guy_Ritchie_0001.jpg,Patrick_Roy_0002.jpg,0.805123,1,1
94,Edward_Norton,Roh_Moo-hyun,swap_Edward_Norton_0002_in_Roh_Moo-hyun_0032.jpg,Edward_Norton_0002.jpg,Roh_Moo-hyun_0032.jpg,0.852640,1,1
95,Gene_Robinson,Antonio_Palocci,swap_Gene_Robinson_0001_in_Antonio_Palocci_0007.jpg,Gene_Robinson_0001.jpg,Antonio_Palocci_0007.jpg,0.762820,1,1
96,Gregory_Hines,Angelo_Reyes,swap_Gregory_Hines_0001_in_Angelo_Reyes_0003.jpg,Gregory_Hines_0001.jpg,Angelo_Reyes_0003.jpg,0.821370,1,1
97,Tom_Ridge,Chen_Liang_Yu,swap_Tom_Ridge_0017_in_Chen_Liang_Yu_0001.jpg,Tom_Ridge_0017.jpg,Chen_Liang_Yu_0001.jpg,0.797215,1,1
98,Steven_Seagal,Kirk_Johnson,swap_Steven_Seagal_0002_in_Kirk_Johnson_0003.jpg,Steven_Seagal_0002.jpg,Kirk_Johnson_0003.jpg,0.804430,1,1
99,Ahmed_Chalabi,Carlos_Ortega,swap_Ahmed_Chalabi_0001_in_Carlos_Ortega_0003.jpg,Ahmed_Chalabi_0001.jpg,Carlos_Ortega_0003.jpg,0.804005,1,1
100,Clint_Eastwood,Michelle_Pfeiffer,swap_Clint_Eastwood_0001_in_Michelle_Pfeiffer_0002.jpg,Clint_Eastwood_0001.jpg,Michelle_Pfeiffer_0002.jpg,0.483475,1,0
101,Nicholas_Byron,Mike_Myers,swap_Nicholas_Byron_0001_in_Mike_Myers_0004.jpg,Nicholas_Byron_0001.jpg,Mike_Myers_0004.jpg,0.747753,1,1
102,Charles_Moose,Andy_Roddick,swap_Charles_Moose_0005_in_Andy_Roddick_0006.jpg,Charles_Moose_0005.jpg,Andy_Roddick_0006.jpg,0.804788,1,1
103,Vladimir_Voltchkov,Andrew_Cuomo,swap_Vladimir_Voltchkov_0002_in_Andrew_Cuomo_0001.jpg,Vladimir_Voltchkov_0002.jpg,Andrew_Cuomo_0001.jpg,0.672682,1,1
104,Roberto_Marinho,Gary_Locke,swap_Roberto_Marinho_0003_in_Gary_Locke_0001.jpg,Roberto_Marinho_0003.jpg,Gary_Locke_0001.jpg,0.705663,1,1
105,Jennifer_Keller,Trent_Lott,swap_Jennifer_Keller_0004_in_Trent_Lott_0005.jpg,Jennifer_Keller_0004.jpg,Trent_Lott_0005.jpg,0.739615,1,1
106,Francisco_Flores,Darrell_Issa,swap_Francisco_Flores_0002_in_Darrell_Issa_0002.jpg,Francisco_Flores_0002.jpg,Darrell_Issa_0002.jpg,0.732704,1,1
107,Alexandra_Stevenson,Dennis_Powell,swap_Alexandra_Stevenson_0003_in_Dennis_Powell_0002.jpg,Alexandra_Stevenson_0003.jpg,Dennis_Powell_0002.jpg,0.684367,1,1
108,Tyra_Banks,Juan_Pablo_Montoya,swap_Tyra_Banks_0001_in_Juan_Pablo_Montoya_0005.jpg,Tyra_Banks_0001.jpg,Juan_Pablo_Montoya_0005.jpg,0.689178,1,1
109,Damon_van_Dam,Vanessa_Redgrave,swap_Damon_van_Dam_0001_in_Vanessa_Redgrave_0004.jpg,Damon_van_Dam_0001.jpg,Vanessa_Redgrave_0004.jpg,0.803300,1,1
110,Andrei_Mikhnevich,Li_Zhaoxing,swap_Andrei_Mikhnevich_0001_in_Li_Zhaoxing_0004.jpg,Andrei_Mikhnevich_0001.jpg,Li_Zhaoxing_0004.jpg,0.760286,1,1
111,Zafarullah_Khan_Jamali,Lea_Fastow,swap_Zafarullah_Khan_Jamali_0002_in_Lea_Fastow_0002.jpg,Zafarullah_Khan_Jamali_0002.jpg,Lea_Fastow_0002.jpg,0.652233,1,1
112,Vladimir_Putin,Faye_Dunaway,swap_Vladimir_Putin_0015_in_Faye_Dunaway_0001.jpg,Vladimir_Putin_0015.jpg,Faye_Dunaway_0001.jpg,0.782116,1,1
113,Richard_Virenque,Doris_Roberts,swap_Richard_Virenque_0007_in_Doris_Roberts_0002.jpg,Richard_Virenque_0007.jpg,Doris_Roberts_0002.jpg,0.659016,1,1
114,Guillermo_Canas,Ben_Curtis,swap_Guillermo_Canas_0003_in_Ben_Curtis_0002.jpg,Guillermo_Canas_0003.jpg,Ben_Curtis_0002.jpg,0.693502,1,1
115,Rafael_Ramirez,Mark_Richt,swap_Rafael_Ramirez_0004_in_Mark_Richt_0003.jpg,Rafael_Ramirez_0004.jpg,Mark_Richt_0003.jpg,0.806637,1,1
116,Michael_J_Sheehan,James_Wolfensohn,swap_Michael_J_Sheehan_0001_in_James_Wolfensohn_0001.jpg,Michael_J_Sheehan_0001.jpg,James_Wolfensohn_0001.jpg,0.711955,1,1
117,Geraldine_Chaplin,Dennis_Kozlowski,swap_Geraldine_Chaplin_0003_in_Dennis_Kozlowski_0001.jpg,Geraldine_Chaplin_0003.jpg,Dennis_Kozlowski_0001.jpg,0.659637,1,1
118,Carlo_Ancelotti,Oxana_Fedorova,swap_Carlo_Ancelotti_0002_in_Oxana_Fedorova_0003.jpg,Carlo_Ancelotti_0002.jpg,Oxana_Fedorova_0003.jpg,0.765161,1,1
119,Silvio_Fernandez,Valery_Giscard_dEstaing,swap_Silvio_Fernandez_0002_in_Valery_Giscard_dEstaing_0004.jpg,Silvio_Fernandez_0002.jpg,Valery_Giscard_dEstaing_0004.jpg,0.683207,1,1
120,Patty_Schnyder,Markus_Naslund,swap_Patty_Schnyder_0001_in_Markus_Naslund_0002.jpg,Patty_Schnyder_0001.jpg,Markus_Naslund_0002.jpg,0.718555,1,1
121,Natalie_Cole,Donald_Evans,swap_Natalie_Cole_0002_in_Donald_Evans_0001.jpg,Natalie_Cole_0002.jpg,Donald_Evans_0001.jpg,0.779755,1,1
122,Sarah_Jessica_Parker,Kifah_Ajouri,swap_Sarah_Jessica_Parker_0001_in_Kifah_Ajouri_0001.jpg,Sarah_Jessica_Parker_0001.jpg,Kifah_Ajouri_0001.jpg,0.813583,1,1
123,Jim_Edmonds,Ken_Macha,swap_Jim_Edmonds_0001_in_Ken_Macha_0003.jpg,Jim_Edmonds_0001.jpg,Ken_Macha_0003.jpg,0.782228,1,1
124,James_Smith,Peter_Costello,swap_James_Smith_0002_in_Peter_Costello_0001.jpg,James_Smith_0002.jpg,Peter_Costello_0001.jpg,0.743671,1,1
125,Shane_Warne,Hilary_Duff,swap_Shane_Warne_0002_in_Hilary_Duff_0003.jpg,Shane_Warne_0002.jpg,Hilary_Duff_0003.jpg,0.631790,1,1
126,Joseph_Blatter,James_Jones,swap_Joseph_Blatter_0002_in_James_Jones_0002.jpg,Joseph_Blatter_0002.jpg,James_Jones_0002.jpg,0.800615,1,1
127,Mike_Weir,Charles_Mathews,swap_Mike_Weir_0004_in_Charles_Mathews_0002.jpg,Mike_Weir_0004.jpg,Charles_Mathews_0002.jpg,0.737875,1,1
128,Rick_Wagoner,John_F_Kennedy_Jr,swap_Rick_Wagoner_0001_in_John_F_Kennedy_Jr_0002.jpg,Rick_Wagoner_0001.jpg,John_F_Kennedy_Jr_0002.jpg,0.726177,1,1
129,Jose_Sarney,Miguel_Estrada,swap_Jose_Sarney_0001_in_Miguel_Estrada_0002.jpg,Jose_Sarney_0001.jpg,Miguel_Estrada_0002.jpg,0.779971,1,1
130,Hannah_Stockbauer,Elizabeth_Smart,swap_Hannah_Stockbauer_0002_in_Elizabeth_Smart_0005.jpg,Hannah_Stockbauer_0002.jpg,Elizabeth_Smart_0005.jpg,0.773744,1,1
131,Paul-Henri_Mathieu,Richard_Branson,swap_Paul-Henri_Mathieu_0002_in_Richard_Branson_0002.jpg,Paul-Henri_Mathieu_0002.jpg,Richard_Branson_0002.jpg,0.778652,1,1
132,Kirk_Johnson,Kjell_Magne_Bondevik,swap_Kirk_Johnson_0003_in_Kjell_Magne_Bondevik_0001.jpg,Kirk_Johnson_0003.jpg,Kjell_Magne_Bondevik_0001.jpg,0.786970,1,1
133,Mark_Warner,Lindsay_Benko,swap_Mark_Warner_0001_in_Lindsay_Benko_0001.jpg,Mark_Warner_0001.jpg,Lindsay_Benko_0001.jpg,0.792875,1,1
134,Hal_Gehman,Martin_Cauchon,swap_Hal_Gehman_0005_in_Martin_Cauchon_0002.jpg,Hal_Gehman_0005.jpg,Martin_Cauchon_0002.jpg,0.690384,1,1
135,Boris_Berezovsky,Zhu_Rongji,swap_Boris_Berezovsky_0001_in_Zhu_Rongji_0005.jpg,Boris_Berezovsky_0001.jpg,Zhu_Rongji_0005.jpg,0.753780,1,1
136,Evan_Rachel_Wood,William_Rehnquist,swap_Evan_Rachel_Wood_0001_in_William_Rehnquist_0001.jpg,Evan_Rachel_Wood_0001.jpg,William_Rehnquist_0001.jpg,0.680047,1,1
137,Alexandra_Stevenson,Anna_Nicole_Smith,swap_Alexandra_Stevenson_0001_in_Anna_Nicole_Smith_0002.jpg,Alexandra_Stevenson_0001.jpg,Anna_Nicole_Smith_0002.jpg,0.725809,1,1
138,Paul_McCartney,Tom_Daschle,swap_Paul_McCartney_0001_in_Tom_Daschle_0015.jpg,Paul_McCartney_0001.jpg,Tom_Daschle_0015.jpg,0.817653,1,1
139,Judy_Genshaft,Pierre_Boulanger,swap_Judy_Genshaft_0001_in_Pierre_Boulanger_0002.jpg,Judy_Genshaft_0001.jpg,Pierre_Boulanger_0002.jpg,0.836954,1,1
140,Marc-Andre_Fleury,Jong_Thae_Hwa,swap_Marc-Andre_Fleury_0001_in_Jong_Thae_Hwa_0001.jpg,Marc-Andre_Fleury_0001.jpg,Jong_Thae_Hwa_0001.jpg,-0.080895,0,0
141,Richard_Gephardt,Rolandas_Paksas,swap_Richard_Gephardt_0001_in_Rolandas_Paksas_0001.jpg,Richard_Gephardt_0001.jpg,Rolandas_Paksas_0001.jpg,0.783214,1,1
142,Toshihiko_Fukui,Katherine_Harris,swap_Toshihiko_Fukui_0001_in_Katherine_Harris_0002.jpg,Toshihiko_Fukui_0001.jpg,Katherine_Harris_0002.jpg,0.792086,1,1
143,William_Donaldson,Rupert_Murdoch,swap_William_Donaldson_0005_in_Rupert_Murdoch_0002.jpg,William_Donaldson_0005.jpg,Rupert_Murdoch_0002.jpg,0.776383,1,1
144,Anthony_LaPaglia,Milo_Djukanovic,swap_Anthony_LaPaglia_0001_in_Milo_Djukanovic_0001.jpg,Anthony_LaPaglia_0001.jpg,Milo_Djukanovic_0001.jpg,0.764700,1,1
145,Laura_Linney,Chok_Tong_Goh,swap_Laura_Linney_0004_in_Chok_Tong_Goh_0002.jpg,Laura_Linney_0004.jpg,Chok_Tong_Goh_0002.jpg,0.709972,1,1
146,Theo_Epstein,Klaus_Zwickel,swap_Theo_Epstein_0002_in_Klaus_Zwickel_0002.jpg,Theo_Epstein_0002.jpg,Klaus_Zwickel_0002.jpg,0.805612,1,1
147,Dale_Earnhardt_Jr,Surakait_Sathirathai,swap_Dale_Earnhardt_Jr_0004_in_Surakait_Sathirathai_0002.jpg,Dale_Earnhardt_Jr_0004.jpg,Surakait_Sathirathai_0002.jpg,0.754291,1,1
148,George_Tenet,Ted_Maher,swap_George_Tenet_0001_in_Ted_Maher_0002.jpg,George_Tenet_0001.jpg,Ted_Maher_0002.jpg,0.785864,1,1
149,Tom_Brady,Tony_Stewart,swap_Tom_Brady_0002_in_Tony_Stewart_0006.jpg,Tom_Brady_0002.jpg,Tony_Stewart_0006.jpg,0.685676,1,1
150,Frank_Lautenberg,Greg_Owen,swap_Frank_Lautenberg_0002_in_Greg_Owen_0001.jpg,Frank_Lautenberg_0002.jpg,Greg_Owen_0001.jpg,0.790396,1,1
151,Sean_Hayes,Hamzah_Haz,swap_Sean_Hayes_0001_in_Hamzah_Haz_0002.jpg,Sean_Hayes_0001.jpg,Hamzah_Haz_0002.jpg,0.815929,1,1
152,Janet_Thorpe,Jackie_Chan,swap_Janet_Thorpe_0001_in_Jackie_Chan_0003.jpg,Janet_Thorpe_0001.jpg,Jackie_Chan_0003.jpg,0.757866,1,1
153,Colin_Montgomerie,Fernando_Henrique_Cardoso,swap_Colin_Montgomerie_0004_in_Fernando_Henrique_Cardoso_0003.jpg,Colin_Montgomerie_0004.jpg,Fernando_Henrique_Cardoso_0003.jpg,0.752966,1,1
154,Sammy_Sosa,Emile_Lahoud,swap_Sammy_Sosa_0001_in_Emile_Lahoud_0002.jpg,Sammy_Sosa_0001.jpg,Emile_Lahoud_0002.jpg,0.616575,1,1
155,Jose_Viegas_Filho,James_Traficant,swap_Jose_Viegas_Filho_0002_in_James_Traficant_0002.jpg,Jose_Viegas_Filho_0002.jpg,James_Traficant_0002.jpg,0.001037,0,0
156,Atal_Bihari_Vajpayee,Elijah_Wood,swap_Atal_Bihari_Vajpayee_0014_in_Elijah_Wood_0002.jpg,Atal_Bihari_Vajpayee_0014.jpg,Elijah_Wood_0002.jpg,0.776628,1,1
157,Tom_Harkin,Nicolas_Escude,swap_Tom_Harkin_0001_in_Nicolas_Escude_0002.jpg,Tom_Harkin_0001.jpg,Nicolas_Escude_0002.jpg,0.722585,1,1
158,Lisa_Marie_Presley,Adel_Al-Jubeir,swap_Lisa_Marie_Presley_0003_in_Adel_Al-Jubeir_0002.jpg,Lisa_Marie_Presley_0003.jpg,Adel_Al-Jubeir_0002.jpg,0.769555,1,1
159,Terry_Stotts,John_Stallworth,swap_Terry_Stotts_0002_in_John_Stallworth_0001.jpg,Terry_Stotts_0002.jpg,John_Stallworth_0001.jpg,0.673884,1,1
160,Lynne_Cheney,Erik_Morales,swap_Lynne_Cheney_0002_in_Erik_Morales_0002.jpg,Lynne_Cheney_0002.jpg,Erik_Morales_0002.jpg,0.692717,1,1
161,Luiz_Inacio_Lula_da_Silva,Allen_Iverson,swap_Luiz_Inacio_Lula_da_Silva_0025_in_Allen_Iverson_0002.jpg,Luiz_Inacio_Lula_da_Silva_0025.jpg,Allen_Iverson_0002.jpg,0.728883,1,1
162,Rob_Lowe,Robert_Stack,swap_Rob_Lowe_0004_in_Robert_Stack_0001.jpg,Rob_Lowe_0004.jpg,Robert_Stack_0001.jpg,0.749583,1,1
163,Lesley_McCulloch,Charles_Moose,swap_Lesley_McCulloch_0003_in_Charles_Moose_0009.jpg,Lesley_McCulloch_0003.jpg,Charles_Moose_0009.jpg,0.780529,1,1
164,Alice_Fisher,John_Wolf,swap_Alice_Fisher_0001_in_John_Wolf_0001.jpg,Alice_Fisher_0001.jpg,John_Wolf_0001.jpg,0.740758,1,1
165,Ralf_Schumacher,Keira_Knightley,swap_Ralf_Schumacher_0003_in_Keira_Knightley_0002.jpg,Ralf_Schumacher_0003.jpg,Keira_Knightley_0002.jpg,0.727948,1,1
166,Dexter_Jackson,Anthony_LaPaglia,swap_Dexter_Jackson_0002_in_Anthony_LaPaglia_0002.jpg,Dexter_Jackson_0002.jpg,Anthony_LaPaglia_0002.jpg,0.631653,1,1
167,James_Kopp,Ellen_Engleman,swap_James_Kopp_0004_in_Ellen_Engleman_0002.jpg,James_Kopp_0004.jpg,Ellen_Engleman_0002.jpg,0.757371,1,1
168,Jason_Kidd,Tim_Allen,swap_Jason_Kidd_0007_in_Tim_Allen_0003.jpg,Jason_Kidd_0007.jpg,Tim_Allen_0003.jpg,0.747061,1,1
169,Terje_Roed-Larsen,Kalpana_Chawla,swap_Terje_Roed-Larsen_0002_in_Kalpana_Chawla_0001.jpg,Terje_Roed-Larsen_0002.jpg,Kalpana_Chawla_0001.jpg,0.782311,1,1
170,Li_Zhaoxing,Alec_Baldwin,swap_Li_Zhaoxing_0001_in_Alec_Baldwin_0003.jpg,Li_Zhaoxing_0001.jpg,Alec_Baldwin_0003.jpg,0.640856,1,1
171,Eva_Dimas,Reggie_Miller,swap_Eva_Dimas_0001_in_Reggie_Miller_0001.jpg,Eva_Dimas_0001.jpg,Reggie_Miller_0001.jpg,0.733126,1,1
172,Thabo_Mbeki,Alvaro_Silva_Calderon,swap_Thabo_Mbeki_0002_in_Alvaro_Silva_Calderon_0002.jpg,Thabo_Mbeki_0002.jpg,Alvaro_Silva_Calderon_0002.jpg,0.043556,0,0
173,Alejandro_Avila,Pete_Rose,swap_Alejandro_Avila_0001_in_Pete_Rose_0001.jpg,Alejandro_Avila_0001.jpg,Pete_Rose_0001.jpg,0.798423,1,1
174,Charles_Grassley,Lindsay_Benko,swap_Charles_Grassley_0001_in_Lindsay_Benko_0001.jpg,Charles_Grassley_0001.jpg,Lindsay_Benko_0001.jpg,0.744332,1,1
175,Lenny_Wilkens,Saburo_Kawabuchi,swap_Lenny_Wilkens_0002_in_Saburo_Kawabuchi_0002.jpg,Lenny_Wilkens_0002.jpg,Saburo_Kawabuchi_0002.jpg,0.733654,1,1
176,David_Dodge,Patti_Labelle,swap_David_Dodge_0001_in_Patti_Labelle_0001.jpg,David_Dodge_0001.jpg,Patti_Labelle_0001.jpg,0.744144,1,1
177,Igor_Ivanov,Carla_Myers,swap_Igor_Ivanov_0019_in_Carla_Myers_0001.jpg,Igor_Ivanov_0019.jpg,Carla_Myers_0001.jpg,0.793461,1,1
178,Ilan_Ramon,Nastassia_Kinski,swap_Ilan_Ramon_0003_in_Nastassia_Kinski_0002.jpg,Ilan_Ramon_0003.jpg,Nastassia_Kinski_0002.jpg,0.758300,1,1
179,Jolanta_Kwasniewski,Sean_Penn,swap_Jolanta_Kwasniewski_0001_in_Sean_Penn_0001.jpg,Jolanta_Kwasniewski_0001.jpg,Sean_Penn_0001.jpg,0.786253,1,1
180,Omar_Sharif,Ronald_Reagan,swap_Omar_Sharif_0002_in_Ronald_Reagan_0001.jpg,Omar_Sharif_0002.jpg,Ronald_Reagan_0001.jpg,0.786798,1,1
181,Russell_Crowe,Tommy_Haas,swap_Russell_Crowe_0002_in_Tommy_Haas_0006.jpg,Russell_Crowe_0002.jpg,Tommy_Haas_0006.jpg,0.698912,1,1
182,Pascal_Quignard,William_Macy,swap_Pascal_Quignard_0001_in_William_Macy_0005.jpg,Pascal_Quignard_0001.jpg,William_Macy_0005.jpg,0.764423,1,1
183,Tyra_Banks,Andy_Hebb,swap_Tyra_Banks_0002_in_Andy_Hebb_0002.jpg,Tyra_Banks_0002.jpg,Andy_Hebb_0002.jpg,0.749887,1,1
184,Rick_Carlisle,Jodie_Foster,swap_Rick_Carlisle_0001_in_Jodie_Foster_0003.jpg,Rick_Carlisle_0001.jpg,Jodie_Foster_0003.jpg,0.767686,1,1
185,Raymond_Odierno,Jayson_Williams,swap_Raymond_Odierno_0001_in_Jayson_Williams_0002.jpg,Raymond_Odierno_0001.jpg,Jayson_Williams_0002.jpg,0.773808,1,1
186,Magdalena_Maleeva,Camilla_Parker_Bowles,swap_Magdalena_Maleeva_0002_in_Camilla_Parker_Bowles_0002.jpg,Magdalena_Maleeva_0002.jpg,Camilla_Parker_Bowles_0002.jpg,0.752561,1,1
187,Princess_Caroline,LeBron_James,swap_Princess_Caroline_0002_in_LeBron_James_0004.jpg,Princess_Caroline_0002.jpg,LeBron_James_0004.jpg,0.682665,1,1
188,Demetrius_Ferraciu,Stanley_Tong,swap_Demetrius_Ferraciu_0002_in_Stanley_Tong_0002.jpg,Demetrius_Ferraciu_0002.jpg,Stanley_Tong_0002.jpg,0.799893,1,1
189,Lenny_Wilkens,Kieran_Prendergast,swap_Lenny_Wilkens_0003_in_Kieran_Prendergast_0002.jpg,Lenny_Wilkens_0003.jpg,Kieran_Prendergast_0002.jpg,0.739313,1,1
190,James_Blake,Gabriel_Batistuta,swap_James_Blake_0014_in_Gabriel_Batistuta_0001.jpg,James_Blake_0014.jpg,Gabriel_Batistuta_0001.jpg,0.719937,1,1
191,Guillermo_Coria,Larry_Brown,swap_Guillermo_Coria_0008_in_Larry_Brown_0007.jpg,Guillermo_Coria_0008.jpg,Larry_Brown_0007.jpg,0.784633,1,1
192,Lennox_Lewis,Nadine_Vinzens,swap_Lennox_Lewis_0003_in_Nadine_Vinzens_0002.jpg,Lennox_Lewis_0003.jpg,Nadine_Vinzens_0002.jpg,0.660279,1,1
193,Janica_Kostelic,Alison_Lohman,swap_Janica_Kostelic_0002_in_Alison_Lohman_0002.jpg,Janica_Kostelic_0002.jpg,Alison_Lohman_0002.jpg,0.011812,0,0
194,Dexter_Jackson,Lynn_Redgrave,swap_Dexter_Jackson_0001_in_Lynn_Redgrave_0002.jpg,Dexter_Jackson_0001.jpg,Lynn_Redgrave_0002.jpg,0.718945,1,1
195,Walter_Mondale,George_Ryan,swap_Walter_Mondale_0006_in_George_Ryan_0003.jpg,Walter_Mondale_0006.jpg,George_Ryan_0003.jpg,0.650595,1,1
196,Owen_Wilson,Saeb_Erekat,swap_Owen_Wilson_0002_in_Saeb_Erekat_0001.jpg,Owen_Wilson_0002.jpg,Saeb_Erekat_0001.jpg,0.599192,1,0
197,Martin_McGuinness,Donald_Pettit,swap_Martin_McGuinness_0001_in_Donald_Pettit_0001.jpg,Martin_McGuinness_0001.jpg,Donald_Pettit_0001.jpg,0.775343,1,1
198,Shane_Warne,Jose_Serra,swap_Shane_Warne_0002_in_Jose_Serra_0009.jpg,Shane_Warne_0002.jpg,Jose_Serra_0009.jpg,0.749826,1,1
199,Thomas_Fargo,Franko_Simatovic,swap_Thomas_Fargo_0004_in_Franko_Simatovic_0002.jpg,Thomas_Fargo_0004.jpg,Franko_Simatovic_0002.jpg,0.815852,1,1
200,LK_Advani,Vince_Gill,swap_LK_Advani_0001_in_Vince_Gill_0001.jpg,LK_Advani_0001.jpg,Vince_Gill_0001.jpg,-0.094944,0,0
201,Hector_Babenco,Ernesto_Zedillo,swap_Hector_Babenco_0002_in_Ernesto_Zedillo_0001.jpg,Hector_Babenco_0002.jpg,Ernesto_Zedillo_0001.jpg,0.770500,1,1
202,Howard_Smith,Rick_Santorum,swap_Howard_Smith_0002_in_Rick_Santorum_0002.jpg,Howard_Smith_0002.jpg,Rick_Santorum_0002.jpg,0.729831,1,1
203,Mike_Scioscia,Melissa_Etheridge,swap_Mike_Scioscia_0002_in_Melissa_Etheridge_0002.jpg,Mike_Scioscia_0002.jpg,Melissa_Etheridge_0002.jpg,0.062403,0,0
204,Susilo_Bambang_Yudhoyono,Mike_Krzyzewski,swap_Susilo_Bambang_Yudhoyono_0003_in_Mike_Krzyzewski_0003.jpg,Susilo_Bambang_Yudhoyono_0003.jpg,Mike_Krzyzewski_0003.jpg,0.781641,1,1
205,Sally_Ride,Larry_Thompson,swap_Sally_Ride_0002_in_Larry_Thompson_0003.jpg,Sally_Ride_0002.jpg,Larry_Thompson_0003.jpg,0.790806,1,1
206,Gene_Robinson,Fernando_Gonzalez,swap_Gene_Robinson_0001_in_Fernando_Gonzalez_0004.jpg,Gene_Robinson_0001.jpg,Fernando_Gonzalez_0004.jpg,0.745208,1,1
207,Ishaq_Shahryar,Cate_Blanchett,swap_Ishaq_Shahryar_0001_in_Cate_Blanchett_0002.jpg,Ishaq_Shahryar_0001.jpg,Cate_Blanchett_0002.jpg,0.077339,0,0
208,Emmit_Smith,Steve_Mariucci,swap_Emmit_Smith_0002_in_Steve_Mariucci_0002.jpg,Emmit_Smith_0002.jpg,Steve_Mariucci_0002.jpg,0.686832,1,1
209,Sheila_Fraser,Nursultan_Nazarbayev,swap_Sheila_Fraser_0002_in_Nursultan_Nazarbayev_0001.jpg,Sheila_Fraser_0002.jpg,Nursultan_Nazarbayev_0001.jpg,0.741351,1,1
210,Dorthy_Moxley,Heinz_Feldmann,swap_Dorthy_Moxley_0001_in_Heinz_Feldmann_0002.jpg,Dorthy_Moxley_0001.jpg,Heinz_Feldmann_0002.jpg,0.779046,1,1
211,Dennis_Powell,Hisao_Oguchi,swap_Dennis_Powell_0001_in_Hisao_Oguchi_0001.jpg,Dennis_Powell_0001.jpg,Hisao_Oguchi_0001.jpg,0.799430,1,1
212,Greg_Ostertag,Anna_Kournikova,swap_Greg_Ostertag_0001_in_Anna_Kournikova_0009.jpg,Greg_Ostertag_0001.jpg,Anna_Kournikova_0009.jpg,0.696627,1,1
213,Hassan_Wirajuda,Russell_Simmons,swap_Hassan_Wirajuda_0001_in_Russell_Simmons_0004.jpg,Hassan_Wirajuda_0001.jpg,Russell_Simmons_0004.jpg,0.804038,1,1
214,Bud_Selig,Akhmed_Zakayev,swap_Bud_Selig_0003_in_Akhmed_Zakayev_0002.jpg,Bud_Selig_0003.jpg,Akhmed_Zakayev_0002.jpg,0.693528,1,1
215,Lleyton_Hewitt,King_Abdullah_II,swap_Lleyton_Hewitt_0022_in_King_Abdullah_II_0002.jpg,Lleyton_Hewitt_0022.jpg,King_Abdullah_II_0002.jpg,0.738960,1,1
216,Antonio_Trillanes,George_Brumley,swap_Antonio_Trillanes_0002_in_George_Brumley_0001.jpg,Antonio_Trillanes_0002.jpg,George_Brumley_0001.jpg,0.693135,1,1
217,Barbara_Brezigar,Jorge_Arce,swap_Barbara_Brezigar_0002_in_Jorge_Arce_0001.jpg,Barbara_Brezigar_0002.jpg,Jorge_Arce_0001.jpg,0.678499,1,1
218,Natalie_Coughlin,Pierre_Boulanger,swap_Natalie_Coughlin_0006_in_Pierre_Boulanger_0001.jpg,Natalie_Coughlin_0006.jpg,Pierre_Boulanger_0001.jpg,0.793881,1,1
219,Conan_OBrien,Clint_Eastwood,swap_Conan_OBrien_0003_in_Clint_Eastwood_0001.jpg,Conan_OBrien_0003.jpg,Clint_Eastwood_0001.jpg,0.735081,1,1
220,Gary_Carter,Carson_Daly,swap_Gary_Carter_0003_in_Carson_Daly_0002.jpg,Gary_Carter_0003.jpg,Carson_Daly_0002.jpg,0.720002,1,1
221,Patty_Schnyder,Owen_Wilson,swap_Patty_Schnyder_0002_in_Owen_Wilson_0002.jpg,Patty_Schnyder_0002.jpg,Owen_Wilson_0002.jpg,0.685975,1,1
222,Larry_Bowa,Klaus_Zwickel,swap_Larry_Bowa_0002_in_Klaus_Zwickel_0002.jpg,Larry_Bowa_0002.jpg,Klaus_Zwickel_0002.jpg,0.751089,1,1
223,Howard_Dean,Munir_Akram,swap_Howard_Dean_0010_in_Munir_Akram_0001.jpg,Howard_Dean_0010.jpg,Munir_Akram_0001.jpg,0.820224,1,1
224,Paul_Hogan,Steve_Spurrier,swap_Paul_Hogan_0001_in_Steve_Spurrier_0001.jpg,Paul_Hogan_0001.jpg,Steve_Spurrier_0001.jpg,0.718673,1,1
225,Petria_Thomas,Ellen_DeGeneres,swap_Petria_Thomas_0002_in_Ellen_DeGeneres_0001.jpg,Petria_Thomas_0002.jpg,Ellen_DeGeneres_0001.jpg,0.065279,0,0
226,Cyndi_Thompson,Frank_Stallone,swap_Cyndi_Thompson_0001_in_Frank_Stallone_0001.jpg,Cyndi_Thompson_0001.jpg,Frank_Stallone_0001.jpg,0.790573,1,1
227,Cruz_Bustamante,Abdullah_Gul,swap_Cruz_Bustamante_0004_in_Abdullah_Gul_0015.jpg,Cruz_Bustamante_0004.jpg,Abdullah_Gul_0015.jpg,0.801330,1,1
228,Romano_Prodi,Osama_bin_Laden,swap_Romano_Prodi_0004_in_Osama_bin_Laden_0003.jpg,Romano_Prodi_0004.jpg,Osama_bin_Laden_0003.jpg,0.696956,1,1
229,Amanda_Bynes,Fernando_Vargas,swap_Amanda_Bynes_0003_in_Fernando_Vargas_0003.jpg,Amanda_Bynes_0003.jpg,Fernando_Vargas_0003.jpg,0.702921,1,1
230,Sally_Ride,Larry_Thompson,swap_Sally_Ride_0001_in_Larry_Thompson_0002.jpg,Sally_Ride_0001.jpg,Larry_Thompson_0002.jpg,0.812681,1,1
231,Gianna_Angelopoulos-Daskalaki,Vanessa_Williams,swap_Gianna_Angelopoulos-Daskalaki_0003_in_Vanessa_Williams_0003.jpg,Gianna_Angelopoulos-Daskalaki_0003.jpg,Vanessa_Williams_0003.jpg,0.729395,1,1
232,Rick_Carlisle,William_Donaldson,swap_Rick_Carlisle_0002_in_William_Donaldson_0004.jpg,Rick_Carlisle_0002.jpg,William_Donaldson_0004.jpg,0.769428,1,1
233,Carol_Burnett,Michelle_Collins,swap_Carol_Burnett_0001_in_Michelle_Collins_0001.jpg,Carol_Burnett_0001.jpg,Michelle_Collins_0001.jpg,0.743591,1,1
234,Gillian_Anderson,Chuck_Yeager,swap_Gillian_Anderson_0001_in_Chuck_Yeager_0001.jpg,Gillian_Anderson_0001.jpg,Chuck_Yeager_0001.jpg,0.737777,1,1
235,David_Bell,Vince_Gill,swap_David_Bell_0002_in_Vince_Gill_0002.jpg,David_Bell_0002.jpg,Vince_Gill_0002.jpg,0.818724,1,1
236,Kim_Ryong-sung,Chan_Gailey,swap_Kim_Ryong-sung_0008_in_Chan_Gailey_0003.jpg,Kim_Ryong-sung_0008.jpg,Chan_Gailey_0003.jpg,0.763069,1,1
237,Hootie_Johnson,Sachiko_Yamada,swap_Hootie_Johnson_0002_in_Sachiko_Yamada_0003.jpg,Hootie_Johnson_0002.jpg,Sachiko_Yamada_0003.jpg,0.700415,1,1
238,Mariana_Pollack,Michael_Patrick_King,swap_Mariana_Pollack_0002_in_Michael_Patrick_King_0002.jpg,Mariana_Pollack_0002.jpg,Michael_Patrick_King_0002.jpg,0.816063,1,1
239,Bill_McBride,Pamela_Anderson,swap_Bill_McBride_0001_in_Pamela_Anderson_0004.jpg,Bill_McBride_0001.jpg,Pamela_Anderson_0004.jpg,0.770762,1,1
240,Steffi_Graf,James_Blake,swap_Steffi_Graf_0005_in_James_Blake_0005.jpg,Steffi_Graf_0005.jpg,James_Blake_0005.jpg,0.797288,1,1
241,Ali_Abbas,Bobby_Robson,swap_Ali_Abbas_0001_in_Bobby_Robson_0001.jpg,Ali_Abbas_0001.jpg,Bobby_Robson_0001.jpg,0.804176,1,1
242,Tippi_Hedren,Robert_Blake,swap_Tippi_Hedren_0002_in_Robert_Blake_0001.jpg,Tippi_Hedren_0002.jpg,Robert_Blake_0001.jpg,0.801840,1,1
243,Tim_Duncan,Theresa_May,swap_Tim_Duncan_0002_in_Theresa_May_0002.jpg,Tim_Duncan_0002.jpg,Theresa_May_0002.jpg,0.695683,1,1
244,Martina_Hingis,Ricardo_Lopez_Murphy,swap_Martina_Hingis_0002_in_Ricardo_Lopez_Murphy_0002.jpg,Martina_Hingis_0002.jpg,Ricardo_Lopez_Murphy_0002.jpg,0.657715,1,1
245,Desiree_Lemosi,Nicole_Kidman,swap_Desiree_Lemosi_0002_in_Nicole_Kidman_0016.jpg,Desiree_Lemosi_0002.jpg,Nicole_Kidman_0016.jpg,0.718827,1,1
246,Bobby_Goldwater,Li_Peng,swap_Bobby_Goldwater_0002_in_Li_Peng_0007.jpg,Bobby_Goldwater_0002.jpg,Li_Peng_0007.jpg,0.789874,1,1
247,Jan_Ullrich,Jacques_Rogge,swap_Jan_Ullrich_0006_in_Jacques_Rogge_0002.jpg,Jan_Ullrich_0006.jpg,Jacques_Rogge_0002.jpg,0.684770,1,1
248,Daniel_Day-Lewis,James_Schultz,swap_Daniel_Day-Lewis_0002_in_James_Schultz_0002.jpg,Daniel_Day-Lewis_0002.jpg,James_Schultz_0002.jpg,0.780974,1,1
249,Harbhajan_Singh,Rick_Perry,swap_Harbhajan_Singh_0002_in_Rick_Perry_0005.jpg,Harbhajan_Singh_0002.jpg,Rick_Perry_0005.jpg,0.828476,1,1
250,Anastasia_Myskina,Latrell_Sprewell,swap_Anastasia_Myskina_0001_in_Latrell_Sprewell_0002.jpg,Anastasia_Myskina_0001.jpg,Latrell_Sprewell_0002.jpg,0.766495,1,1
251,Geoff_Hoon,James_Caan,swap_Geoff_Hoon_0001_in_James_Caan_0002.jpg,Geoff_Hoon_0001.jpg,James_Caan_0002.jpg,0.807710,1,1
252,Martha_Stewart,Abdel_Nasser_Assidi,swap_Martha_Stewart_0005_in_Abdel_Nasser_Assidi_0002.jpg,Martha_Stewart_0005.jpg,Abdel_Nasser_Assidi_0002.jpg,0.662792,1,1
253,Jude_Law,Ariel_Sharon,swap_Jude_Law_0001_in_Ariel_Sharon_0067.jpg,Jude_Law_0001.jpg,Ariel_Sharon_0067.jpg,0.019527,0,0
254,Jessica_Lange,Peter_Bacanovic,swap_Jessica_Lange_0002_in_Peter_Bacanovic_0002.jpg,Jessica_Lange_0002.jpg,Peter_Bacanovic_0002.jpg,0.791353,1,1
255,Thomas_Wyman,Antonio_Trillanes,swap_Thomas_Wyman_0001_in_Antonio_Trillanes_0002.jpg,Thomas_Wyman_0001.jpg,Antonio_Trillanes_0002.jpg,0.777013,1,1
256,Mike_Brey,Chen_Shui-bian,swap_Mike_Brey_0002_in_Chen_Shui-bian_0004.jpg,Mike_Brey_0002.jpg,Chen_Shui-bian_0004.jpg,0.723831,1,1
257,Ruth_Harlow,Luis_Horna,swap_Ruth_Harlow_0001_in_Luis_Horna_0001.jpg,Ruth_Harlow_0001.jpg,Luis_Horna_0001.jpg,0.661206,1,1
258,Pierre_Pettigrew,Paul_Coppin,swap_Pierre_Pettigrew_0001_in_Paul_Coppin_0001.jpg,Pierre_Pettigrew_0001.jpg,Paul_Coppin_0001.jpg,0.739325,1,1
259,Ibrahim_Jaafari,Mike_Martz,swap_Ibrahim_Jaafari_0001_in_Mike_Martz_0005.jpg,Ibrahim_Jaafari_0001.jpg,Mike_Martz_0005.jpg,0.034762,0,0
260,Joseph_Biden,Boris_Becker,swap_Joseph_Biden_0002_in_Boris_Becker_0001.jpg,Joseph_Biden_0002.jpg,Boris_Becker_0001.jpg,0.764342,1,1
261,Lee_Hoi-chang,Carolyn_Dawn_Johnson,swap_Lee_Hoi-chang_0002_in_Carolyn_Dawn_Johnson_0002.jpg,Lee_Hoi-chang_0002.jpg,Carolyn_Dawn_Johnson_0002.jpg,0.603142,1,1
262,Sepp_Blatter,Hassan_Nasrallah,swap_Sepp_Blatter_0003_in_Hassan_Nasrallah_0002.jpg,Sepp_Blatter_0003.jpg,Hassan_Nasrallah_0002.jpg,0.785051,1,1
263,Ludivine_Sagnier,Lim_Dong-won,swap_Ludivine_Sagnier_0002_in_Lim_Dong-won_0002.jpg,Ludivine_Sagnier_0002.jpg,Lim_Dong-won_0002.jpg,0.786988,1,1
264,Mike_Martz,Ciro_Gomes,swap_Mike_Martz_0004_in_Ciro_Gomes_0002.jpg,Mike_Martz_0004.jpg,Ciro_Gomes_0002.jpg,0.729537,1,1
265,Parris_Glendening,Mark_Heller,swap_Parris_Glendening_0001_in_Mark_Heller_0001.jpg,Parris_Glendening_0001.jpg,Mark_Heller_0001.jpg,0.779349,1,1
266,Gregory_Geoffroy,Tommy_Haas,swap_Gregory_Geoffroy_0002_in_Tommy_Haas_0003.jpg,Gregory_Geoffroy_0002.jpg,Tommy_Haas_0003.jpg,0.743640,1,1
267,Vanessa_Williams,Mark_Hamister,swap_Vanessa_Williams_0002_in_Mark_Hamister_0001.jpg,Vanessa_Williams_0002.jpg,Mark_Hamister_0001.jpg,0.797466,1,1
268,Gwyneth_Paltrow,Shia_LaBeouf,swap_Gwyneth_Paltrow_0003_in_Shia_LaBeouf_0002.jpg,Gwyneth_Paltrow_0003.jpg,Shia_LaBeouf_0002.jpg,0.865644,1,1
269,Clay_Aiken,Kurt_Russell,swap_Clay_Aiken_0005_in_Kurt_Russell_0002.jpg,Clay_Aiken_0005.jpg,Kurt_Russell_0002.jpg,0.807934,1,1
270,Jean-Sebastien_Giguere,Jamling_Norgay,swap_Jean-Sebastien_Giguere_0002_in_Jamling_Norgay_0002.jpg,Jean-Sebastien_Giguere_0002.jpg,Jamling_Norgay_0002.jpg,0.736227,1,1
271,Jake_Gyllenhaal,Dominique_de_Villepin,swap_Jake_Gyllenhaal_0002_in_Dominique_de_Villepin_0010.jpg,Jake_Gyllenhaal_0002.jpg,Dominique_de_Villepin_0010.jpg,0.792942,1,1
272,John_McCain,Flor_Montulo,swap_John_McCain_0007_in_Flor_Montulo_0002.jpg,John_McCain_0007.jpg,Flor_Montulo_0002.jpg,0.059974,0,0
273,Angelina_Jolie,Jack_Grubman,swap_Angelina_Jolie_0016_in_Jack_Grubman_0002.jpg,Angelina_Jolie_0016.jpg,Jack_Grubman_0002.jpg,0.806978,1,1
274,John_Reid,Rick_Santorum,swap_John_Reid_0003_in_Rick_Santorum_0001.jpg,John_Reid_0003.jpg,Rick_Santorum_0001.jpg,0.750130,1,1
275,Marcelo_Ebrard,Anastasia_Myskina,swap_Marcelo_Ebrard_0001_in_Anastasia_Myskina_0003.jpg,Marcelo_Ebrard_0001.jpg,Anastasia_Myskina_0003.jpg,0.734863,1,1
276,OJ_Simpson,Jamie_Villafane,swap_OJ_Simpson_0001_in_Jamie_Villafane_0002.jpg,OJ_Simpson_0001.jpg,Jamie_Villafane_0002.jpg,0.839639,1,1
277,Brigitte_Boisselier,Matthew_Broderick,swap_Brigitte_Boisselier_0002_in_Matthew_Broderick_0001.jpg,Brigitte_Boisselier_0002.jpg,Matthew_Broderick_0001.jpg,0.729804,1,1
278,Sharon_Stone,Cindy_Margolis,swap_Sharon_Stone_0004_in_Cindy_Margolis_0001.jpg,Sharon_Stone_0004.jpg,Cindy_Margolis_0001.jpg,0.730031,1,1
279,Beth_Jones,Leszek_Miller,swap_Beth_Jones_0002_in_Leszek_Miller_0002.jpg,Beth_Jones_0002.jpg,Leszek_Miller_0002.jpg,0.705314,1,1
280,Peter_Costello,Roy_Jones_Jr,swap_Peter_Costello_0002_in_Roy_Jones_Jr_0001.jpg,Peter_Costello_0002.jpg,Roy_Jones_Jr_0001.jpg,0.772321,1,1
281,James_McGreevey,Robert_Duvall,swap_James_McGreevey_0004_in_Robert_Duvall_0006.jpg,James_McGreevey_0004.jpg,Robert_Duvall_0006.jpg,0.734949,1,1
282,Phan_Van_Khai,Sergio_Garcia,swap_Phan_Van_Khai_0002_in_Sergio_Garcia_0001.jpg,Phan_Van_Khai_0002.jpg,Sergio_Garcia_0001.jpg,0.002980,0,0
283,Paulo_Cesar_Pinheiro,Begum_Khaleda_Zia,swap_Paulo_Cesar_Pinheiro_0001_in_Begum_Khaleda_Zia_0002.jpg,Paulo_Cesar_Pinheiro_0001.jpg,Begum_Khaleda_Zia_0002.jpg,0.821831,1,1
284,Farouk_al-Sharaa,Svetlana_Koroleva,swap_Farouk_al-Sharaa_0001_in_Svetlana_Koroleva_0002.jpg,Farouk_al-Sharaa_0001.jpg,Svetlana_Koroleva_0002.jpg,0.805728,1,1
285,Brian_Wells,Tiger_Woods,swap_Brian_Wells_0001_in_Tiger_Woods_0015.jpg,Brian_Wells_0001.jpg,Tiger_Woods_0015.jpg,0.715406,1,1
286,David_Caraway,Ruben_Studdard,swap_David_Caraway_0002_in_Ruben_Studdard_0001.jpg,David_Caraway_0002.jpg,Ruben_Studdard_0001.jpg,0.805200,1,1
287,Anna_Nicole_Smith,James_Cunningham,swap_Anna_Nicole_Smith_0001_in_James_Cunningham_0002.jpg,Anna_Nicole_Smith_0001.jpg,James_Cunningham_0002.jpg,0.813647,1,1
288,Jerry_Springer,John_Abizaid,swap_Jerry_Springer_0004_in_John_Abizaid_0003.jpg,Jerry_Springer_0004.jpg,John_Abizaid_0003.jpg,0.773413,1,1
289,Fujio_Cho,Melissa_Etheridge,swap_Fujio_Cho_0004_in_Melissa_Etheridge_0001.jpg,Fujio_Cho_0004.jpg,Melissa_Etheridge_0001.jpg,-0.018150,0,0
290,David_Leahy,Debra_Brown,swap_David_Leahy_0001_in_Debra_Brown_0002.jpg,David_Leahy_0001.jpg,Debra_Brown_0002.jpg,0.777533,1,1
291,Penelope_Cruz,Robinson_Stevenin,swap_Penelope_Cruz_0001_in_Robinson_Stevenin_0002.jpg,Penelope_Cruz_0001.jpg,Robinson_Stevenin_0002.jpg,0.815941,1,1
292,Nick_Nolte,Chung_Mong-joon,swap_Nick_Nolte_0002_in_Chung_Mong-joon_0002.jpg,Nick_Nolte_0002.jpg,Chung_Mong-joon_0002.jpg,0.713130,1,1
293,Pupi_Avati,George_Galloway,swap_Pupi_Avati_0004_in_George_Galloway_0003.jpg,Pupi_Avati_0004.jpg,George_Galloway_0003.jpg,0.733479,1,1
294,Rio_Ferdinand,Ahmed_Chalabi,swap_Rio_Ferdinand_0002_in_Ahmed_Chalabi_0003.jpg,Rio_Ferdinand_0002.jpg,Ahmed_Chalabi_0003.jpg,0.818644,1,1
295,Robert_Mueller,Michelle_Yeoh,swap_Robert_Mueller_0002_in_Michelle_Yeoh_0001.jpg,Robert_Mueller_0002.jpg,Michelle_Yeoh_0001.jpg,0.820343,1,1
296,Kirk_Johnson,Jean_Brumley,swap_Kirk_Johnson_0003_in_Jean_Brumley_0002.jpg,Kirk_Johnson_0003.jpg,Jean_Brumley_0002.jpg,0.802808,1,1
297,Queen_Elizabeth_II,Kate_Hudson,swap_Queen_Elizabeth_II_0012_in_Kate_Hudson_0005.jpg,Queen_Elizabeth_II_0012.jpg,Kate_Hudson_0005.jpg,0.717333,1,1
298,Lauren_Hutton,Hipolito_Mejia,swap_Lauren_Hutton_0001_in_Hipolito_Mejia_0004.jpg,Lauren_Hutton_0001.jpg,Hipolito_Mejia_0004.jpg,0.743425,1,1
299,Luis_Ernesto_Derbez_Bautista,Candie_Kung,swap_Luis_Ernesto_Derbez_Bautista_0002_in_Candie_Kung_0004.jpg,Luis_Ernesto_Derbez_Bautista_0002.jpg,Candie_Kung_0004.jpg,0.688401,1,1
300,Nancy_Pelosi,Jesse_Harris,swap_Nancy_Pelosi_0010_in_Jesse_Harris_0002.jpg,Nancy_Pelosi_0010.jpg,Jesse_Harris_0002.jpg,0.700107,1,1
301,Saburo_Kawabuchi,Heidi_Fleiss,swap_Saburo_Kawabuchi_0001_in_Heidi_Fleiss_0004.jpg,Saburo_Kawabuchi_0001.jpg,Heidi_Fleiss_0004.jpg,0.643772,1,1
302,Greg_Owen,Adrian_Nastase,swap_Greg_Owen_0001_in_Adrian_Nastase_0002.jpg,Greg_Owen_0001.jpg,Adrian_Nastase_0002.jpg,0.656499,1,1
303,Hanan_Ashrawi,Tony_Blair,swap_Hanan_Ashrawi_0001_in_Tony_Blair_0091.jpg,Hanan_Ashrawi_0001.jpg,Tony_Blair_0091.jpg,0.816270,1,1
304,Eric_Rosser,Princess_Masako,swap_Eric_Rosser_0001_in_Princess_Masako_0002.jpg,Eric_Rosser_0001.jpg,Princess_Masako_0002.jpg,0.710143,1,1
305,Robert_Mugabe,Theodore_Tweed_Roosevelt,swap_Robert_Mugabe_0001_in_Theodore_Tweed_Roosevelt_0003.jpg,Robert_Mugabe_0001.jpg,Theodore_Tweed_Roosevelt_0003.jpg,0.712529,1,1
306,Brian_Griese,Phil_Mickelson,swap_Brian_Griese_0001_in_Phil_Mickelson_0002.jpg,Brian_Griese_0001.jpg,Phil_Mickelson_0002.jpg,0.801778,1,1
307,Vicente_Fernandez,King_Abdullah_II,swap_Vicente_Fernandez_0001_in_King_Abdullah_II_0005.jpg,Vicente_Fernandez_0001.jpg,King_Abdullah_II_0005.jpg,0.755682,1,1
308,Jim_Hahn,Stacy_Dragila,swap_Jim_Hahn_0002_in_Stacy_Dragila_0001.jpg,Jim_Hahn_0002.jpg,Stacy_Dragila_0001.jpg,0.754745,1,1
309,Heidi_Fleiss,James_Kelly,swap_Heidi_Fleiss_0004_in_James_Kelly_0003.jpg,Heidi_Fleiss_0004.jpg,James_Kelly_0003.jpg,0.652364,1,1
310,Eduard_Shevardnadze,Chick_Hearn,swap_Eduard_Shevardnadze_0005_in_Chick_Hearn_0002.jpg,Eduard_Shevardnadze_0005.jpg,Chick_Hearn_0002.jpg,0.736833,1,1
311,Melissa_Etheridge,Marieta_Chrousala,swap_Melissa_Etheridge_0002_in_Marieta_Chrousala_0001.jpg,Melissa_Etheridge_0002.jpg,Marieta_Chrousala_0001.jpg,-0.041662,0,0
312,George_Pataki,Lucio_Gutierrez,swap_George_Pataki_0003_in_Lucio_Gutierrez_0012.jpg,George_Pataki_0003.jpg,Lucio_Gutierrez_0012.jpg,0.743797,1,1
313,Javier_Solana,William_Ford_Jr,swap_Javier_Solana_0002_in_William_Ford_Jr_0004.jpg,Javier_Solana_0002.jpg,William_Ford_Jr_0004.jpg,0.755390,1,1
314,Betsy_Smith,Christopher_Reeve,swap_Betsy_Smith_0001_in_Christopher_Reeve_0004.jpg,Betsy_Smith_0001.jpg,Christopher_Reeve_0004.jpg,0.774668,1,1
315,William_Ford_Jr,Milo_Djukanovic,swap_William_Ford_Jr_0003_in_Milo_Djukanovic_0001.jpg,William_Ford_Jr_0003.jpg,Milo_Djukanovic_0001.jpg,0.857121,1,1
316,Victoria_Clarke,Johnny_Depp,swap_Victoria_Clarke_0001_in_Johnny_Depp_0002.jpg,Victoria_Clarke_0001.jpg,Johnny_Depp_0002.jpg,0.758009,1,1
317,Michael_J_Sheehan,Chakib_Khelil,swap_Michael_J_Sheehan_0002_in_Chakib_Khelil_0002.jpg,Michael_J_Sheehan_0002.jpg,Chakib_Khelil_0002.jpg,0.750024,1,1
318,Robert_Bonner,Tamara_Brooks,swap_Robert_Bonner_0003_in_Tamara_Brooks_0002.jpg,Robert_Bonner_0003.jpg,Tamara_Brooks_0002.jpg,0.798640,1,1
319,Nicolas_Lapentti,John_Kerry,swap_Nicolas_Lapentti_0002_in_John_Kerry_0004.jpg,Nicolas_Lapentti_0002.jpg,John_Kerry_0004.jpg,0.690444,1,1
320,Robert_Ehrlich,Flor_Montulo,swap_Robert_Ehrlich_0002_in_Flor_Montulo_0001.jpg,Robert_Ehrlich_0002.jpg,Flor_Montulo_0001.jpg,0.803702,1,1
321,Penelope_Ann_Miller,Mohamed_Benaissa,swap_Penelope_Ann_Miller_0002_in_Mohamed_Benaissa_0001.jpg,Penelope_Ann_Miller_0002.jpg,Mohamed_Benaissa_0001.jpg,0.715479,1,1
322,Raymond_Odierno,Augusto_Pinochet,swap_Raymond_Odierno_0002_in_Augusto_Pinochet_0002.jpg,Raymond_Odierno_0002.jpg,Augusto_Pinochet_0002.jpg,0.800183,1,1
323,Recep_Tayyip_Erdogan,Joseph_Blatter,swap_Recep_Tayyip_Erdogan_0004_in_Joseph_Blatter_0001.jpg,Recep_Tayyip_Erdogan_0004.jpg,Joseph_Blatter_0001.jpg,0.719583,1,1
324,Ann_Veneman,Anders_Ebbeson,swap_Ann_Veneman_0005_in_Anders_Ebbeson_0002.jpg,Ann_Veneman_0005.jpg,Anders_Ebbeson_0002.jpg,0.774413,1,1
325,Carolina_Kluft,Brian_Heidik,swap_Carolina_Kluft_0001_in_Brian_Heidik_0001.jpg,Carolina_Kluft_0001.jpg,Brian_Heidik_0001.jpg,0.768004,1,1
326,John_Ruiz,Larry_Thompson,swap_John_Ruiz_0002_in_Larry_Thompson_0004.jpg,John_Ruiz_0002.jpg,Larry_Thompson_0004.jpg,0.789431,1,1
327,Nora_Bendijo,Stockard_Channing,swap_Nora_Bendijo_0001_in_Stockard_Channing_0002.jpg,Nora_Bendijo_0001.jpg,Stockard_Channing_0002.jpg,0.696856,1,1
328,Richard_Butler,Bridget_Fonda,swap_Richard_Butler_0002_in_Bridget_Fonda_0003.jpg,Richard_Butler_0002.jpg,Bridget_Fonda_0003.jpg,0.700694,1,1
329,Joseph_Biden,Guillermo_Ortiz,swap_Joseph_Biden_0001_in_Guillermo_Ortiz_0002.jpg,Joseph_Biden_0001.jpg,Guillermo_Ortiz_0002.jpg,0.769794,1,1
330,Enrique_Bolanos,Kofi_Annan,swap_Enrique_Bolanos_0004_in_Kofi_Annan_0016.jpg,Enrique_Bolanos_0004.jpg,Kofi_Annan_0016.jpg,0.777865,1,1
331,Jia_Qinglin,Bridgette_Wilson-Sampras,swap_Jia_Qinglin_0002_in_Bridgette_Wilson-Sampras_0003.jpg,Jia_Qinglin_0002.jpg,Bridgette_Wilson-Sampras_0003.jpg,-0.008585,0,0
332,Ranil_Wickremasinghe,Jerry_Springer,swap_Ranil_Wickremasinghe_0001_in_Jerry_Springer_0004.jpg,Ranil_Wickremasinghe_0001.jpg,Jerry_Springer_0004.jpg,0.722412,1,1
333,Gregory_Geoffroy,Don_Siegelman,swap_Gregory_Geoffroy_0001_in_Don_Siegelman_0004.jpg,Gregory_Geoffroy_0001.jpg,Don_Siegelman_0004.jpg,0.761516,1,1
334,Bobby_Robson,Rick_Pitino,swap_Bobby_Robson_0001_in_Rick_Pitino_0001.jpg,Bobby_Robson_0001.jpg,Rick_Pitino_0001.jpg,0.752152,1,1
335,Antonio_Banderas,Vanessa_Incontrada,swap_Antonio_Banderas_0003_in_Vanessa_Incontrada_0002.jpg,Antonio_Banderas_0003.jpg,Vanessa_Incontrada_0002.jpg,0.646740,1,1
336,Charles_Bronson,Vanessa_Incontrada,swap_Charles_Bronson_0003_in_Vanessa_Incontrada_0002.jpg,Charles_Bronson_0003.jpg,Vanessa_Incontrada_0002.jpg,0.710094,1,1
337,Begum_Khaleda_Zia,Todd_Haynes,swap_Begum_Khaleda_Zia_0001_in_Todd_Haynes_0002.jpg,Begum_Khaleda_Zia_0001.jpg,Todd_Haynes_0002.jpg,0.833260,1,1
338,Yoko_Ono,Flavia_Delaroli,swap_Yoko_Ono_0003_in_Flavia_Delaroli_0001.jpg,Yoko_Ono_0003.jpg,Flavia_Delaroli_0001.jpg,0.774690,1,1
339,Vicente_Fernandez,Owen_Wilson,swap_Vicente_Fernandez_0001_in_Owen_Wilson_0002.jpg,Vicente_Fernandez_0001.jpg,Owen_Wilson_0002.jpg,0.756613,1,1
340,Ciro_Gomes,Charlton_Heston,swap_Ciro_Gomes_0005_in_Charlton_Heston_0003.jpg,Ciro_Gomes_0005.jpg,Charlton_Heston_0003.jpg,0.799423,1,1
341,Wang_Yingfan,Debbie_Reynolds,swap_Wang_Yingfan_0001_in_Debbie_Reynolds_0001.jpg,Wang_Yingfan_0001.jpg,Debbie_Reynolds_0001.jpg,0.570130,1,0
342,Cherie_Blair,Alan_Ball,swap_Cherie_Blair_0003_in_Alan_Ball_0001.jpg,Cherie_Blair_0003.jpg,Alan_Ball_0001.jpg,0.812416,1,1
343,Norman_Jewison,James_Cameron,swap_Norman_Jewison_0001_in_James_Cameron_0001.jpg,Norman_Jewison_0001.jpg,James_Cameron_0001.jpg,0.638880,1,1
344,Gilberto_Rodriguez_Orejuela,Anwar_Ibrahim,swap_Gilberto_Rodriguez_Orejuela_0002_in_Anwar_Ibrahim_0002.jpg,Gilberto_Rodriguez_Orejuela_0002.jpg,Anwar_Ibrahim_0002.jpg,0.839819,1,1
345,Matthew_Broderick,Carlos_Vives,swap_Matthew_Broderick_0001_in_Carlos_Vives_0004.jpg,Matthew_Broderick_0001.jpg,Carlos_Vives_0004.jpg,0.785587,1,1
346,Laila_Ali,Torri_Edwards,swap_Laila_Ali_0002_in_Torri_Edwards_0001.jpg,Laila_Ali_0002.jpg,Torri_Edwards_0001.jpg,0.845676,1,1
347,Larry_Ellison,Mario_Dumont,swap_Larry_Ellison_0001_in_Mario_Dumont_0001.jpg,Larry_Ellison_0001.jpg,Mario_Dumont_0001.jpg,0.726572,1,1
348,Silvan_Shalom,Uma_Thurman,swap_Silvan_Shalom_0006_in_Uma_Thurman_0003.jpg,Silvan_Shalom_0006.jpg,Uma_Thurman_0003.jpg,0.676783,1,1
349,Hilmi_Ozkok,Laurent_Jalabert,swap_Hilmi_Ozkok_0001_in_Laurent_Jalabert_0001.jpg,Hilmi_Ozkok_0001.jpg,Laurent_Jalabert_0001.jpg,0.705976,1,1
350,Lleyton_Hewitt,Jorge_Castaneda,swap_Lleyton_Hewitt_0028_in_Jorge_Castaneda_0001.jpg,Lleyton_Hewitt_0028.jpg,Jorge_Castaneda_0001.jpg,0.647663,1,1
351,Maggie_Smith,Scott_Sullivan,swap_Maggie_Smith_0002_in_Scott_Sullivan_0001.jpg,Maggie_Smith_0002.jpg,Scott_Sullivan_0001.jpg,0.735435,1,1
352,Bill_Nelson,Jake_Gyllenhaal,swap_Bill_Nelson_0001_in_Jake_Gyllenhaal_0001.jpg,Bill_Nelson_0001.jpg,Jake_Gyllenhaal_0001.jpg,0.700764,1,1
353,Charles_Grassley,Greg_Rusedski,swap_Charles_Grassley_0002_in_Greg_Rusedski_0004.jpg,Charles_Grassley_0002.jpg,Greg_Rusedski_0004.jpg,0.802098,1,1
354,Padraig_Harrington,Melanie_Griffith,swap_Padraig_Harrington_0003_in_Melanie_Griffith_0002.jpg,Padraig_Harrington_0003.jpg,Melanie_Griffith_0002.jpg,0.690551,1,1
355,Mark_Cuban,Patrick_Stewart,swap_Mark_Cuban_0002_in_Patrick_Stewart_0001.jpg,Mark_Cuban_0002.jpg,Patrick_Stewart_0001.jpg,0.747126,1,1
356,Vincent_Brooks,Sally_Field,swap_Vincent_Brooks_0001_in_Sally_Field_0002.jpg,Vincent_Brooks_0001.jpg,Sally_Field_0002.jpg,0.778568,1,1
357,Kelly_Clarkson,Larry_Coker,swap_Kelly_Clarkson_0001_in_Larry_Coker_0004.jpg,Kelly_Clarkson_0001.jpg,Larry_Coker_0004.jpg,0.775351,1,1
358,Javier_Weber,Larry_Lucchino,swap_Javier_Weber_0002_in_Larry_Lucchino_0002.jpg,Javier_Weber_0002.jpg,Larry_Lucchino_0002.jpg,0.693132,1,1
359,Slobodan_Milosevic,Brad_Johnson,swap_Slobodan_Milosevic_0003_in_Brad_Johnson_0004.jpg,Slobodan_Milosevic_0003.jpg,Brad_Johnson_0004.jpg,0.666354,1,1
360,Inam-ul-Haq,Ricky_Barnes,swap_Inam-ul-Haq_0002_in_Ricky_Barnes_0002.jpg,Inam-ul-Haq_0002.jpg,Ricky_Barnes_0002.jpg,0.593146,1,0
361,Condoleezza_Rice,Rogerio_Romero,swap_Condoleezza_Rice_0008_in_Rogerio_Romero_0001.jpg,Condoleezza_Rice_0008.jpg,Rogerio_Romero_0001.jpg,0.724841,1,1
362,Bobby_Goldwater,Blythe_Danner,swap_Bobby_Goldwater_0001_in_Blythe_Danner_0002.jpg,Bobby_Goldwater_0001.jpg,Blythe_Danner_0002.jpg,0.743566,1,1
363,Brian_Cowen,Susan_Collins,swap_Brian_Cowen_0002_in_Susan_Collins_0001.jpg,Brian_Cowen_0002.jpg,Susan_Collins_0001.jpg,-0.069871,0,0
364,Mikhail_Youzhny,Arturo_Gatti,swap_Mikhail_Youzhny_0003_in_Arturo_Gatti_0003.jpg,Mikhail_Youzhny_0003.jpg,Arturo_Gatti_0003.jpg,0.817324,1,1
365,Mohamed_ElBaradei,James_Schultz,swap_Mohamed_ElBaradei_0002_in_James_Schultz_0002.jpg,Mohamed_ElBaradei_0002.jpg,James_Schultz_0002.jpg,0.773280,1,1
366,Jennifer_Keller,Ricky_Barnes,swap_Jennifer_Keller_0004_in_Ricky_Barnes_0001.jpg,Jennifer_Keller_0004.jpg,Ricky_Barnes_0001.jpg,0.789143,1,1
367,Hans_Eichel,Pascal_Quignard,swap_Hans_Eichel_0002_in_Pascal_Quignard_0002.jpg,Hans_Eichel_0002.jpg,Pascal_Quignard_0002.jpg,0.780043,1,1
368,Butch_Davis,Natasha_McElhone,swap_Butch_Davis_0001_in_Natasha_McElhone_0001.jpg,Butch_Davis_0001.jpg,Natasha_McElhone_0001.jpg,0.667166,1,1
369,Richard_Gere,Lucy_Liu,swap_Richard_Gere_0004_in_Lucy_Liu_0001.jpg,Richard_Gere_0004.jpg,Lucy_Liu_0001.jpg,0.735595,1,1
370,Jeffrey_Jones,Mikhail_Youzhny,swap_Jeffrey_Jones_0002_in_Mikhail_Youzhny_0001.jpg,Jeffrey_Jones_0002.jpg,Mikhail_Youzhny_0001.jpg,0.734572,1,1
371,Tim_Curry,Guillermo_Canas,swap_Tim_Curry_0001_in_Guillermo_Canas_0004.jpg,Tim_Curry_0001.jpg,Guillermo_Canas_0004.jpg,0.788978,1,1
372,Miyako_Miyazaki,Tom_Crean,swap_Miyako_Miyazaki_0001_in_Tom_Crean_0005.jpg,Miyako_Miyazaki_0001.jpg,Tom_Crean_0005.jpg,0.767314,1,1
373,Richard_Myers,Roy_Williams,swap_Richard_Myers_0009_in_Roy_Williams_0001.jpg,Richard_Myers_0009.jpg,Roy_Williams_0001.jpg,0.758814,1,1
374,Derek_Jeter,Gray_Davis,swap_Derek_Jeter_0003_in_Gray_Davis_0011.jpg,Derek_Jeter_0003.jpg,Gray_Davis_0011.jpg,0.744258,1,1
375,Jeffrey_Scott_Postell,Adel_Al-Jubeir,swap_Jeffrey_Scott_Postell_0001_in_Adel_Al-Jubeir_0001.jpg,Jeffrey_Scott_Postell_0001.jpg,Adel_Al-Jubeir_0001.jpg,0.748523,1,1
376,Moshe_Katsav,Richard_Krajicek,swap_Moshe_Katsav_0004_in_Richard_Krajicek_0001.jpg,Moshe_Katsav_0004.jpg,Richard_Krajicek_0001.jpg,0.768697,1,1
377,Chuck_Amato,Steven_Hatfill,swap_Chuck_Amato_0001_in_Steven_Hatfill_0001.jpg,Chuck_Amato_0001.jpg,Steven_Hatfill_0001.jpg,0.735853,1,1
378,Suzanne_Gaudet,Melanie_Griffith,swap_Suzanne_Gaudet_0001_in_Melanie_Griffith_0002.jpg,Suzanne_Gaudet_0001.jpg,Melanie_Griffith_0002.jpg,0.675622,1,1
379,Justin_Leonard,Larry_Thompson,swap_Justin_Leonard_0003_in_Larry_Thompson_0002.jpg,Justin_Leonard_0003.jpg,Larry_Thompson_0002.jpg,0.801668,1,1
380,Job_Cohen,Ilan_Ramon,swap_Job_Cohen_0002_in_Ilan_Ramon_0003.jpg,Job_Cohen_0002.jpg,Ilan_Ramon_0003.jpg,0.030233,0,0
381,Oxana_Fedorova,Binyamin_Ben-Eliezer,swap_Oxana_Fedorova_0001_in_Binyamin_Ben-Eliezer_0002.jpg,Oxana_Fedorova_0001.jpg,Binyamin_Ben-Eliezer_0002.jpg,0.741996,1,1
382,Dai_Bachtiar,Thaksin_Shinawatra,swap_Dai_Bachtiar_0001_in_Thaksin_Shinawatra_0006.jpg,Dai_Bachtiar_0001.jpg,Thaksin_Shinawatra_0006.jpg,0.845139,1,1
383,Bill_Paxton,Grady_Irvin_Jr,swap_Bill_Paxton_0004_in_Grady_Irvin_Jr_0002.jpg,Bill_Paxton_0004.jpg,Grady_Irvin_Jr_0002.jpg,0.707560,1,1
384,Luiz_Inacio_Lula_da_Silva,Paul_Bremer,swap_Luiz_Inacio_Lula_da_Silva_0029_in_Paul_Bremer_0014.jpg,Luiz_Inacio_Lula_da_Silva_0029.jpg,Paul_Bremer_0014.jpg,0.727909,1,1
385,Gray_Davis,Emma_Watson,swap_Gray_Davis_0025_in_Emma_Watson_0005.jpg,Gray_Davis_0025.jpg,Emma_Watson_0005.jpg,0.824647,1,1
386,Carly_Fiorina,Jean-Sebastien_Giguere,swap_Carly_Fiorina_0002_in_Jean-Sebastien_Giguere_0001.jpg,Carly_Fiorina_0002.jpg,Jean-Sebastien_Giguere_0001.jpg,0.826067,1,1
387,Habib_Rizieq,Robert_Mugabe,swap_Habib_Rizieq_0005_in_Robert_Mugabe_0002.jpg,Habib_Rizieq_0005.jpg,Robert_Mugabe_0002.jpg,0.798029,1,1
388,Maureen_Fanning,Rita_Grande,swap_Maureen_Fanning_0002_in_Rita_Grande_0001.jpg,Maureen_Fanning_0002.jpg,Rita_Grande_0001.jpg,0.788098,1,1
389,Erika_Harold,Johnny_Tapia,swap_Erika_Harold_0005_in_Johnny_Tapia_0001.jpg,Erika_Harold_0005.jpg,Johnny_Tapia_0001.jpg,0.804736,1,1
390,Adrian_McPherson,Edwin_Edwards,swap_Adrian_McPherson_0002_in_Edwin_Edwards_0001.jpg,Adrian_McPherson_0002.jpg,Edwin_Edwards_0001.jpg,0.825634,1,1
391,Tom_Crean,Christian_Wulff,swap_Tom_Crean_0003_in_Christian_Wulff_0002.jpg,Tom_Crean_0003.jpg,Christian_Wulff_0002.jpg,0.749484,1,1
392,James_Maguire,Catherine_Deneuve,swap_James_Maguire_0001_in_Catherine_Deneuve_0004.jpg,James_Maguire_0001.jpg,Catherine_Deneuve_0004.jpg,0.752112,1,1
393,Svetlana_Koroleva,Kelvin_Sampson,swap_Svetlana_Koroleva_0001_in_Kelvin_Sampson_0001.jpg,Svetlana_Koroleva_0001.jpg,Kelvin_Sampson_0001.jpg,0.798543,1,1
394,John_Howard,Mian_Khursheed_Mehmood_Kasuri,swap_John_Howard_0008_in_Mian_Khursheed_Mehmood_Kasuri_0003.jpg,John_Howard_0008.jpg,Mian_Khursheed_Mehmood_Kasuri_0003.jpg,0.746480,1,1
395,Bernard_Landry,Jon_Corzine,swap_Bernard_Landry_0001_in_Jon_Corzine_0002.jpg,Bernard_Landry_0001.jpg,Jon_Corzine_0002.jpg,0.813750,1,1
396,Aldo_Paredes,LeBron_James,swap_Aldo_Paredes_0001_in_LeBron_James_0003.jpg,Aldo_Paredes_0001.jpg,LeBron_James_0003.jpg,0.812095,1,1
397,Nastassia_Kinski,Kelli_White,swap_Nastassia_Kinski_0002_in_Kelli_White_0002.jpg,Nastassia_Kinski_0002.jpg,Kelli_White_0002.jpg,0.742793,1,1
398,Harry_Belafonte,Carol_Burnett,swap_Harry_Belafonte_0002_in_Carol_Burnett_0001.jpg,Harry_Belafonte_0002.jpg,Carol_Burnett_0001.jpg,0.784306,1,1
399,James_Franco,David_Spade,swap_James_Franco_0002_in_David_Spade_0002.jpg,James_Franco_0002.jpg,David_Spade_0002.jpg,0.730928,1,1
400,Bob_Dole,Kiki_Vandeweghe,swap_Bob_Dole_0001_in_Kiki_Vandeweghe_0001.jpg,Bob_Dole_0001.jpg,Kiki_Vandeweghe_0001.jpg,0.764988,1,1
401,Kieran_Prendergast,Norodom_Sihanouk,swap_Kieran_Prendergast_0002_in_Norodom_Sihanouk_0003.jpg,Kieran_Prendergast_0002.jpg,Norodom_Sihanouk_0003.jpg,0.740685,1,1
402,Bill_Frist,Johnny_Unitas,swap_Bill_Frist_0005_in_Johnny_Unitas_0002.jpg,Bill_Frist_0005.jpg,Johnny_Unitas_0002.jpg,0.807832,1,1
403,Ernesto_Zedillo,Jan_Ullrich,swap_Ernesto_Zedillo_0001_in_Jan_Ullrich_0001.jpg,Ernesto_Zedillo_0001.jpg,Jan_Ullrich_0001.jpg,0.791652,1,1
404,Mark_Wahlberg,Prince_Naruhito,swap_Mark_Wahlberg_0001_in_Prince_Naruhito_0003.jpg,Mark_Wahlberg_0001.jpg,Prince_Naruhito_0003.jpg,0.715766,1,1
405,Mark_Schweiker,Dorthy_Moxley,swap_Mark_Schweiker_0002_in_Dorthy_Moxley_0002.jpg,Mark_Schweiker_0002.jpg,Dorthy_Moxley_0002.jpg,0.016634,0,0
406,Silvan_Shalom,Zico,swap_Silvan_Shalom_0006_in_Zico_0001.jpg,Silvan_Shalom_0006.jpg,Zico_0001.jpg,0.726740,1,1
407,Francis_Mer,Bud_Selig,swap_Francis_Mer_0001_in_Bud_Selig_0003.jpg,Francis_Mer_0001.jpg,Bud_Selig_0003.jpg,0.808222,1,1
408,Ed_Rosenthal,David_Wolf,swap_Ed_Rosenthal_0003_in_David_Wolf_0001.jpg,Ed_Rosenthal_0003.jpg,David_Wolf_0001.jpg,0.760121,1,1
409,Thomas_Wyman,Thomas_OBrien,swap_Thomas_Wyman_0001_in_Thomas_OBrien_0003.jpg,Thomas_Wyman_0001.jpg,Thomas_OBrien_0003.jpg,0.823521,1,1
410,Tommy_Haas,Phil_Vassar,swap_Tommy_Haas_0004_in_Phil_Vassar_0002.jpg,Tommy_Haas_0004.jpg,Phil_Vassar_0002.jpg,-0.030834,0,0
411,Thaksin_Shinawatra,Monica_Bellucci,swap_Thaksin_Shinawatra_0005_in_Monica_Bellucci_0004.jpg,Thaksin_Shinawatra_0005.jpg,Monica_Bellucci_0004.jpg,-0.051077,0,0
412,Roberto_Benigni,Monica_Seles,swap_Roberto_Benigni_0002_in_Monica_Seles_0006.jpg,Roberto_Benigni_0002.jpg,Monica_Seles_0006.jpg,0.694353,1,1
413,Ismail_Merchant,Colin_Powell,swap_Ismail_Merchant_0002_in_Colin_Powell_0018.jpg,Ismail_Merchant_0002.jpg,Colin_Powell_0018.jpg,0.784576,1,1
414,Leslie_Moonves,Kjell_Magne_Bondevik,swap_Leslie_Moonves_0002_in_Kjell_Magne_Bondevik_0002.jpg,Leslie_Moonves_0002.jpg,Kjell_Magne_Bondevik_0002.jpg,0.786046,1,1
415,Olivia_Newton-John,Arnold_Palmer,swap_Olivia_Newton-John_0002_in_Arnold_Palmer_0003.jpg,Olivia_Newton-John_0002.jpg,Arnold_Palmer_0003.jpg,0.760502,1,1
416,Bertie_Ahern,Iban_Mayo,swap_Bertie_Ahern_0004_in_Iban_Mayo_0002.jpg,Bertie_Ahern_0004.jpg,Iban_Mayo_0002.jpg,0.728783,1,1
417,Anders_Fogh_Rasmussen,Arnold_Schwarzenegger,swap_Anders_Fogh_Rasmussen_0003_in_Arnold_Schwarzenegger_0019.jpg,Anders_Fogh_Rasmussen_0003.jpg,Arnold_Schwarzenegger_0019.jpg,0.799586,1,1
418,Biljana_Plavsic,Ranil_Wickremasinghe,swap_Biljana_Plavsic_0001_in_Ranil_Wickremasinghe_0003.jpg,Biljana_Plavsic_0001.jpg,Ranil_Wickremasinghe_0003.jpg,0.701775,1,1
419,Osama_bin_Laden,Mark_Gottfried,swap_Osama_bin_Laden_0004_in_Mark_Gottfried_0002.jpg,Osama_bin_Laden_0004.jpg,Mark_Gottfried_0002.jpg,0.764256,1,1
420,Neri_Marcore,Mike_Weir,swap_Neri_Marcore_0001_in_Mike_Weir_0008.jpg,Neri_Marcore_0001.jpg,Mike_Weir_0008.jpg,0.838871,1,1
421,Xavier_Malisse,Nancy_Demme,swap_Xavier_Malisse_0002_in_Nancy_Demme_0002.jpg,Xavier_Malisse_0002.jpg,Nancy_Demme_0002.jpg,0.774507,1,1
422,Patrick_Stewart,Lisa_Gottsegen,swap_Patrick_Stewart_0001_in_Lisa_Gottsegen_0001.jpg,Patrick_Stewart_0001.jpg,Lisa_Gottsegen_0001.jpg,0.738226,1,1
423,Larry_Bowa,Bulent_Ecevit,swap_Larry_Bowa_0002_in_Bulent_Ecevit_0006.jpg,Larry_Bowa_0002.jpg,Bulent_Ecevit_0006.jpg,0.766687,1,1
424,Billy_Sollie,Marisa_Tomei,swap_Billy_Sollie_0001_in_Marisa_Tomei_0001.jpg,Billy_Sollie_0001.jpg,Marisa_Tomei_0001.jpg,0.806981,1,1
425,Gary_Bergeron,Saparmurat_Niyazov,swap_Gary_Bergeron_0002_in_Saparmurat_Niyazov_0002.jpg,Gary_Bergeron_0002.jpg,Saparmurat_Niyazov_0002.jpg,0.790945,1,1
426,Mathias_Reichhold,Mary_Tyler_Moore,swap_Mathias_Reichhold_0003_in_Mary_Tyler_Moore_0001.jpg,Mathias_Reichhold_0003.jpg,Mary_Tyler_Moore_0001.jpg,0.794112,1,1
427,Jim_Edmonds,Joe_Mantello,swap_Jim_Edmonds_0002_in_Joe_Mantello_0002.jpg,Jim_Edmonds_0002.jpg,Joe_Mantello_0002.jpg,0.822517,1,1
428,Joseph_Deiss,Toni_Braxton,swap_Joseph_Deiss_0002_in_Toni_Braxton_0003.jpg,Joseph_Deiss_0002.jpg,Toni_Braxton_0003.jpg,0.738464,1,1
429,Pamela_Anderson,Anwar_Ibrahim,swap_Pamela_Anderson_0003_in_Anwar_Ibrahim_0001.jpg,Pamela_Anderson_0003.jpg,Anwar_Ibrahim_0001.jpg,0.717401,1,1
430,James_Schultz,Brad_Garrett,swap_James_Schultz_0002_in_Brad_Garrett_0003.jpg,James_Schultz_0002.jpg,Brad_Garrett_0003.jpg,0.711073,1,1
431,Geoff_Hoon,Sheila_Copps,swap_Geoff_Hoon_0007_in_Sheila_Copps_0002.jpg,Geoff_Hoon_0007.jpg,Sheila_Copps_0002.jpg,0.759434,1,1
432,Jan_Ullrich,Bill_Parcells,swap_Jan_Ullrich_0005_in_Bill_Parcells_0001.jpg,Jan_Ullrich_0005.jpg,Bill_Parcells_0001.jpg,0.721580,1,1
433,Jeffrey_Immelt,Iban_Mayo,swap_Jeffrey_Immelt_0002_in_Iban_Mayo_0001.jpg,Jeffrey_Immelt_0002.jpg,Iban_Mayo_0001.jpg,0.818393,1,1
434,Oscar_Elias_Biscet,Sarah_Jessica_Parker,swap_Oscar_Elias_Biscet_0001_in_Sarah_Jessica_Parker_0003.jpg,Oscar_Elias_Biscet_0001.jpg,Sarah_Jessica_Parker_0003.jpg,0.703551,1,1
435,Mireya_Moscoso,John_Blaney,swap_Mireya_Moscoso_0003_in_John_Blaney_0001.jpg,Mireya_Moscoso_0003.jpg,John_Blaney_0001.jpg,0.773317,1,1
436,Robbie_Fowler,Sally_Ride,swap_Robbie_Fowler_0001_in_Sally_Ride_0002.jpg,Robbie_Fowler_0001.jpg,Sally_Ride_0002.jpg,0.760527,1,1
437,Mark_Hurlbert,Jessica_Lynch,swap_Mark_Hurlbert_0001_in_Jessica_Lynch_0002.jpg,Mark_Hurlbert_0001.jpg,Jessica_Lynch_0002.jpg,0.720483,1,1
438,Iain_Duncan_Smith,Derek_Jeter,swap_Iain_Duncan_Smith_0002_in_Derek_Jeter_0003.jpg,Iain_Duncan_Smith_0002.jpg,Derek_Jeter_0003.jpg,0.803208,1,1
439,Tom_Coverdale,Luke_Walton,swap_Tom_Coverdale_0001_in_Luke_Walton_0001.jpg,Tom_Coverdale_0001.jpg,Luke_Walton_0001.jpg,0.771408,1,1
440,Christian_Wulff,Courtney_Love,swap_Christian_Wulff_0001_in_Courtney_Love_0002.jpg,Christian_Wulff_0001.jpg,Courtney_Love_0002.jpg,0.723160,1,1
441,Venus_Williams,Bruce_Springsteen,swap_Venus_Williams_0017_in_Bruce_Springsteen_0001.jpg,Venus_Williams_0017.jpg,Bruce_Springsteen_0001.jpg,0.660230,1,1
442,Rick_Dinse,Jason_Alexander,swap_Rick_Dinse_0003_in_Jason_Alexander_0001.jpg,Rick_Dinse_0003.jpg,Jason_Alexander_0001.jpg,0.759728,1,1
443,Padraig_Harrington,John_Blaney,swap_Padraig_Harrington_0002_in_John_Blaney_0001.jpg,Padraig_Harrington_0002.jpg,John_Blaney_0001.jpg,0.720962,1,1
444,Derek_Lowe,Roy_Jones_Jr,swap_Derek_Lowe_0001_in_Roy_Jones_Jr_0002.jpg,Derek_Lowe_0001.jpg,Roy_Jones_Jr_0002.jpg,0.755783,1,1
445,Angelina_Jolie,Juan_Ignacio_Chela,swap_Angelina_Jolie_0012_in_Juan_Ignacio_Chela_0003.jpg,Angelina_Jolie_0012.jpg,Juan_Ignacio_Chela_0003.jpg,0.706267,1,1
446,Shane_Mosley,Frank_Cassell,swap_Shane_Mosley_0002_in_Frank_Cassell_0003.jpg,Shane_Mosley_0002.jpg,Frank_Cassell_0003.jpg,0.764218,1,1
447,Halle_Berry,Terje_Roed-Larsen,swap_Halle_Berry_0015_in_Terje_Roed-Larsen_0001.jpg,Halle_Berry_0015.jpg,Terje_Roed-Larsen_0001.jpg,0.836294,1,1
448,Michael_Caine,Frank_Lautenberg,swap_Michael_Caine_0003_in_Frank_Lautenberg_0002.jpg,Michael_Caine_0003.jpg,Frank_Lautenberg_0002.jpg,0.758143,1,1
449,Dorthy_Moxley,Jiri_Novak,swap_Dorthy_Moxley_0002_in_Jiri_Novak_0008.jpg,Dorthy_Moxley_0002.jpg,Jiri_Novak_0008.jpg,0.005870,0,0
450,Tom_Hanks,Guy_Ritchie,swap_Tom_Hanks_0007_in_Guy_Ritchie_0002.jpg,Tom_Hanks_0007.jpg,Guy_Ritchie_0002.jpg,0.771090,1,1
451,Daniela_Hantuchova,Zafarullah_Khan_Jamali,swap_Daniela_Hantuchova_0001_in_Zafarullah_Khan_Jamali_0001.jpg,Daniela_Hantuchova_0001.jpg,Zafarullah_Khan_Jamali_0001.jpg,0.649680,1,1
452,Gary_Williams,Antony_Leung,swap_Gary_Williams_0002_in_Antony_Leung_0003.jpg,Gary_Williams_0002.jpg,Antony_Leung_0003.jpg,0.689562,1,1
453,Mike_Weir,Bud_Selig,swap_Mike_Weir_0009_in_Bud_Selig_0001.jpg,Mike_Weir_0009.jpg,Bud_Selig_0001.jpg,0.666519,1,1
454,Halle_Berry,Billy_Graham,swap_Halle_Berry_0006_in_Billy_Graham_0002.jpg,Halle_Berry_0006.jpg,Billy_Graham_0002.jpg,0.735149,1,1
455,Lance_Armstrong,Martha_Burk,swap_Lance_Armstrong_0005_in_Martha_Burk_0004.jpg,Lance_Armstrong_0005.jpg,Martha_Burk_0004.jpg,0.780033,1,1
456,Bobby_Robson,Ernie_Els,swap_Bobby_Robson_0002_in_Ernie_Els_0003.jpg,Bobby_Robson_0002.jpg,Ernie_Els_0003.jpg,0.727703,1,1
457,Ali_Naimi,Juergen_Peters,swap_Ali_Naimi_0001_in_Juergen_Peters_0002.jpg,Ali_Naimi_0001.jpg,Juergen_Peters_0002.jpg,0.706387,1,1
458,Marilyn_Monroe,Joe_Torre,swap_Marilyn_Monroe_0001_in_Joe_Torre_0004.jpg,Marilyn_Monroe_0001.jpg,Joe_Torre_0004.jpg,0.705190,1,1
459,Bill_Paxton,John_Abizaid,swap_Bill_Paxton_0002_in_John_Abizaid_0001.jpg,Bill_Paxton_0002.jpg,John_Abizaid_0001.jpg,0.694512,1,1
460,Jack_Nicholson,Bridget_Fonda,swap_Jack_Nicholson_0003_in_Bridget_Fonda_0003.jpg,Jack_Nicholson_0003.jpg,Bridget_Fonda_0003.jpg,0.712302,1,1
461,Janet_Napolitano,Vidar_Helgesen,swap_Janet_Napolitano_0002_in_Vidar_Helgesen_0001.jpg,Janet_Napolitano_0002.jpg,Vidar_Helgesen_0001.jpg,0.654266,1,1
462,Andre_Agassi,Hannah_Stockbauer,swap_Andre_Agassi_0031_in_Hannah_Stockbauer_0001.jpg,Andre_Agassi_0031.jpg,Hannah_Stockbauer_0001.jpg,0.731859,1,1
463,Thomas_OBrien,Sam_Torrance,swap_Thomas_OBrien_0008_in_Sam_Torrance_0002.jpg,Thomas_OBrien_0008.jpg,Sam_Torrance_0002.jpg,0.772603,1,1
464,Paul_William_Hurley,Adam_Sandler,swap_Paul_William_Hurley_0001_in_Adam_Sandler_0001.jpg,Paul_William_Hurley_0001.jpg,Adam_Sandler_0001.jpg,0.740420,1,1
465,George_P_Bush,Emma_Watson,swap_George_P_Bush_0001_in_Emma_Watson_0005.jpg,George_P_Bush_0001.jpg,Emma_Watson_0005.jpg,0.821374,1,1
466,Silvan_Shalom,Paul_Coppin,swap_Silvan_Shalom_0005_in_Paul_Coppin_0002.jpg,Silvan_Shalom_0005.jpg,Paul_Coppin_0002.jpg,0.777332,1,1
467,Carlos_Mesa,Tony_Curtis,swap_Carlos_Mesa_0002_in_Tony_Curtis_0001.jpg,Carlos_Mesa_0002.jpg,Tony_Curtis_0001.jpg,0.710826,1,1
468,Hillary_Clinton,Celine_Dion,swap_Hillary_Clinton_0001_in_Celine_Dion_0004.jpg,Hillary_Clinton_0001.jpg,Celine_Dion_0004.jpg,0.783850,1,1
469,Justin_Leonard,Queen_Elizabeth_II,swap_Justin_Leonard_0004_in_Queen_Elizabeth_II_0002.jpg,Justin_Leonard_0004.jpg,Queen_Elizabeth_II_0002.jpg,0.653632,1,1
470,Carlos_Mesa,Mariah_Carey,swap_Carlos_Mesa_0001_in_Mariah_Carey_0006.jpg,Carlos_Mesa_0001.jpg,Mariah_Carey_0006.jpg,0.717567,1,1
471,Martin_Cauchon,Naoto_Kan,swap_Martin_Cauchon_0001_in_Naoto_Kan_0002.jpg,Martin_Cauchon_0001.jpg,Naoto_Kan_0002.jpg,0.768281,1,1
472,Hashim_Thaci,Kelli_White,swap_Hashim_Thaci_0001_in_Kelli_White_0002.jpg,Hashim_Thaci_0001.jpg,Kelli_White_0002.jpg,0.830857,1,1
473,Franko_Simatovic,Naji_Sabri,swap_Franko_Simatovic_0002_in_Naji_Sabri_0003.jpg,Franko_Simatovic_0002.jpg,Naji_Sabri_0003.jpg,0.073202,0,0
474,Rick_Stansbury,Rita_Wilson,swap_Rick_Stansbury_0001_in_Rita_Wilson_0003.jpg,Rick_Stansbury_0001.jpg,Rita_Wilson_0003.jpg,0.776878,1,1
475,Barry_Zito,Matthew_Broderick,swap_Barry_Zito_0001_in_Matthew_Broderick_0004.jpg,Barry_Zito_0001.jpg,Matthew_Broderick_0004.jpg,0.783355,1,1
476,Li_Peng,Angelina_Jolie,swap_Li_Peng_0007_in_Angelina_Jolie_0012.jpg,Li_Peng_0007.jpg,Angelina_Jolie_0012.jpg,0.672580,1,1
477,George_Foreman,Sylvester_Stallone,swap_George_Foreman_0001_in_Sylvester_Stallone_0006.jpg,George_Foreman_0001.jpg,Sylvester_Stallone_0006.jpg,0.822623,1,1
478,Venus_Williams,Barry_Zito,swap_Venus_Williams_0012_in_Barry_Zito_0001.jpg,Venus_Williams_0012.jpg,Barry_Zito_0001.jpg,0.692815,1,1
479,Stanley_McChrystal,Richard_Haass,swap_Stanley_McChrystal_0003_in_Richard_Haass_0001.jpg,Stanley_McChrystal_0003.jpg,Richard_Haass_0001.jpg,0.779980,1,1
480,Tom_Watson,Nicanor_Duarte_Frutos,swap_Tom_Watson_0003_in_Nicanor_Duarte_Frutos_0006.jpg,Tom_Watson_0003.jpg,Nicanor_Duarte_Frutos_0006.jpg,0.789932,1,1
481,Chok_Tong_Goh,Angelo_Reyes,swap_Chok_Tong_Goh_0002_in_Angelo_Reyes_0003.jpg,Chok_Tong_Goh_0002.jpg,Angelo_Reyes_0003.jpg,0.782434,1,1
482,Yoriko_Kawaguchi,Ralf_Schumacher,swap_Yoriko_Kawaguchi_0003_in_Ralf_Schumacher_0008.jpg,Yoriko_Kawaguchi_0003.jpg,Ralf_Schumacher_0008.jpg,0.589799,1,0
483,Rupert_Grint,Lleyton_Hewitt,swap_Rupert_Grint_0003_in_Lleyton_Hewitt_0012.jpg,Rupert_Grint_0003.jpg,Lleyton_Hewitt_0012.jpg,0.761379,1,1
484,Yasar_Yakis,Chris_Cooper,swap_Yasar_Yakis_0001_in_Chris_Cooper_0002.jpg,Yasar_Yakis_0001.jpg,Chris_Cooper_0002.jpg,0.769646,1,1
485,Anastasia_Myskina,Heath_Ledger,swap_Anastasia_Myskina_0001_in_Heath_Ledger_0001.jpg,Anastasia_Myskina_0001.jpg,Heath_Ledger_0001.jpg,0.678595,1,1
486,Vidar_Helgesen,Edie_Falco,swap_Vidar_Helgesen_0001_in_Edie_Falco_0002.jpg,Vidar_Helgesen_0001.jpg,Edie_Falco_0002.jpg,0.755073,1,1
487,Iban_Mayo,Martin_Cauchon,swap_Iban_Mayo_0002_in_Martin_Cauchon_0002.jpg,Iban_Mayo_0002.jpg,Martin_Cauchon_0002.jpg,0.792204,1,1
488,George_Clooney,Ana_Palacio,swap_George_Clooney_0004_in_Ana_Palacio_0005.jpg,George_Clooney_0004.jpg,Ana_Palacio_0005.jpg,0.801974,1,1
489,Jeremy_Shockey,Tubby_Smith,swap_Jeremy_Shockey_0001_in_Tubby_Smith_0003.jpg,Jeremy_Shockey_0001.jpg,Tubby_Smith_0003.jpg,0.755352,1,1
490,Jamie_Villafane,Gray_Davis,swap_Jamie_Villafane_0001_in_Gray_Davis_0026.jpg,Jamie_Villafane_0001.jpg,Gray_Davis_0026.jpg,0.813438,1,1
491,Jiri_Novak,Kiki_Vandeweghe,swap_Jiri_Novak_0007_in_Kiki_Vandeweghe_0002.jpg,Jiri_Novak_0007.jpg,Kiki_Vandeweghe_0002.jpg,0.775006,1,1
492,John_Reilly,Javier_Weber,swap_John_Reilly_0001_in_Javier_Weber_0002.jpg,John_Reilly_0001.jpg,Javier_Weber_0002.jpg,0.831230,1,1
493,Rosemarie_Stack,Marcus_Gronholm,swap_Rosemarie_Stack_0002_in_Marcus_Gronholm_0002.jpg,Rosemarie_Stack_0002.jpg,Marcus_Gronholm_0002.jpg,0.676573,1,1
494,Wen_Jiabao,Bill_Sizemore,swap_Wen_Jiabao_0012_in_Bill_Sizemore_0002.jpg,Wen_Jiabao_0012.jpg,Bill_Sizemore_0002.jpg,0.046759,0,0
495,Bill_Frist,Kelvin_Sampson,swap_Bill_Frist_0003_in_Kelvin_Sampson_0003.jpg,Bill_Frist_0003.jpg,Kelvin_Sampson_0003.jpg,0.791765,1,1
496,Heather_Mills,Jacques_Rogge,swap_Heather_Mills_0001_in_Jacques_Rogge_0002.jpg,Heather_Mills_0001.jpg,Jacques_Rogge_0002.jpg,0.763947,1,1
497,James_Maguire,Rick_Barnes,swap_James_Maguire_0002_in_Rick_Barnes_0002.jpg,James_Maguire_0002.jpg,Rick_Barnes_0002.jpg,0.758230,1,1
498,Kurt_Busch,Patricia_Heaton,swap_Kurt_Busch_0002_in_Patricia_Heaton_0001.jpg,Kurt_Busch_0002.jpg,Patricia_Heaton_0001.jpg,0.828047,1,1
499,Ron_Dittemore,Kosuke_Kitajima,swap_Ron_Dittemore_0006_in_Kosuke_Kitajima_0002.jpg,Ron_Dittemore_0006.jpg,Kosuke_Kitajima_0002.jpg,0.011435,0,0
500,Angela_Bassett,Sila_Calderon,swap_Angela_Bassett_0003_in_Sila_Calderon_0004.jpg,Angela_Bassett_0003.jpg,Sila_Calderon_0004.jpg,-0.022269,0,0
501,Greg_Owen,Queen_Latifah,swap_Greg_Owen_0001_in_Queen_Latifah_0001.jpg,Greg_Owen_0001.jpg,Queen_Latifah_0001.jpg,0.737521,1,1
502,Robby_Ginepri,Priscilla_Presley,swap_Robby_Ginepri_0002_in_Priscilla_Presley_0002.jpg,Robby_Ginepri_0002.jpg,Priscilla_Presley_0002.jpg,0.741996,1,1
503,Martha_Bowen,Wen_Jiabao,swap_Martha_Bowen_0001_in_Wen_Jiabao_0001.jpg,Martha_Bowen_0001.jpg,Wen_Jiabao_0001.jpg,0.811555,1,1
504,Chung_Mong-hun,Paul_Burrell,swap_Chung_Mong-hun_0002_in_Paul_Burrell_0001.jpg,Chung_Mong-hun_0002.jpg,Paul_Burrell_0001.jpg,0.102188,0,0
505,Charles_Grassley,Barry_Alvarez,swap_Charles_Grassley_0001_in_Barry_Alvarez_0002.jpg,Charles_Grassley_0001.jpg,Barry_Alvarez_0002.jpg,0.771664,1,1
506,Jessica_Lynch,John_McCain,swap_Jessica_Lynch_0001_in_John_McCain_0005.jpg,Jessica_Lynch_0001.jpg,John_McCain_0005.jpg,0.783659,1,1
507,Coretta_Scott_King,Robert_Stack,swap_Coretta_Scott_King_0002_in_Robert_Stack_0002.jpg,Coretta_Scott_King_0002.jpg,Robert_Stack_0002.jpg,0.725406,1,1
508,Joe_Gatti,Kosuke_Kitajima,swap_Joe_Gatti_0001_in_Kosuke_Kitajima_0001.jpg,Joe_Gatti_0001.jpg,Kosuke_Kitajima_0001.jpg,0.771903,1,1
509,Mel_Brooks,Jimmy_Carter,swap_Mel_Brooks_0002_in_Jimmy_Carter_0006.jpg,Mel_Brooks_0002.jpg,Jimmy_Carter_0006.jpg,0.712001,1,1
510,Reese_Witherspoon,Guillermo_Canas,swap_Reese_Witherspoon_0002_in_Guillermo_Canas_0001.jpg,Reese_Witherspoon_0002.jpg,Guillermo_Canas_0001.jpg,0.794683,1,1
511,Ali_Khamenei,Stephen_Ambrose,swap_Ali_Khamenei_0001_in_Stephen_Ambrose_0002.jpg,Ali_Khamenei_0001.jpg,Stephen_Ambrose_0002.jpg,0.454895,1,0
512,Martin_Sheen,John_Rigas,swap_Martin_Sheen_0001_in_John_Rigas_0002.jpg,Martin_Sheen_0001.jpg,John_Rigas_0002.jpg,0.090486,0,0
513,Tony_Bennett,Georgi_Parvanov,swap_Tony_Bennett_0004_in_Georgi_Parvanov_0001.jpg,Tony_Bennett_0004.jpg,Georgi_Parvanov_0001.jpg,0.772283,1,1
514,Paul_ONeill,Hamid_Karzai,swap_Paul_ONeill_0008_in_Hamid_Karzai_0007.jpg,Paul_ONeill_0008.jpg,Hamid_Karzai_0007.jpg,0.832586,1,1
515,Cesar_Gaviria,Chris_Rock,swap_Cesar_Gaviria_0002_in_Chris_Rock_0002.jpg,Cesar_Gaviria_0002.jpg,Chris_Rock_0002.jpg,0.860789,1,1
516,David_Trimble,Sean_Astin,swap_David_Trimble_0004_in_Sean_Astin_0001.jpg,David_Trimble_0004.jpg,Sean_Astin_0001.jpg,0.733247,1,1
517,Yann_Martel,Roberto_Marinho,swap_Yann_Martel_0002_in_Roberto_Marinho_0003.jpg,Yann_Martel_0002.jpg,Roberto_Marinho_0003.jpg,0.861354,1,1
518,Jeanne_Moreau,Scott_McClellan,swap_Jeanne_Moreau_0001_in_Scott_McClellan_0005.jpg,Jeanne_Moreau_0001.jpg,Scott_McClellan_0005.jpg,-0.082947,0,0
519,Michael_Winterbottom,Harry_Schmidt,swap_Michael_Winterbottom_0002_in_Harry_Schmidt_0002.jpg,Michael_Winterbottom_0002.jpg,Harry_Schmidt_0002.jpg,0.766860,1,1
520,Scott_Rudin,Scott_McClellan,swap_Scott_Rudin_0001_in_Scott_McClellan_0003.jpg,Scott_Rudin_0001.jpg,Scott_McClellan_0003.jpg,0.768011,1,1
521,Mark_Hurlbert,Eva_Dimas,swap_Mark_Hurlbert_0001_in_Eva_Dimas_0001.jpg,Mark_Hurlbert_0001.jpg,Eva_Dimas_0001.jpg,0.791194,1,1
522,Vince_Carter,Christine_Ebersole,swap_Vince_Carter_0002_in_Christine_Ebersole_0002.jpg,Vince_Carter_0002.jpg,Christine_Ebersole_0002.jpg,0.761585,1,1
523,Ali_Khamenei,Jessica_Alba,swap_Ali_Khamenei_0003_in_Jessica_Alba_0002.jpg,Ali_Khamenei_0003.jpg,Jessica_Alba_0002.jpg,0.405030,0,0
524,Lesley_McCulloch,William_Burns,swap_Lesley_McCulloch_0003_in_William_Burns_0001.jpg,Lesley_McCulloch_0003.jpg,William_Burns_0001.jpg,0.780108,1,1
525,Paul_ONeill,Bo_Pelini,swap_Paul_ONeill_0002_in_Bo_Pelini_0002.jpg,Paul_ONeill_0002.jpg,Bo_Pelini_0002.jpg,0.749129,1,1
526,Jon_Voight,Serena_Williams,swap_Jon_Voight_0003_in_Serena_Williams_0031.jpg,Jon_Voight_0003.jpg,Serena_Williams_0031.jpg,0.857461,1,1
527,Matt_Doherty,Juan_Ignacio_Chela,swap_Matt_Doherty_0002_in_Juan_Ignacio_Chela_0003.jpg,Matt_Doherty_0002.jpg,Juan_Ignacio_Chela_0003.jpg,0.741388,1,1
528,Bertie_Ahern,Chang_Dae-whan,swap_Bertie_Ahern_0003_in_Chang_Dae-whan_0001.jpg,Bertie_Ahern_0003.jpg,Chang_Dae-whan_0001.jpg,0.755493,1,1
529,Lance_Bass,Leonard_Hamilton,swap_Lance_Bass_0005_in_Leonard_Hamilton_0002.jpg,Lance_Bass_0005.jpg,Leonard_Hamilton_0002.jpg,0.736014,1,1
530,Charles_Schumer,Trent_Lott,swap_Charles_Schumer_0001_in_Trent_Lott_0005.jpg,Charles_Schumer_0001.jpg,Trent_Lott_0005.jpg,0.788131,1,1
531,Kenneth_Branagh,Marina_Anissina,swap_Kenneth_Branagh_0001_in_Marina_Anissina_0001.jpg,Kenneth_Branagh_0001.jpg,Marina_Anissina_0001.jpg,0.803770,1,1
532,Martin_Verkerk,Constance_Marie,swap_Martin_Verkerk_0002_in_Constance_Marie_0001.jpg,Martin_Verkerk_0002.jpg,Constance_Marie_0001.jpg,0.733733,1,1
533,Daniela_Hantuchova,James_Blake,swap_Daniela_Hantuchova_0001_in_James_Blake_0006.jpg,Daniela_Hantuchova_0001.jpg,James_Blake_0006.jpg,0.699379,1,1
534,Martina_Hingis,Hal_Gehman,swap_Martina_Hingis_0001_in_Hal_Gehman_0003.jpg,Martina_Hingis_0001.jpg,Hal_Gehman_0003.jpg,0.743876,1,1
535,Duane_Lee_Chapman,Princess_Anne,swap_Duane_Lee_Chapman_0002_in_Princess_Anne_0001.jpg,Duane_Lee_Chapman_0002.jpg,Princess_Anne_0001.jpg,0.762591,1,1
536,Peter_Struck,Hitomi_Soga,swap_Peter_Struck_0005_in_Hitomi_Soga_0005.jpg,Peter_Struck_0005.jpg,Hitomi_Soga_0005.jpg,0.684744,1,1
537,Boris_Berezovsky,Marina_Anissina,swap_Boris_Berezovsky_0001_in_Marina_Anissina_0001.jpg,Boris_Berezovsky_0001.jpg,Marina_Anissina_0001.jpg,0.784265,1,1
538,David_Nalbandian,Richard_Sambrook,swap_David_Nalbandian_0010_in_Richard_Sambrook_0002.jpg,David_Nalbandian_0010.jpg,Richard_Sambrook_0002.jpg,0.759577,1,1
539,Monica_Bellucci,Andy_Hebb,swap_Monica_Bellucci_0001_in_Andy_Hebb_0001.jpg,Monica_Bellucci_0001.jpg,Andy_Hebb_0001.jpg,0.771004,1,1
540,Anna_Kournikova,Rafael_Ramirez,swap_Anna_Kournikova_0010_in_Rafael_Ramirez_0003.jpg,Anna_Kournikova_0010.jpg,Rafael_Ramirez_0003.jpg,0.732542,1,1
541,Ricardo_Lagos,Elizabeth_Taylor,swap_Ricardo_Lagos_0025_in_Elizabeth_Taylor_0002.jpg,Ricardo_Lagos_0025.jpg,Elizabeth_Taylor_0002.jpg,0.576788,1,0
542,Pedro_Almodovar,Queen_Elizabeth_II,swap_Pedro_Almodovar_0001_in_Queen_Elizabeth_II_0008.jpg,Pedro_Almodovar_0001.jpg,Queen_Elizabeth_II_0008.jpg,0.823487,1,1
543,Phil_Gramm,Michelle_Pfeiffer,swap_Phil_Gramm_0002_in_Michelle_Pfeiffer_0003.jpg,Phil_Gramm_0002.jpg,Michelle_Pfeiffer_0003.jpg,0.653596,1,1
544,Hipolito_Mejia,Luis_Ernesto_Derbez_Bautista,swap_Hipolito_Mejia_0002_in_Luis_Ernesto_Derbez_Bautista_0006.jpg,Hipolito_Mejia_0002.jpg,Luis_Ernesto_Derbez_Bautista_0006.jpg,0.765029,1,1
545,Jose_Sarney,Henrique_Meirelles,swap_Jose_Sarney_0002_in_Henrique_Meirelles_0001.jpg,Jose_Sarney_0002.jpg,Henrique_Meirelles_0001.jpg,0.755980,1,1
546,Roman_Polanski,Arturo_Gatti,swap_Roman_Polanski_0002_in_Arturo_Gatti_0002.jpg,Roman_Polanski_0002.jpg,Arturo_Gatti_0002.jpg,0.049733,0,0
547,Julianna_Margulies,Luis_Gonzalez_Macchi,swap_Julianna_Margulies_0002_in_Luis_Gonzalez_Macchi_0002.jpg,Julianna_Margulies_0002.jpg,Luis_Gonzalez_Macchi_0002.jpg,0.709264,1,1
548,Jay_Leno,Paul-Henri_Mathieu,swap_Jay_Leno_0001_in_Paul-Henri_Mathieu_0002.jpg,Jay_Leno_0001.jpg,Paul-Henri_Mathieu_0002.jpg,0.818314,1,1
549,Sergio_Garcia,Jack_Straw,swap_Sergio_Garcia_0002_in_Jack_Straw_0013.jpg,Sergio_Garcia_0002.jpg,Jack_Straw_0013.jpg,0.764913,1,1
550,Chen_Liang_Yu,Tiger_Woods,swap_Chen_Liang_Yu_0002_in_Tiger_Woods_0017.jpg,Chen_Liang_Yu_0002.jpg,Tiger_Woods_0017.jpg,0.713325,1,1
551,Mohamed_ElBaradei,Candice_Bergen,swap_Mohamed_ElBaradei_0006_in_Candice_Bergen_0001.jpg,Mohamed_ElBaradei_0006.jpg,Candice_Bergen_0001.jpg,0.723174,1,1
552,Leonardo_DiCaprio,Celso_Amorim,swap_Leonardo_DiCaprio_0005_in_Celso_Amorim_0002.jpg,Leonardo_DiCaprio_0005.jpg,Celso_Amorim_0002.jpg,0.812655,1,1
553,Gary_Bergeron,Christopher_Reeve,swap_Gary_Bergeron_0001_in_Christopher_Reeve_0001.jpg,Gary_Bergeron_0001.jpg,Christopher_Reeve_0001.jpg,0.828059,1,1
554,Harry_Schmidt,John_McCormack,swap_Harry_Schmidt_0004_in_John_McCormack_0001.jpg,Harry_Schmidt_0004.jpg,John_McCormack_0001.jpg,0.095524,0,0
555,Dan_Morales,Yoriko_Kawaguchi,swap_Dan_Morales_0002_in_Yoriko_Kawaguchi_0010.jpg,Dan_Morales_0002.jpg,Yoriko_Kawaguchi_0010.jpg,0.798086,1,1
556,Sharon_Davis,Inam-ul-Haq,swap_Sharon_Davis_0001_in_Inam-ul-Haq_0001.jpg,Sharon_Davis_0001.jpg,Inam-ul-Haq_0001.jpg,0.703420,1,1
557,Maria_Luisa_Mendonca,Martin_Brodeur,swap_Maria_Luisa_Mendonca_0002_in_Martin_Brodeur_0002.jpg,Maria_Luisa_Mendonca_0002.jpg,Martin_Brodeur_0002.jpg,0.078258,0,0
558,Hun_Sen,Marcus_Gronholm,swap_Hun_Sen_0001_in_Marcus_Gronholm_0001.jpg,Hun_Sen_0001.jpg,Marcus_Gronholm_0001.jpg,0.124535,0,0
559,John_Warner,Mark_Cuban,swap_John_Warner_0004_in_Mark_Cuban_0001.jpg,John_Warner_0004.jpg,Mark_Cuban_0001.jpg,0.809336,1,1
560,Emma_Thompson,Nick_Nolte,swap_Emma_Thompson_0002_in_Nick_Nolte_0001.jpg,Emma_Thompson_0002.jpg,Nick_Nolte_0001.jpg,0.784963,1,1
561,Antonio_Banderas,Guy_Hemmings,swap_Antonio_Banderas_0004_in_Guy_Hemmings_0002.jpg,Antonio_Banderas_0004.jpg,Guy_Hemmings_0002.jpg,0.760961,1,1
562,Hamzah_Haz,Michael_Jackson,swap_Hamzah_Haz_0001_in_Michael_Jackson_0002.jpg,Hamzah_Haz_0001.jpg,Michael_Jackson_0002.jpg,0.721053,1,1
563,Kemal_Dervis,Chris_Bell,swap_Kemal_Dervis_0002_in_Chris_Bell_0002.jpg,Kemal_Dervis_0002.jpg,Chris_Bell_0002.jpg,0.792755,1,1
564,Tim_Henman,Joschka_Fischer,swap_Tim_Henman_0012_in_Joschka_Fischer_0002.jpg,Tim_Henman_0012.jpg,Joschka_Fischer_0002.jpg,0.702193,1,1
565,Jorge_Arce,Antonio_Palocci,swap_Jorge_Arce_0001_in_Antonio_Palocci_0006.jpg,Jorge_Arce_0001.jpg,Antonio_Palocci_0006.jpg,0.700908,1,1
566,Mike_Scioscia,Harrison_Ford,swap_Mike_Scioscia_0001_in_Harrison_Ford_0007.jpg,Mike_Scioscia_0001.jpg,Harrison_Ford_0007.jpg,0.782893,1,1
567,Mario_Kreutzberger,Larry_Bowa,swap_Mario_Kreutzberger_0002_in_Larry_Bowa_0001.jpg,Mario_Kreutzberger_0002.jpg,Larry_Bowa_0001.jpg,0.815226,1,1
568,Charles_Taylor,Brian_Griese,swap_Charles_Taylor_0007_in_Brian_Griese_0002.jpg,Charles_Taylor_0007.jpg,Brian_Griese_0002.jpg,0.695242,1,1
569,Vivica_Fox,Javier_Weber,swap_Vivica_Fox_0002_in_Javier_Weber_0001.jpg,Vivica_Fox_0002.jpg,Javier_Weber_0001.jpg,0.802035,1,1
570,Eddy_Merckx,Patricia_Clarkson,swap_Eddy_Merckx_0002_in_Patricia_Clarkson_0001.jpg,Eddy_Merckx_0002.jpg,Patricia_Clarkson_0001.jpg,0.839122,1,1
571,Ann_Veneman,Andrei_Mikhnevich,swap_Ann_Veneman_0003_in_Andrei_Mikhnevich_0002.jpg,Ann_Veneman_0003.jpg,Andrei_Mikhnevich_0002.jpg,0.827150,1,1
572,William_Donaldson,Lindsay_Davenport,swap_William_Donaldson_0005_in_Lindsay_Davenport_0015.jpg,William_Donaldson_0005.jpg,Lindsay_Davenport_0015.jpg,0.790205,1,1
573,Clint_Eastwood,Patty_Schnyder,swap_Clint_Eastwood_0005_in_Patty_Schnyder_0002.jpg,Clint_Eastwood_0005.jpg,Patty_Schnyder_0002.jpg,0.676803,1,1
574,James_Maguire,Paul_Pierce,swap_James_Maguire_0002_in_Paul_Pierce_0001.jpg,James_Maguire_0002.jpg,Paul_Pierce_0001.jpg,0.757339,1,1
575,John_Walsh,Paula_Radcliffe,swap_John_Walsh_0002_in_Paula_Radcliffe_0005.jpg,John_Walsh_0002.jpg,Paula_Radcliffe_0005.jpg,0.813758,1,1
576,Janica_Kostelic,Mark_Gottfried,swap_Janica_Kostelic_0002_in_Mark_Gottfried_0003.jpg,Janica_Kostelic_0002.jpg,Mark_Gottfried_0003.jpg,0.697883,1,1
577,Mohammed_Al-Douri,Hichiro_Naemura,swap_Mohammed_Al-Douri_0008_in_Hichiro_Naemura_0001.jpg,Mohammed_Al-Douri_0008.jpg,Hichiro_Naemura_0001.jpg,0.784473,1,1
578,Jo_Dee_Messina,James_Wolfensohn,swap_Jo_Dee_Messina_0001_in_James_Wolfensohn_0004.jpg,Jo_Dee_Messina_0001.jpg,James_Wolfensohn_0004.jpg,0.730114,1,1
579,Nicolas_Cage,Hugo_Chavez,swap_Nicolas_Cage_0001_in_Hugo_Chavez_0061.jpg,Nicolas_Cage_0001.jpg,Hugo_Chavez_0061.jpg,0.807770,1,1
580,Gilberto_Rodriguez_Orejuela,Richard_Crenna,swap_Gilberto_Rodriguez_Orejuela_0002_in_Richard_Crenna_0001.jpg,Gilberto_Rodriguez_Orejuela_0002.jpg,Richard_Crenna_0001.jpg,0.856334,1,1
581,Nicolas_Cage,Lord_Hutton,swap_Nicolas_Cage_0002_in_Lord_Hutton_0002.jpg,Nicolas_Cage_0002.jpg,Lord_Hutton_0002.jpg,0.805305,1,1
582,Claudia_Pechstein,Roberto_Benigni,swap_Claudia_Pechstein_0002_in_Roberto_Benigni_0001.jpg,Claudia_Pechstein_0002.jpg,Roberto_Benigni_0001.jpg,0.670282,1,1
583,Nancy_Reagan,Saddam_Hussein,swap_Nancy_Reagan_0001_in_Saddam_Hussein_0007.jpg,Nancy_Reagan_0001.jpg,Saddam_Hussein_0007.jpg,0.597232,1,0
584,Aldo_Paredes,Kirk_Ferentz,swap_Aldo_Paredes_0002_in_Kirk_Ferentz_0002.jpg,Aldo_Paredes_0002.jpg,Kirk_Ferentz_0002.jpg,-0.046368,0,0
585,Conan_OBrien,Juanes,swap_Conan_OBrien_0002_in_Juanes_0002.jpg,Conan_OBrien_0002.jpg,Juanes_0002.jpg,0.779320,1,1
586,Marieta_Chrousala,Tony_Bennett,swap_Marieta_Chrousala_0003_in_Tony_Bennett_0004.jpg,Marieta_Chrousala_0003.jpg,Tony_Bennett_0004.jpg,0.799322,1,1
587,Stephen_Ambrose,Silvan_Shalom,swap_Stephen_Ambrose_0001_in_Silvan_Shalom_0006.jpg,Stephen_Ambrose_0001.jpg,Silvan_Shalom_0006.jpg,0.737149,1,1
588,Christina_Aguilera,Martina_Hingis,swap_Christina_Aguilera_0002_in_Martina_Hingis_0003.jpg,Christina_Aguilera_0002.jpg,Martina_Hingis_0003.jpg,0.616140,1,1
589,James_Franco,Rick_Perry,swap_James_Franco_0002_in_Rick_Perry_0005.jpg,James_Franco_0002.jpg,Rick_Perry_0005.jpg,0.812024,1,1
590,John_Blaney,Intisar_Ajouri,swap_John_Blaney_0001_in_Intisar_Ajouri_0002.jpg,John_Blaney_0001.jpg,Intisar_Ajouri_0002.jpg,0.736367,1,1
591,Michael_Ballack,Jean-Claude_Trichet,swap_Michael_Ballack_0003_in_Jean-Claude_Trichet_0002.jpg,Michael_Ballack_0003.jpg,Jean-Claude_Trichet_0002.jpg,0.744157,1,1
592,Robert_Fico,Tommy_Franks,swap_Robert_Fico_0002_in_Tommy_Franks_0016.jpg,Robert_Fico_0002.jpg,Tommy_Franks_0016.jpg,0.785915,1,1
593,Donatella_Versace,Gao_Qiang,swap_Donatella_Versace_0002_in_Gao_Qiang_0002.jpg,Donatella_Versace_0002.jpg,Gao_Qiang_0002.jpg,0.739804,1,1
594,Evan_Rachel_Wood,Henrique_Meirelles,swap_Evan_Rachel_Wood_0002_in_Henrique_Meirelles_0001.jpg,Evan_Rachel_Wood_0002.jpg,Henrique_Meirelles_0001.jpg,0.786422,1,1
595,Ron_Howard,Sam_Mendes,swap_Ron_Howard_0002_in_Sam_Mendes_0002.jpg,Ron_Howard_0002.jpg,Sam_Mendes_0002.jpg,0.798383,1,1
596,Lon_Kruger,Jefferson_Perez,swap_Lon_Kruger_0002_in_Jefferson_Perez_0002.jpg,Lon_Kruger_0002.jpg,Jefferson_Perez_0002.jpg,0.699602,1,1
597,Celine_Dion,Nanni_Moretti,swap_Celine_Dion_0007_in_Nanni_Moretti_0002.jpg,Celine_Dion_0007.jpg,Nanni_Moretti_0002.jpg,0.809288,1,1
598,Zhu_Rongji,Jean-Sebastien_Giguere,swap_Zhu_Rongji_0003_in_Jean-Sebastien_Giguere_0002.jpg,Zhu_Rongji_0003.jpg,Jean-Sebastien_Giguere_0002.jpg,0.807249,1,1
599,Angela_Bassett,Hans_Eichel,swap_Angela_Bassett_0006_in_Hans_Eichel_0001.jpg,Angela_Bassett_0006.jpg,Hans_Eichel_0001.jpg,0.091305,0,0
600,Jean_Charest,Kjell_Magne_Bondevik,swap_Jean_Charest_0009_in_Kjell_Magne_Bondevik_0003.jpg,Jean_Charest_0009.jpg,Kjell_Magne_Bondevik_0003.jpg,0.810492,1,1
601,Lloyd_Ward,Emile_Lahoud,swap_Lloyd_Ward_0001_in_Emile_Lahoud_0002.jpg,Lloyd_Ward_0001.jpg,Emile_Lahoud_0002.jpg,0.796040,1,1
602,Mohammad_Khatami,Rupert_Murdoch,swap_Mohammad_Khatami_0005_in_Rupert_Murdoch_0001.jpg,Mohammad_Khatami_0005.jpg,Rupert_Murdoch_0001.jpg,0.706409,1,1
603,Carlos_Bianchi,Paul_William_Hurley,swap_Carlos_Bianchi_0001_in_Paul_William_Hurley_0001.jpg,Carlos_Bianchi_0001.jpg,Paul_William_Hurley_0001.jpg,0.767083,1,1
604,Antonio_Banderas,Rob_Schneider,swap_Antonio_Banderas_0005_in_Rob_Schneider_0001.jpg,Antonio_Banderas_0005.jpg,Rob_Schneider_0001.jpg,-0.049323,0,0
605,Pupi_Avati,Filippo_Inzaghi,swap_Pupi_Avati_0001_in_Filippo_Inzaghi_0001.jpg,Pupi_Avati_0001.jpg,Filippo_Inzaghi_0001.jpg,0.019076,0,0
606,Jude_Law,James_Smith,swap_Jude_Law_0002_in_James_Smith_0001.jpg,Jude_Law_0002.jpg,James_Smith_0001.jpg,0.662132,1,1
607,Roberto_Carlos,Tom_Reilly,swap_Roberto_Carlos_0002_in_Tom_Reilly_0001.jpg,Roberto_Carlos_0002.jpg,Tom_Reilly_0001.jpg,0.760102,1,1
608,Mike_Krzyzewski,Daisy_Fuentes,swap_Mike_Krzyzewski_0004_in_Daisy_Fuentes_0004.jpg,Mike_Krzyzewski_0004.jpg,Daisy_Fuentes_0004.jpg,0.708849,1,1
609,Lisa_Raymond,Renee_Zellweger,swap_Lisa_Raymond_0001_in_Renee_Zellweger_0010.jpg,Lisa_Raymond_0001.jpg,Renee_Zellweger_0010.jpg,0.722391,1,1
610,Jacques_Rogge,Hamid_Karzai,swap_Jacques_Rogge_0001_in_Hamid_Karzai_0003.jpg,Jacques_Rogge_0001.jpg,Hamid_Karzai_0003.jpg,0.775246,1,1
611,Ricardo_Maduro,Naomi_Campbell,swap_Ricardo_Maduro_0001_in_Naomi_Campbell_0001.jpg,Ricardo_Maduro_0001.jpg,Naomi_Campbell_0001.jpg,0.811186,1,1
612,Debra_Brown,Julio_Iglesias_Jr,swap_Debra_Brown_0001_in_Julio_Iglesias_Jr_0001.jpg,Debra_Brown_0001.jpg,Julio_Iglesias_Jr_0001.jpg,0.777543,1,1
613,Jon_Corzine,Vanessa_Williams,swap_Jon_Corzine_0002_in_Vanessa_Williams_0001.jpg,Jon_Corzine_0002.jpg,Vanessa_Williams_0001.jpg,0.686106,1,1
614,Tamara_Brooks,Harry_Belafonte,swap_Tamara_Brooks_0001_in_Harry_Belafonte_0001.jpg,Tamara_Brooks_0001.jpg,Harry_Belafonte_0001.jpg,0.794201,1,1
615,Hermann_Maier,Mukesh_Ambani,swap_Hermann_Maier_0001_in_Mukesh_Ambani_0002.jpg,Hermann_Maier_0001.jpg,Mukesh_Ambani_0002.jpg,0.701853,1,1
616,Hal_Sutton,Lars_Von_Trier,swap_Hal_Sutton_0002_in_Lars_Von_Trier_0001.jpg,Hal_Sutton_0002.jpg,Lars_Von_Trier_0001.jpg,0.783551,1,1
617,Mario_Kreutzberger,Leslie_Ann_Woodward,swap_Mario_Kreutzberger_0002_in_Leslie_Ann_Woodward_0001.jpg,Mario_Kreutzberger_0002.jpg,Leslie_Ann_Woodward_0001.jpg,0.785251,1,1
618,Wu_Yi,Carlos_Quintanilla_Schmidt,swap_Wu_Yi_0002_in_Carlos_Quintanilla_Schmidt_0001.jpg,Wu_Yi_0002.jpg,Carlos_Quintanilla_Schmidt_0001.jpg,0.492001,1,0
619,Sourav_Ganguly,Lawrence_MacAulay,swap_Sourav_Ganguly_0003_in_Lawrence_MacAulay_0001.jpg,Sourav_Ganguly_0003.jpg,Lawrence_MacAulay_0001.jpg,0.780893,1,1
620,Al_Pacino,Stephen_Friedman,swap_Al_Pacino_0002_in_Stephen_Friedman_0002.jpg,Al_Pacino_0002.jpg,Stephen_Friedman_0002.jpg,0.675789,1,1
621,Muhammad_Saeed_al-Sahhaf,Robert_Duvall,swap_Muhammad_Saeed_al-Sahhaf_0002_in_Robert_Duvall_0003.jpg,Muhammad_Saeed_al-Sahhaf_0002.jpg,Robert_Duvall_0003.jpg,0.753765,1,1
622,Paul_McCartney,Queen_Elizabeth_II,swap_Paul_McCartney_0004_in_Queen_Elizabeth_II_0007.jpg,Paul_McCartney_0004.jpg,Queen_Elizabeth_II_0007.jpg,0.817587,1,1
623,Martin_Cauchon,James_Maguire,swap_Martin_Cauchon_0001_in_James_Maguire_0002.jpg,Martin_Cauchon_0001.jpg,James_Maguire_0002.jpg,0.762178,1,1
624,Rob_Marshall,Branko_Crvenkovski,swap_Rob_Marshall_0002_in_Branko_Crvenkovski_0001.jpg,Rob_Marshall_0002.jpg,Branko_Crvenkovski_0001.jpg,0.836056,1,1
625,Lisa_Raymond,James_Caan,swap_Lisa_Raymond_0001_in_James_Caan_0001.jpg,Lisa_Raymond_0001.jpg,James_Caan_0001.jpg,0.676547,1,1
626,Geraldine_Chaplin,John_McCallum,swap_Geraldine_Chaplin_0002_in_John_McCallum_0002.jpg,Geraldine_Chaplin_0002.jpg,John_McCallum_0002.jpg,0.794984,1,1
627,Terry_Stotts,Giuseppe_Gibilisco,swap_Terry_Stotts_0002_in_Giuseppe_Gibilisco_0003.jpg,Terry_Stotts_0002.jpg,Giuseppe_Gibilisco_0003.jpg,0.782156,1,1
628,Nicholas_Byron,Shaukat_Aziz,swap_Nicholas_Byron_0001_in_Shaukat_Aziz_0002.jpg,Nicholas_Byron_0001.jpg,Shaukat_Aziz_0002.jpg,0.819948,1,1
629,Rich_Gannon,Jesse_Jackson,swap_Rich_Gannon_0001_in_Jesse_Jackson_0001.jpg,Rich_Gannon_0001.jpg,Jesse_Jackson_0001.jpg,0.010412,0,0
630,Rita_Moreno,Carson_Daly,swap_Rita_Moreno_0002_in_Carson_Daly_0002.jpg,Rita_Moreno_0002.jpg,Carson_Daly_0002.jpg,0.020963,0,0
631,Dan_Morales,Jose_Mourinho,swap_Dan_Morales_0003_in_Jose_Mourinho_0002.jpg,Dan_Morales_0003.jpg,Jose_Mourinho_0002.jpg,0.808652,1,1
632,Ron_Howard,Carolyn_Dawn_Johnson,swap_Ron_Howard_0002_in_Carolyn_Dawn_Johnson_0002.jpg,Ron_Howard_0002.jpg,Carolyn_Dawn_Johnson_0002.jpg,0.667063,1,1
633,Paul_Tagliabue,Erin_Runnion,swap_Paul_Tagliabue_0002_in_Erin_Runnion_0002.jpg,Paul_Tagliabue_0002.jpg,Erin_Runnion_0002.jpg,0.769634,1,1
634,Liza_Minnelli,Constance_Marie,swap_Liza_Minnelli_0004_in_Constance_Marie_0003.jpg,Liza_Minnelli_0004.jpg,Constance_Marie_0003.jpg,0.841732,1,1
635,Patti_Labelle,Joe_Torre,swap_Patti_Labelle_0002_in_Joe_Torre_0004.jpg,Patti_Labelle_0002.jpg,Joe_Torre_0004.jpg,0.784907,1,1
636,Thomas_Bjorn,Michael_Jordan,swap_Thomas_Bjorn_0001_in_Michael_Jordan_0002.jpg,Thomas_Bjorn_0001.jpg,Michael_Jordan_0002.jpg,0.813849,1,1
637,Robert_Zoellick,Thaksin_Shinawatra,swap_Robert_Zoellick_0005_in_Thaksin_Shinawatra_0001.jpg,Robert_Zoellick_0005.jpg,Thaksin_Shinawatra_0001.jpg,0.681429,1,1
638,Matt_Doherty,Kurt_Russell,swap_Matt_Doherty_0003_in_Kurt_Russell_0002.jpg,Matt_Doherty_0003.jpg,Kurt_Russell_0002.jpg,0.776887,1,1
639,Bill_Callahan,Monica_Lewinsky,swap_Bill_Callahan_0001_in_Monica_Lewinsky_0001.jpg,Bill_Callahan_0001.jpg,Monica_Lewinsky_0001.jpg,0.760409,1,1
640,Miguel_Contreras,Mark_Cuban,swap_Miguel_Contreras_0001_in_Mark_Cuban_0001.jpg,Miguel_Contreras_0001.jpg,Mark_Cuban_0001.jpg,0.718855,1,1
641,Dave_Campo,James_Maguire,swap_Dave_Campo_0003_in_James_Maguire_0002.jpg,Dave_Campo_0003.jpg,James_Maguire_0002.jpg,0.734847,1,1
642,Carolina_Moraes,Robert_Zoellick,swap_Carolina_Moraes_0001_in_Robert_Zoellick_0006.jpg,Carolina_Moraes_0001.jpg,Robert_Zoellick_0006.jpg,0.713214,1,1
643,Nick_Nolte,Madeleine_Albright,swap_Nick_Nolte_0001_in_Madeleine_Albright_0003.jpg,Nick_Nolte_0001.jpg,Madeleine_Albright_0003.jpg,0.803425,1,1
644,Kristin_Davis,Wu_Yi,swap_Kristin_Davis_0001_in_Wu_Yi_0002.jpg,Kristin_Davis_0001.jpg,Wu_Yi_0002.jpg,0.755531,1,1
645,Chick_Hearn,Martha_Burk,swap_Chick_Hearn_0002_in_Martha_Burk_0004.jpg,Chick_Hearn_0002.jpg,Martha_Burk_0004.jpg,0.737959,1,1
646,Monica_Bellucci,Aron_Ralston,swap_Monica_Bellucci_0004_in_Aron_Ralston_0002.jpg,Monica_Bellucci_0004.jpg,Aron_Ralston_0002.jpg,0.014432,0,0
647,Shaul_Mofaz,Alex_Barros,swap_Shaul_Mofaz_0002_in_Alex_Barros_0002.jpg,Shaul_Mofaz_0002.jpg,Alex_Barros_0002.jpg,0.842209,1,1
648,Zafarullah_Khan_Jamali,Abdullah_al-Attiyah,swap_Zafarullah_Khan_Jamali_0001_in_Abdullah_al-Attiyah_0003.jpg,Zafarullah_Khan_Jamali_0001.jpg,Abdullah_al-Attiyah_0003.jpg,0.693168,1,1
649,Bernard_Lord,Ann_Veneman,swap_Bernard_Lord_0002_in_Ann_Veneman_0006.jpg,Bernard_Lord_0002.jpg,Ann_Veneman_0006.jpg,0.805994,1,1
650,Saddam_Hussein,Augusto_Roa_Bastos,swap_Saddam_Hussein_0018_in_Augusto_Roa_Bastos_0001.jpg,Saddam_Hussein_0018.jpg,Augusto_Roa_Bastos_0001.jpg,0.713421,1,1
651,Ben_Affleck,Lily_Tomlin,swap_Ben_Affleck_0001_in_Lily_Tomlin_0002.jpg,Ben_Affleck_0001.jpg,Lily_Tomlin_0002.jpg,0.686659,1,1
652,Joseph_Deiss,Denzel_Washington,swap_Joseph_Deiss_0001_in_Denzel_Washington_0004.jpg,Joseph_Deiss_0001.jpg,Denzel_Washington_0004.jpg,0.686625,1,1
653,Joerg_Haider,John_Mayer,swap_Joerg_Haider_0002_in_John_Mayer_0002.jpg,Joerg_Haider_0002.jpg,John_Mayer_0002.jpg,0.783238,1,1
654,John_Ashcroft,Bill_McBride,swap_John_Ashcroft_0044_in_Bill_McBride_0009.jpg,John_Ashcroft_0044.jpg,Bill_McBride_0009.jpg,0.829716,1,1
655,Choi_Sung-hong,Rich_Gannon,swap_Choi_Sung-hong_0003_in_Rich_Gannon_0001.jpg,Choi_Sung-hong_0003.jpg,Rich_Gannon_0001.jpg,0.674617,1,1
656,Dennis_Kozlowski,Michael_Jordan,swap_Dennis_Kozlowski_0002_in_Michael_Jordan_0002.jpg,Dennis_Kozlowski_0002.jpg,Michael_Jordan_0002.jpg,0.798110,1,1
657,Silvia_Farina_Elia,Ernie_Fletcher,swap_Silvia_Farina_Elia_0001_in_Ernie_Fletcher_0001.jpg,Silvia_Farina_Elia_0001.jpg,Ernie_Fletcher_0001.jpg,0.704718,1,1
658,Hermann_Maier,Lee_Tae-sik,swap_Hermann_Maier_0002_in_Lee_Tae-sik_0002.jpg,Hermann_Maier_0002.jpg,Lee_Tae-sik_0002.jpg,0.629268,1,1
659,Felix_Mantilla,Garry_Trudeau,swap_Felix_Mantilla_0002_in_Garry_Trudeau_0002.jpg,Felix_Mantilla_0002.jpg,Garry_Trudeau_0002.jpg,0.753243,1,1
660,Courtney_Love,Gregg_Popovich,swap_Courtney_Love_0001_in_Gregg_Popovich_0001.jpg,Courtney_Love_0001.jpg,Gregg_Popovich_0001.jpg,0.718440,1,1
661,Amanda_Beard,Xanana_Gusmao,swap_Amanda_Beard_0002_in_Xanana_Gusmao_0005.jpg,Amanda_Beard_0002.jpg,Xanana_Gusmao_0005.jpg,0.705722,1,1
662,Tom_Brady,Alan_Mulally,swap_Tom_Brady_0001_in_Alan_Mulally_0001.jpg,Tom_Brady_0001.jpg,Alan_Mulally_0001.jpg,0.828723,1,1
663,Barry_Alvarez,Brooke_Shields,swap_Barry_Alvarez_0001_in_Brooke_Shields_0002.jpg,Barry_Alvarez_0001.jpg,Brooke_Shields_0002.jpg,0.786071,1,1
664,Pamela_Anderson,Robert_Blake,swap_Pamela_Anderson_0001_in_Robert_Blake_0004.jpg,Pamela_Anderson_0001.jpg,Robert_Blake_0004.jpg,0.713887,1,1
665,Steve_Waugh,Angelo_Reyes,swap_Steve_Waugh_0002_in_Angelo_Reyes_0004.jpg,Steve_Waugh_0002.jpg,Angelo_Reyes_0004.jpg,0.083105,0,0
666,Fran_Drescher,Michael_Patrick_King,swap_Fran_Drescher_0001_in_Michael_Patrick_King_0001.jpg,Fran_Drescher_0001.jpg,Michael_Patrick_King_0001.jpg,0.703876,1,1
667,Christine_Todd_Whitman,Mario_Dumont,swap_Christine_Todd_Whitman_0003_in_Mario_Dumont_0001.jpg,Christine_Todd_Whitman_0003.jpg,Mario_Dumont_0001.jpg,0.771891,1,1
668,Yuri_Fedotov,Spencer_Abraham,swap_Yuri_Fedotov_0002_in_Spencer_Abraham_0011.jpg,Yuri_Fedotov_0002.jpg,Spencer_Abraham_0011.jpg,0.789415,1,1
669,Franco_Dragone,Hipolito_Mejia,swap_Franco_Dragone_0001_in_Hipolito_Mejia_0002.jpg,Franco_Dragone_0001.jpg,Hipolito_Mejia_0002.jpg,0.683011,1,1
670,Jude_Law,Hilary_Duff,swap_Jude_Law_0002_in_Hilary_Duff_0001.jpg,Jude_Law_0002.jpg,Hilary_Duff_0001.jpg,0.601827,1,1
671,Mikulas_Dzurinda,Olivia_Newton-John,swap_Mikulas_Dzurinda_0001_in_Olivia_Newton-John_0002.jpg,Mikulas_Dzurinda_0001.jpg,Olivia_Newton-John_0002.jpg,0.774761,1,1
672,Mikhail_Wehbe,Marcelo_Rios,swap_Mikhail_Wehbe_0001_in_Marcelo_Rios_0003.jpg,Mikhail_Wehbe_0001.jpg,Marcelo_Rios_0003.jpg,0.784768,1,1
673,Ralph_Firman,Robby_Ginepri,swap_Ralph_Firman_0002_in_Robby_Ginepri_0002.jpg,Ralph_Firman_0002.jpg,Robby_Ginepri_0002.jpg,0.748677,1,1
674,Russell_Coutts,Julianne_Moore,swap_Russell_Coutts_0002_in_Julianne_Moore_0005.jpg,Russell_Coutts_0002.jpg,Julianne_Moore_0005.jpg,0.828849,1,1
675,Hideki_Matsui,John_Banko,swap_Hideki_Matsui_0001_in_John_Banko_0002.jpg,Hideki_Matsui_0001.jpg,John_Banko_0002.jpg,0.706362,1,1
676,Franz_Beckenbauer,Evander_Holyfield,swap_Franz_Beckenbauer_0002_in_Evander_Holyfield_0001.jpg,Franz_Beckenbauer_0002.jpg,Evander_Holyfield_0001.jpg,0.807695,1,1
677,William_Martin,Lee_Tae-sik,swap_William_Martin_0001_in_Lee_Tae-sik_0002.jpg,William_Martin_0001.jpg,Lee_Tae-sik_0002.jpg,0.722833,1,1
678,Julie_Gerberding,Milo_Djukanovic,swap_Julie_Gerberding_0009_in_Milo_Djukanovic_0001.jpg,Julie_Gerberding_0009.jpg,Milo_Djukanovic_0001.jpg,0.802335,1,1
679,John_Ruiz,Fred_Funk,swap_John_Ruiz_0002_in_Fred_Funk_0001.jpg,John_Ruiz_0002.jpg,Fred_Funk_0001.jpg,0.717653,1,1
680,James_Smith,Ray_Nagin,swap_James_Smith_0001_in_Ray_Nagin_0002.jpg,James_Smith_0001.jpg,Ray_Nagin_0002.jpg,0.740459,1,1
681,Joe_Calzaghe,Bono,swap_Joe_Calzaghe_0001_in_Bono_0001.jpg,Joe_Calzaghe_0001.jpg,Bono_0001.jpg,0.794942,1,1
682,Gloria_Macapagal_Arroyo,John_Bolton,swap_Gloria_Macapagal_Arroyo_0044_in_John_Bolton_0002.jpg,Gloria_Macapagal_Arroyo_0044.jpg,John_Bolton_0002.jpg,0.791057,1,1
683,Bernard_Lord,Dominik_Garcia-Lorido,swap_Bernard_Lord_0001_in_Dominik_Garcia-Lorido_0002.jpg,Bernard_Lord_0001.jpg,Dominik_Garcia-Lorido_0002.jpg,0.829669,1,1
684,Elizabeth_Dole,Jan-Michael_Gambill,swap_Elizabeth_Dole_0003_in_Jan-Michael_Gambill_0001.jpg,Elizabeth_Dole_0003.jpg,Jan-Michael_Gambill_0001.jpg,0.778808,1,1
685,Ellen_Engleman,Donald_Evans,swap_Ellen_Engleman_0001_in_Donald_Evans_0002.jpg,Ellen_Engleman_0001.jpg,Donald_Evans_0002.jpg,0.744192,1,1
686,Fred_Eckhard,Rupert_Grint,swap_Fred_Eckhard_0003_in_Rupert_Grint_0003.jpg,Fred_Eckhard_0003.jpg,Rupert_Grint_0003.jpg,0.752060,1,1
687,Edwin_Edwards,Jolanta_Kwasniewski,swap_Edwin_Edwards_0001_in_Jolanta_Kwasniewski_0002.jpg,Edwin_Edwards_0001.jpg,Jolanta_Kwasniewski_0002.jpg,0.797065,1,1
688,Tony_Blair,Gwyneth_Paltrow,swap_Tony_Blair_0098_in_Gwyneth_Paltrow_0004.jpg,Tony_Blair_0098.jpg,Gwyneth_Paltrow_0004.jpg,0.744056,1,1
689,Michael_Bloomberg,Rebekah_Chantay_Revels,swap_Michael_Bloomberg_0012_in_Rebekah_Chantay_Revels_0003.jpg,Michael_Bloomberg_0012.jpg,Rebekah_Chantay_Revels_0003.jpg,0.693480,1,1
690,Gerard_Depardieu,Jesse_Jackson,swap_Gerard_Depardieu_0002_in_Jesse_Jackson_0008.jpg,Gerard_Depardieu_0002.jpg,Jesse_Jackson_0008.jpg,0.788182,1,1
691,Brian_Wells,William_Bulger,swap_Brian_Wells_0002_in_William_Bulger_0003.jpg,Brian_Wells_0002.jpg,William_Bulger_0003.jpg,0.755136,1,1
692,Edward_Norton,Joe_Calzaghe,swap_Edward_Norton_0002_in_Joe_Calzaghe_0002.jpg,Edward_Norton_0002.jpg,Joe_Calzaghe_0002.jpg,0.781055,1,1
693,Anna_Kournikova,Mohammed_Al-Douri,swap_Anna_Kournikova_0004_in_Mohammed_Al-Douri_0012.jpg,Anna_Kournikova_0004.jpg,Mohammed_Al-Douri_0012.jpg,0.684928,1,1
694,Claire_Hentzen,Alastair_Campbell,swap_Claire_Hentzen_0002_in_Alastair_Campbell_0005.jpg,Claire_Hentzen_0002.jpg,Alastair_Campbell_0005.jpg,0.745668,1,1
695,Nicolas_Escude,Nebojsa_Pavkovic,swap_Nicolas_Escude_0002_in_Nebojsa_Pavkovic_0002.jpg,Nicolas_Escude_0002.jpg,Nebojsa_Pavkovic_0002.jpg,0.693153,1,1
696,Condoleezza_Rice,Drew_Barrymore,swap_Condoleezza_Rice_0006_in_Drew_Barrymore_0001.jpg,Condoleezza_Rice_0006.jpg,Drew_Barrymore_0001.jpg,0.746011,1,1
697,John_Garamendi,Nadia_Petrova,swap_John_Garamendi_0001_in_Nadia_Petrova_0004.jpg,John_Garamendi_0001.jpg,Nadia_Petrova_0004.jpg,0.721601,1,1
698,Mike_Krzyzewski,Richard_Branson,swap_Mike_Krzyzewski_0006_in_Richard_Branson_0002.jpg,Mike_Krzyzewski_0006.jpg,Richard_Branson_0002.jpg,0.772120,1,1
699,George_Robertson,Tim_Floyd,swap_George_Robertson_0016_in_Tim_Floyd_0002.jpg,George_Robertson_0016.jpg,Tim_Floyd_0002.jpg,0.812230,1,1
700,Leander_Paes,David_Heyman,swap_Leander_Paes_0002_in_David_Heyman_0001.jpg,Leander_Paes_0002.jpg,David_Heyman_0001.jpg,0.861197,1,1
701,Christine_Todd_Whitman,Shannon_OBrien,swap_Christine_Todd_Whitman_0005_in_Shannon_OBrien_0002.jpg,Christine_Todd_Whitman_0005.jpg,Shannon_OBrien_0002.jpg,0.032685,0,0
702,Diane_Green,Michael_Winterbottom,swap_Diane_Green_0001_in_Michael_Winterbottom_0003.jpg,Diane_Green_0001.jpg,Michael_Winterbottom_0003.jpg,0.733180,1,1
703,Amelia_Vega,Bertrand_Bonello,swap_Amelia_Vega_0007_in_Bertrand_Bonello_0001.jpg,Amelia_Vega_0007.jpg,Bertrand_Bonello_0001.jpg,0.786180,1,1
704,Tim_Robbins,Adolfo_Aguilar_Zinser,swap_Tim_Robbins_0004_in_Adolfo_Aguilar_Zinser_0001.jpg,Tim_Robbins_0004.jpg,Adolfo_Aguilar_Zinser_0001.jpg,0.773813,1,1
705,Placido_Domingo,Fernando_Henrique_Cardoso,swap_Placido_Domingo_0001_in_Fernando_Henrique_Cardoso_0003.jpg,Placido_Domingo_0001.jpg,Fernando_Henrique_Cardoso_0003.jpg,0.770784,1,1
706,Ahmad_Masood,Eric_Robert_Rudolph,swap_Ahmad_Masood_0002_in_Eric_Robert_Rudolph_0002.jpg,Ahmad_Masood_0002.jpg,Eric_Robert_Rudolph_0002.jpg,0.670489,1,1
707,Arye_Mekel,Pedro_Almodovar,swap_Arye_Mekel_0002_in_Pedro_Almodovar_0006.jpg,Arye_Mekel_0002.jpg,Pedro_Almodovar_0006.jpg,0.788819,1,1
708,Lynne_Cheney,Alan_Mulally,swap_Lynne_Cheney_0001_in_Alan_Mulally_0002.jpg,Lynne_Cheney_0001.jpg,Alan_Mulally_0002.jpg,0.807372,1,1
709,Akbar_Hashemi_Rafsanjani,Albert_Costa,swap_Akbar_Hashemi_Rafsanjani_0003_in_Albert_Costa_0006.jpg,Akbar_Hashemi_Rafsanjani_0003.jpg,Albert_Costa_0006.jpg,0.729905,1,1
710,Greg_Owen,Michael_Douglas,swap_Greg_Owen_0002_in_Michael_Douglas_0001.jpg,Greg_Owen_0002.jpg,Michael_Douglas_0001.jpg,0.705812,1,1
711,Marilyn_Monroe,Yoko_Ono,swap_Marilyn_Monroe_0002_in_Yoko_Ono_0002.jpg,Marilyn_Monroe_0002.jpg,Yoko_Ono_0002.jpg,0.696649,1,1
712,Carl_Reiner,Brian_Cowen,swap_Carl_Reiner_0001_in_Brian_Cowen_0001.jpg,Carl_Reiner_0001.jpg,Brian_Cowen_0001.jpg,0.751057,1,1
713,Donatella_Versace,Penelope_Cruz,swap_Donatella_Versace_0003_in_Penelope_Cruz_0002.jpg,Donatella_Versace_0003.jpg,Penelope_Cruz_0002.jpg,0.075867,0,0
714,Yukiko_Okudo,Jennifer_Lopez,swap_Yukiko_Okudo_0002_in_Jennifer_Lopez_0013.jpg,Yukiko_Okudo_0002.jpg,Jennifer_Lopez_0013.jpg,0.758938,1,1
715,Bill_Frist,Joe_Nichols,swap_Bill_Frist_0007_in_Joe_Nichols_0004.jpg,Bill_Frist_0007.jpg,Joe_Nichols_0004.jpg,0.787928,1,1
716,Monique_Garbrecht-Enfeldt,Fred_Thompson,swap_Monique_Garbrecht-Enfeldt_0003_in_Fred_Thompson_0001.jpg,Monique_Garbrecht-Enfeldt_0003.jpg,Fred_Thompson_0001.jpg,0.757877,1,1
717,Hideki_Matsui,Rod_Blagojevich,swap_Hideki_Matsui_0001_in_Rod_Blagojevich_0001.jpg,Hideki_Matsui_0001.jpg,Rod_Blagojevich_0001.jpg,0.749738,1,1
718,Boris_Berezovsky,Jose_Mourinho,swap_Boris_Berezovsky_0002_in_Jose_Mourinho_0002.jpg,Boris_Berezovsky_0002.jpg,Jose_Mourinho_0002.jpg,0.796695,1,1
719,Mike_Myers,Lisa_Gottsegen,swap_Mike_Myers_0001_in_Lisa_Gottsegen_0001.jpg,Mike_Myers_0001.jpg,Lisa_Gottsegen_0001.jpg,0.782251,1,1
720,Sally_Ride,David_Nalbandian,swap_Sally_Ride_0001_in_David_Nalbandian_0008.jpg,Sally_Ride_0001.jpg,David_Nalbandian_0008.jpg,0.760630,1,1
721,Kent_Rominger,Ranil_Wickremasinghe,swap_Kent_Rominger_0002_in_Ranil_Wickremasinghe_0003.jpg,Kent_Rominger_0002.jpg,Ranil_Wickremasinghe_0003.jpg,0.739727,1,1
722,Branko_Crvenkovski,Megan_Mullally,swap_Branko_Crvenkovski_0001_in_Megan_Mullally_0001.jpg,Branko_Crvenkovski_0001.jpg,Megan_Mullally_0001.jpg,0.784566,1,1
723,Ellen_DeGeneres,Rosemarie_Stack,swap_Ellen_DeGeneres_0002_in_Rosemarie_Stack_0002.jpg,Ellen_DeGeneres_0002.jpg,Rosemarie_Stack_0002.jpg,0.757988,1,1
724,Anne_Krueger,Bertrand_Bonello,swap_Anne_Krueger_0003_in_Bertrand_Bonello_0002.jpg,Anne_Krueger_0003.jpg,Bertrand_Bonello_0002.jpg,0.782449,1,1
725,Michel_Temer,Monica_Bellucci,swap_Michel_Temer_0001_in_Monica_Bellucci_0002.jpg,Michel_Temer_0001.jpg,Monica_Bellucci_0002.jpg,0.779156,1,1
726,Isabelle_Huppert,Alan_Mulally,swap_Isabelle_Huppert_0001_in_Alan_Mulally_0001.jpg,Isabelle_Huppert_0001.jpg,Alan_Mulally_0001.jpg,0.826875,1,1
727,Terje_Roed-Larsen,Scott_Wolf,swap_Terje_Roed-Larsen_0002_in_Scott_Wolf_0001.jpg,Terje_Roed-Larsen_0002.jpg,Scott_Wolf_0001.jpg,0.770803,1,1
728,Herta_Daeubler-Gmelin,Darrell_Issa,swap_Herta_Daeubler-Gmelin_0001_in_Darrell_Issa_0002.jpg,Herta_Daeubler-Gmelin_0001.jpg,Darrell_Issa_0002.jpg,0.782664,1,1
729,Robert_Kocharian,Michael_Powell,swap_Robert_Kocharian_0003_in_Michael_Powell_0004.jpg,Robert_Kocharian_0003.jpg,Michael_Powell_0004.jpg,0.816757,1,1
730,Theodore_Tweed_Roosevelt,Steve_Park,swap_Theodore_Tweed_Roosevelt_0001_in_Steve_Park_0001.jpg,Theodore_Tweed_Roosevelt_0001.jpg,Steve_Park_0001.jpg,0.759166,1,1
731,Mariangel_Ruiz_Torrealba,Susie_Castillo,swap_Mariangel_Ruiz_Torrealba_0002_in_Susie_Castillo_0001.jpg,Mariangel_Ruiz_Torrealba_0002.jpg,Susie_Castillo_0001.jpg,0.837237,1,1
732,Brian_Mulroney,Kim_Clijsters,swap_Brian_Mulroney_0001_in_Kim_Clijsters_0014.jpg,Brian_Mulroney_0001.jpg,Kim_Clijsters_0014.jpg,0.761302,1,1
733,Bijan_Darvish,Jay_Rasulo,swap_Bijan_Darvish_0003_in_Jay_Rasulo_0002.jpg,Bijan_Darvish_0003.jpg,Jay_Rasulo_0002.jpg,0.683104,1,1
734,Tommy_Thompson,James_Jones,swap_Tommy_Thompson_0001_in_James_Jones_0002.jpg,Tommy_Thompson_0001.jpg,James_Jones_0002.jpg,0.789334,1,1
735,Uma_Thurman,Larry_Bowa,swap_Uma_Thurman_0002_in_Larry_Bowa_0001.jpg,Uma_Thurman_0002.jpg,Larry_Bowa_0001.jpg,0.020269,0,0
736,Jennifer_Thompson,Mike_Price,swap_Jennifer_Thompson_0002_in_Mike_Price_0002.jpg,Jennifer_Thompson_0002.jpg,Mike_Price_0002.jpg,0.638274,1,1
737,Dick_Latessa,Robert_Witt,swap_Dick_Latessa_0002_in_Robert_Witt_0001.jpg,Dick_Latessa_0002.jpg,Robert_Witt_0001.jpg,0.714363,1,1
738,Tommy_Franks,Pedro_Malan,swap_Tommy_Franks_0010_in_Pedro_Malan_0002.jpg,Tommy_Franks_0010.jpg,Pedro_Malan_0002.jpg,0.734969,1,1
739,Sean_Astin,Bernardo_Segura,swap_Sean_Astin_0001_in_Bernardo_Segura_0002.jpg,Sean_Astin_0001.jpg,Bernardo_Segura_0002.jpg,0.817289,1,1
740,Corinne_Coman,John_Howard,swap_Corinne_Coman_0001_in_John_Howard_0013.jpg,Corinne_Coman_0001.jpg,John_Howard_0013.jpg,0.743107,1,1
741,Iva_Majoli,Jesse_Ventura,swap_Iva_Majoli_0001_in_Jesse_Ventura_0001.jpg,Iva_Majoli_0001.jpg,Jesse_Ventura_0001.jpg,0.628999,1,1
742,Adam_Sandler,Hun_Sen,swap_Adam_Sandler_0004_in_Hun_Sen_0003.jpg,Adam_Sandler_0004.jpg,Hun_Sen_0003.jpg,0.794676,1,1
743,Tim_Chapman,Goldie_Hawn,swap_Tim_Chapman_0001_in_Goldie_Hawn_0002.jpg,Tim_Chapman_0001.jpg,Goldie_Hawn_0002.jpg,0.100803,0,0
744,Bob_Beauprez,Dolly_Parton,swap_Bob_Beauprez_0002_in_Dolly_Parton_0002.jpg,Bob_Beauprez_0002.jpg,Dolly_Parton_0002.jpg,0.667534,1,1
745,Mikulas_Dzurinda,Mikhail_Gorbachev,swap_Mikulas_Dzurinda_0002_in_Mikhail_Gorbachev_0001.jpg,Mikulas_Dzurinda_0002.jpg,Mikhail_Gorbachev_0001.jpg,0.755261,1,1
746,Ali_Khamenei,Bob_Hope,swap_Ali_Khamenei_0002_in_Bob_Hope_0002.jpg,Ali_Khamenei_0002.jpg,Bob_Hope_0002.jpg,0.022997,0,0
747,Ozzy_Osbourne,Pamela_Anderson,swap_Ozzy_Osbourne_0002_in_Pamela_Anderson_0004.jpg,Ozzy_Osbourne_0002.jpg,Pamela_Anderson_0004.jpg,0.690280,1,1
748,Akhmed_Zakayev,Hassan_Nasrallah,swap_Akhmed_Zakayev_0002_in_Hassan_Nasrallah_0002.jpg,Akhmed_Zakayev_0002.jpg,Hassan_Nasrallah_0002.jpg,0.751575,1,1
749,Tracee_Ellis_Ross,Binyamin_Ben-Eliezer,swap_Tracee_Ellis_Ross_0001_in_Binyamin_Ben-Eliezer_0005.jpg,Tracee_Ellis_Ross_0001.jpg,Binyamin_Ben-Eliezer_0005.jpg,0.799526,1,1
750,Mary_Carey,David_Kelley,swap_Mary_Carey_0004_in_David_Kelley_0001.jpg,Mary_Carey_0004.jpg,David_Kelley_0001.jpg,0.742078,1,1
751,Christine_Ebersole,Gloria_Trevi,swap_Christine_Ebersole_0002_in_Gloria_Trevi_0003.jpg,Christine_Ebersole_0002.jpg,Gloria_Trevi_0003.jpg,0.759727,1,1
752,Manfred_Stolpe,Claire_Hentzen,swap_Manfred_Stolpe_0001_in_Claire_Hentzen_0001.jpg,Manfred_Stolpe_0001.jpg,Claire_Hentzen_0001.jpg,0.787469,1,1
753,Kevin_Spacey,Gregory_Geoffroy,swap_Kevin_Spacey_0004_in_Gregory_Geoffroy_0002.jpg,Kevin_Spacey_0004.jpg,Gregory_Geoffroy_0002.jpg,0.724758,1,1
754,Luis_Gonzalez_Macchi,Tyra_Banks,swap_Luis_Gonzalez_Macchi_0001_in_Tyra_Banks_0002.jpg,Luis_Gonzalez_Macchi_0001.jpg,Tyra_Banks_0002.jpg,0.873563,1,1
755,Geno_Auriemma,Garry_Kasparov,swap_Geno_Auriemma_0002_in_Garry_Kasparov_0001.jpg,Geno_Auriemma_0002.jpg,Garry_Kasparov_0001.jpg,0.802729,1,1
756,Laurent_Gbagbo,Carl_Reiner,swap_Laurent_Gbagbo_0001_in_Carl_Reiner_0002.jpg,Laurent_Gbagbo_0001.jpg,Carl_Reiner_0002.jpg,0.806494,1,1
757,Adolfo_Aguilar_Zinser,Johnny_Unitas,swap_Adolfo_Aguilar_Zinser_0002_in_Johnny_Unitas_0002.jpg,Adolfo_Aguilar_Zinser_0002.jpg,Johnny_Unitas_0002.jpg,0.794411,1,1
758,William_Donaldson,James_Parker,swap_William_Donaldson_0004_in_James_Parker_0002.jpg,William_Donaldson_0004.jpg,James_Parker_0002.jpg,0.825889,1,1
759,Kelvin_Sampson,Yuri_Fedotov,swap_Kelvin_Sampson_0003_in_Yuri_Fedotov_0001.jpg,Kelvin_Sampson_0003.jpg,Yuri_Fedotov_0001.jpg,0.714299,1,1
760,Hilary_Duff,Jacques_Chirac,swap_Hilary_Duff_0003_in_Jacques_Chirac_0045.jpg,Hilary_Duff_0003.jpg,Jacques_Chirac_0045.jpg,0.771344,1,1
761,Eduard_Shevardnadze,Lloyd_Ward,swap_Eduard_Shevardnadze_0003_in_Lloyd_Ward_0001.jpg,Eduard_Shevardnadze_0003.jpg,Lloyd_Ward_0001.jpg,0.797327,1,1
762,Jon_Voight,Jack_Straw,swap_Jon_Voight_0002_in_Jack_Straw_0024.jpg,Jon_Voight_0002.jpg,Jack_Straw_0024.jpg,0.796831,1,1
763,Rudolph_Giuliani,Prince_Naruhito,swap_Rudolph_Giuliani_0016_in_Prince_Naruhito_0003.jpg,Rudolph_Giuliani_0016.jpg,Prince_Naruhito_0003.jpg,0.734703,1,1
764,Tyler_Hamilton,Fred_Eckhard,swap_Tyler_Hamilton_0002_in_Fred_Eckhard_0002.jpg,Tyler_Hamilton_0002.jpg,Fred_Eckhard_0002.jpg,0.794339,1,1
765,Gus_Van_Sant,Zafarullah_Khan_Jamali,swap_Gus_Van_Sant_0002_in_Zafarullah_Khan_Jamali_0002.jpg,Gus_Van_Sant_0002.jpg,Zafarullah_Khan_Jamali_0002.jpg,0.740461,1,1
766,Carly_Fiorina,Monica_Bellucci,swap_Carly_Fiorina_0001_in_Monica_Bellucci_0002.jpg,Carly_Fiorina_0001.jpg,Monica_Bellucci_0002.jpg,0.806542,1,1
767,Roberto_Marinho,Tom_Cruise,swap_Roberto_Marinho_0003_in_Tom_Cruise_0001.jpg,Roberto_Marinho_0003.jpg,Tom_Cruise_0001.jpg,0.672414,1,1
768,Silvan_Shalom,Lee_Hoi-chang,swap_Silvan_Shalom_0006_in_Lee_Hoi-chang_0002.jpg,Silvan_Shalom_0006.jpg,Lee_Hoi-chang_0002.jpg,0.761775,1,1
769,Kim_Jin-sun,Walter_Mondale,swap_Kim_Jin-sun_0002_in_Walter_Mondale_0002.jpg,Kim_Jin-sun_0002.jpg,Walter_Mondale_0002.jpg,-0.112952,0,0
770,Zico,Vladimir_Spidla,swap_Zico_0002_in_Vladimir_Spidla_0003.jpg,Zico_0002.jpg,Vladimir_Spidla_0003.jpg,0.791752,1,1
771,Maria_Soledad_Alvear_Valenzuela,Christine_Gregoire,swap_Maria_Soledad_Alvear_Valenzuela_0003_in_Christine_Gregoire_0002.jpg,Maria_Soledad_Alvear_Valenzuela_0003.jpg,Christine_Gregoire_0002.jpg,0.797626,1,1
772,George_Brumley,Richard_Norton-Taylor,swap_George_Brumley_0001_in_Richard_Norton-Taylor_0002.jpg,George_Brumley_0001.jpg,Richard_Norton-Taylor_0002.jpg,0.739092,1,1
773,Vicente_Fox,John_Bolton,swap_Vicente_Fox_0005_in_John_Bolton_0015.jpg,Vicente_Fox_0005.jpg,John_Bolton_0015.jpg,0.820800,1,1
774,Pamela_Anderson,Lloyd_Ward,swap_Pamela_Anderson_0005_in_Lloyd_Ward_0002.jpg,Pamela_Anderson_0005.jpg,Lloyd_Ward_0002.jpg,-0.028962,0,0
775,Michael_Capellas,Mark_Geragos,swap_Michael_Capellas_0002_in_Mark_Geragos_0001.jpg,Michael_Capellas_0002.jpg,Mark_Geragos_0001.jpg,0.786860,1,1
776,Victoria_Clarke,Jesse_Jackson,swap_Victoria_Clarke_0005_in_Jesse_Jackson_0002.jpg,Victoria_Clarke_0005.jpg,Jesse_Jackson_0002.jpg,0.741181,1,1
777,Carlos_Bianchi,Tom_Glavine,swap_Carlos_Bianchi_0001_in_Tom_Glavine_0002.jpg,Carlos_Bianchi_0001.jpg,Tom_Glavine_0002.jpg,0.746435,1,1
778,David_Caraway,Ray_Romano,swap_David_Caraway_0001_in_Ray_Romano_0007.jpg,David_Caraway_0001.jpg,Ray_Romano_0007.jpg,0.753545,1,1
779,Terrell_Suggs,Jamie_Villafane,swap_Terrell_Suggs_0002_in_Jamie_Villafane_0001.jpg,Terrell_Suggs_0002.jpg,Jamie_Villafane_0001.jpg,0.784282,1,1
780,Ai_Sugiyama,Brian_Wells,swap_Ai_Sugiyama_0003_in_Brian_Wells_0001.jpg,Ai_Sugiyama_0003.jpg,Brian_Wells_0001.jpg,0.750955,1,1
781,Mark_Wahlberg,Svetlana_Koroleva,swap_Mark_Wahlberg_0002_in_Svetlana_Koroleva_0002.jpg,Mark_Wahlberg_0002.jpg,Svetlana_Koroleva_0002.jpg,0.789600,1,1
782,Joerg_Haider,John_Taylor,swap_Joerg_Haider_0002_in_John_Taylor_0001.jpg,Joerg_Haider_0002.jpg,John_Taylor_0001.jpg,0.010523,0,0
783,Jean-Sebastien_Giguere,Alexandra_Stevenson,swap_Jean-Sebastien_Giguere_0002_in_Alexandra_Stevenson_0001.jpg,Jean-Sebastien_Giguere_0002.jpg,Alexandra_Stevenson_0001.jpg,0.727992,1,1
784,Heidi_Klum,Julianna_Margulies,swap_Heidi_Klum_0001_in_Julianna_Margulies_0001.jpg,Heidi_Klum_0001.jpg,Julianna_Margulies_0001.jpg,0.818500,1,1
785,Sonia_Gandhi,Chuck_Amato,swap_Sonia_Gandhi_0003_in_Chuck_Amato_0002.jpg,Sonia_Gandhi_0003.jpg,Chuck_Amato_0002.jpg,0.849132,1,1
786,Jean-David_Levitte,Laura_Bush,swap_Jean-David_Levitte_0004_in_Laura_Bush_0034.jpg,Jean-David_Levitte_0004.jpg,Laura_Bush_0034.jpg,0.794670,1,1
787,Luis_Ernesto_Derbez_Bautista,Jeff_Van_Gundy,swap_Luis_Ernesto_Derbez_Bautista_0004_in_Jeff_Van_Gundy_0001.jpg,Luis_Ernesto_Derbez_Bautista_0004.jpg,Jeff_Van_Gundy_0001.jpg,0.728240,1,1
788,Kim_Jin-sun,Sharon_Osbourne,swap_Kim_Jin-sun_0002_in_Sharon_Osbourne_0002.jpg,Kim_Jin-sun_0002.jpg,Sharon_Osbourne_0002.jpg,0.664746,1,1
789,Barry_Alvarez,Hideki_Matsui,swap_Barry_Alvarez_0001_in_Hideki_Matsui_0001.jpg,Barry_Alvarez_0001.jpg,Hideki_Matsui_0001.jpg,0.676239,1,1
790,Alex_Sink,Jean-David_Levitte,swap_Alex_Sink_0003_in_Jean-David_Levitte_0002.jpg,Alex_Sink_0003.jpg,Jean-David_Levitte_0002.jpg,0.802792,1,1
791,Robert_Kocharian,Wayne_Ferreira,swap_Robert_Kocharian_0002_in_Wayne_Ferreira_0002.jpg,Robert_Kocharian_0002.jpg,Wayne_Ferreira_0002.jpg,0.771904,1,1
792,Martin_Hoellwarth,Debbie_Reynolds,swap_Martin_Hoellwarth_0001_in_Debbie_Reynolds_0003.jpg,Martin_Hoellwarth_0001.jpg,Debbie_Reynolds_0003.jpg,0.632576,1,1
793,Mitchell_Daniels,Kathryn_Bigelow,swap_Mitchell_Daniels_0004_in_Kathryn_Bigelow_0001.jpg,Mitchell_Daniels_0004.jpg,Kathryn_Bigelow_0001.jpg,0.771029,1,1
794,Walter_Mondale,Jose_Maria_Aznar,swap_Walter_Mondale_0003_in_Jose_Maria_Aznar_0006.jpg,Walter_Mondale_0003.jpg,Jose_Maria_Aznar_0006.jpg,0.717247,1,1
795,Rachel_Griffiths,Richard_Krajicek,swap_Rachel_Griffiths_0002_in_Richard_Krajicek_0002.jpg,Rachel_Griffiths_0002.jpg,Richard_Krajicek_0002.jpg,0.806532,1,1
796,Allen_Iverson,Steve_Ballmer,swap_Allen_Iverson_0001_in_Steve_Ballmer_0002.jpg,Allen_Iverson_0001.jpg,Steve_Ballmer_0002.jpg,0.764282,1,1
797,Omar_Sharif,Kelli_White,swap_Omar_Sharif_0004_in_Kelli_White_0001.jpg,Omar_Sharif_0004.jpg,Kelli_White_0001.jpg,0.739156,1,1
798,Sam_Mendes,Emily_Robison,swap_Sam_Mendes_0001_in_Emily_Robison_0002.jpg,Sam_Mendes_0001.jpg,Emily_Robison_0002.jpg,0.086506,0,0
799,Terje_Roed-Larsen,Salman_Rushdie,swap_Terje_Roed-Larsen_0001_in_Salman_Rushdie_0003.jpg,Terje_Roed-Larsen_0001.jpg,Salman_Rushdie_0003.jpg,0.741435,1,1
800,Bruce_Van_De_Velde,Warren_Buffett,swap_Bruce_Van_De_Velde_0001_in_Warren_Buffett_0002.jpg,Bruce_Van_De_Velde_0001.jpg,Warren_Buffett_0002.jpg,0.687952,1,1
801,James_Ivory,Dwayne_Johnson,swap_James_Ivory_0002_in_Dwayne_Johnson_0001.jpg,James_Ivory_0002.jpg,Dwayne_Johnson_0001.jpg,0.042492,0,0
802,Gerhard_Schroeder,Robbie_Williams,swap_Gerhard_Schroeder_0063_in_Robbie_Williams_0003.jpg,Gerhard_Schroeder_0063.jpg,Robbie_Williams_0003.jpg,0.803837,1,1
803,Queen_Elizabeth_II,Inocencio_Arias,swap_Queen_Elizabeth_II_0010_in_Inocencio_Arias_0002.jpg,Queen_Elizabeth_II_0010.jpg,Inocencio_Arias_0002.jpg,0.704504,1,1
804,Paul_McCartney,John_Travolta,swap_Paul_McCartney_0005_in_John_Travolta_0001.jpg,Paul_McCartney_0005.jpg,John_Travolta_0001.jpg,0.778861,1,1
805,Jeb_Bush,Jennifer_Aniston,swap_Jeb_Bush_0008_in_Jennifer_Aniston_0020.jpg,Jeb_Bush_0008.jpg,Jennifer_Aniston_0020.jpg,0.794993,1,1
806,David_Trimble,Yoriko_Kawaguchi,swap_David_Trimble_0003_in_Yoriko_Kawaguchi_0010.jpg,David_Trimble_0003.jpg,Yoriko_Kawaguchi_0010.jpg,0.758281,1,1
807,OJ_Simpson,Binyamin_Ben-Eliezer,swap_OJ_Simpson_0001_in_Binyamin_Ben-Eliezer_0003.jpg,OJ_Simpson_0001.jpg,Binyamin_Ben-Eliezer_0003.jpg,0.843424,1,1
808,Carrie-Anne_Moss,Frank_Griswold,swap_Carrie-Anne_Moss_0003_in_Frank_Griswold_0001.jpg,Carrie-Anne_Moss_0003.jpg,Frank_Griswold_0001.jpg,0.070778,0,0
809,Diana_Munz,Joe_Nichols,swap_Diana_Munz_0003_in_Joe_Nichols_0002.jpg,Diana_Munz_0003.jpg,Joe_Nichols_0002.jpg,0.806012,1,1
810,Mark_Warner,John_Ruiz,swap_Mark_Warner_0002_in_John_Ruiz_0001.jpg,Mark_Warner_0002.jpg,John_Ruiz_0001.jpg,0.794646,1,1
811,Naoto_Kan,John_McCallum,swap_Naoto_Kan_0004_in_John_McCallum_0001.jpg,Naoto_Kan_0004.jpg,John_McCallum_0001.jpg,0.651114,1,1
812,Lyle_Vanclief,Princess_Caroline,swap_Lyle_Vanclief_0001_in_Princess_Caroline_0005.jpg,Lyle_Vanclief_0001.jpg,Princess_Caroline_0005.jpg,0.745414,1,1
813,David_Caruso,Madonna,swap_David_Caruso_0002_in_Madonna_0002.jpg,David_Caruso_0002.jpg,Madonna_0002.jpg,0.769807,1,1
814,Dolly_Parton,Isabelle_Huppert,swap_Dolly_Parton_0002_in_Isabelle_Huppert_0001.jpg,Dolly_Parton_0002.jpg,Isabelle_Huppert_0001.jpg,0.768223,1,1
815,Jesse_Harris,Ahmed_Chalabi,swap_Jesse_Harris_0002_in_Ahmed_Chalabi_0002.jpg,Jesse_Harris_0002.jpg,Ahmed_Chalabi_0002.jpg,0.750917,1,1
816,Doug_Duncan,Yukiko_Okudo,swap_Doug_Duncan_0002_in_Yukiko_Okudo_0002.jpg,Doug_Duncan_0002.jpg,Yukiko_Okudo_0002.jpg,0.825223,1,1
817,Joseph_Deiss,Rodrigo_Borja,swap_Joseph_Deiss_0002_in_Rodrigo_Borja_0002.jpg,Joseph_Deiss_0002.jpg,Rodrigo_Borja_0002.jpg,-0.064880,0,0
818,Scott_McNealy,Kosuke_Kitajima,swap_Scott_McNealy_0002_in_Kosuke_Kitajima_0001.jpg,Scott_McNealy_0002.jpg,Kosuke_Kitajima_0001.jpg,0.809109,1,1
819,Bill_Sizemore,Monique_Garbrecht-Enfeldt,swap_Bill_Sizemore_0001_in_Monique_Garbrecht-Enfeldt_0001.jpg,Bill_Sizemore_0001.jpg,Monique_Garbrecht-Enfeldt_0001.jpg,0.832832,1,1
820,Hassan_Wirajuda,Amanda_Bynes,swap_Hassan_Wirajuda_0002_in_Amanda_Bynes_0002.jpg,Hassan_Wirajuda_0002.jpg,Amanda_Bynes_0002.jpg,-0.102294,0,0
821,Michael_Keaton,Harrison_Ford,swap_Michael_Keaton_0001_in_Harrison_Ford_0008.jpg,Michael_Keaton_0001.jpg,Harrison_Ford_0008.jpg,0.761455,1,1
822,Morgan_Freeman,Stockard_Channing,swap_Morgan_Freeman_0002_in_Stockard_Channing_0003.jpg,Morgan_Freeman_0002.jpg,Stockard_Channing_0003.jpg,0.721322,1,1
823,Mark_Warner,Carlos_Ruiz,swap_Mark_Warner_0001_in_Carlos_Ruiz_0002.jpg,Mark_Warner_0001.jpg,Carlos_Ruiz_0002.jpg,0.781402,1,1
824,Tony_Bennett,Michel_Temer,swap_Tony_Bennett_0003_in_Michel_Temer_0001.jpg,Tony_Bennett_0003.jpg,Michel_Temer_0001.jpg,0.818987,1,1
825,Thomas_Wyman,Sergio_Vieira_De_Mello,swap_Thomas_Wyman_0002_in_Sergio_Vieira_De_Mello_0009.jpg,Thomas_Wyman_0002.jpg,Sergio_Vieira_De_Mello_0009.jpg,0.780850,1,1
826,Eric_Robert_Rudolph,Katherine_Harris,swap_Eric_Robert_Rudolph_0001_in_Katherine_Harris_0002.jpg,Eric_Robert_Rudolph_0001.jpg,Katherine_Harris_0002.jpg,0.741473,1,1
827,Henrique_Meirelles,Amanda_Bynes,swap_Henrique_Meirelles_0002_in_Amanda_Bynes_0003.jpg,Henrique_Meirelles_0002.jpg,Amanda_Bynes_0003.jpg,0.773912,1,1
828,Jeff_Van_Gundy,Zafarullah_Khan_Jamali,swap_Jeff_Van_Gundy_0001_in_Zafarullah_Khan_Jamali_0002.jpg,Jeff_Van_Gundy_0001.jpg,Zafarullah_Khan_Jamali_0002.jpg,0.657011,1,1
829,Carolyn_Dawn_Johnson,Tony_Blair,swap_Carolyn_Dawn_Johnson_0001_in_Tony_Blair_0054.jpg,Carolyn_Dawn_Johnson_0001.jpg,Tony_Blair_0054.jpg,0.700406,1,1
830,Yao_Ming,Steve_Ballmer,swap_Yao_Ming_0006_in_Steve_Ballmer_0003.jpg,Yao_Ming_0006.jpg,Steve_Ballmer_0003.jpg,0.788230,1,1
831,Paul_Kagame,Prince_Harry,swap_Paul_Kagame_0002_in_Prince_Harry_0001.jpg,Paul_Kagame_0002.jpg,Prince_Harry_0001.jpg,0.755810,1,1
832,Paul_Wolfowitz,Christine_Gregoire,swap_Paul_Wolfowitz_0004_in_Christine_Gregoire_0002.jpg,Paul_Wolfowitz_0004.jpg,Christine_Gregoire_0002.jpg,0.800658,1,1
833,William_Macy,Art_Howe,swap_William_Macy_0005_in_Art_Howe_0003.jpg,William_Macy_0005.jpg,Art_Howe_0003.jpg,0.752425,1,1
834,Mian_Khursheed_Mehmood_Kasuri,Gustavo_Kuerten,swap_Mian_Khursheed_Mehmood_Kasuri_0002_in_Gustavo_Kuerten_0002.jpg,Mian_Khursheed_Mehmood_Kasuri_0002.jpg,Gustavo_Kuerten_0002.jpg,0.735894,1,1
835,Salman_Rushdie,Hayley_Tullett,swap_Salman_Rushdie_0002_in_Hayley_Tullett_0002.jpg,Salman_Rushdie_0002.jpg,Hayley_Tullett_0002.jpg,0.692751,1,1
836,Martha_Stewart,Robert_Torricelli,swap_Martha_Stewart_0001_in_Robert_Torricelli_0001.jpg,Martha_Stewart_0001.jpg,Robert_Torricelli_0001.jpg,0.840430,1,1
837,Tariq_Aziz,Valerie_Harper,swap_Tariq_Aziz_0004_in_Valerie_Harper_0001.jpg,Tariq_Aziz_0004.jpg,Valerie_Harper_0001.jpg,-0.008236,0,0
838,Gro_Harlem_Brundtland,Richard_Gephardt,swap_Gro_Harlem_Brundtland_0001_in_Richard_Gephardt_0003.jpg,Gro_Harlem_Brundtland_0001.jpg,Richard_Gephardt_0003.jpg,-0.083491,0,0
839,Gary_Locke,Claire_Leger,swap_Gary_Locke_0002_in_Claire_Leger_0001.jpg,Gary_Locke_0002.jpg,Claire_Leger_0001.jpg,0.763235,1,1
840,Tim_Chapman,Robert_Fico,swap_Tim_Chapman_0002_in_Robert_Fico_0002.jpg,Tim_Chapman_0002.jpg,Robert_Fico_0002.jpg,0.691148,1,1
841,Chuck_Yeager,Natalie_Maines,swap_Chuck_Yeager_0002_in_Natalie_Maines_0004.jpg,Chuck_Yeager_0002.jpg,Natalie_Maines_0004.jpg,0.015816,0,0
842,John_Allen_Muhammad,Larry_Ellison,swap_John_Allen_Muhammad_0002_in_Larry_Ellison_0003.jpg,John_Allen_Muhammad_0002.jpg,Larry_Ellison_0003.jpg,0.812860,1,1
843,Vivica_Fox,Tom_Glavine,swap_Vivica_Fox_0001_in_Tom_Glavine_0002.jpg,Vivica_Fox_0001.jpg,Tom_Glavine_0002.jpg,0.774375,1,1
844,Martin_Cauchon,Tang_Jiaxuan,swap_Martin_Cauchon_0002_in_Tang_Jiaxuan_0006.jpg,Martin_Cauchon_0002.jpg,Tang_Jiaxuan_0006.jpg,0.753549,1,1
845,Latrell_Sprewell,Lynne_Cheney,swap_Latrell_Sprewell_0002_in_Lynne_Cheney_0003.jpg,Latrell_Sprewell_0002.jpg,Lynne_Cheney_0003.jpg,0.724250,1,1
846,Abdullah_Gul,Tomoko_Hagiwara,swap_Abdullah_Gul_0003_in_Tomoko_Hagiwara_0002.jpg,Abdullah_Gul_0003.jpg,Tomoko_Hagiwara_0002.jpg,0.036320,0,0
847,Princess_Anne,Rick_Stansbury,swap_Princess_Anne_0002_in_Rick_Stansbury_0001.jpg,Princess_Anne_0002.jpg,Rick_Stansbury_0001.jpg,0.773220,1,1
848,Vladimir_Spidla,Michael_Capellas,swap_Vladimir_Spidla_0002_in_Michael_Capellas_0001.jpg,Vladimir_Spidla_0002.jpg,Michael_Capellas_0001.jpg,0.759085,1,1
849,Kelli_White,Ellen_Engleman,swap_Kelli_White_0002_in_Ellen_Engleman_0002.jpg,Kelli_White_0002.jpg,Ellen_Engleman_0002.jpg,0.704223,1,1
850,James_Butts,Habib_Rizieq,swap_James_Butts_0002_in_Habib_Rizieq_0005.jpg,James_Butts_0002.jpg,Habib_Rizieq_0005.jpg,0.813605,1,1
851,Natasha_McElhone,Chen_Liang_Yu,swap_Natasha_McElhone_0003_in_Chen_Liang_Yu_0002.jpg,Natasha_McElhone_0003.jpg,Chen_Liang_Yu_0002.jpg,0.775627,1,1
852,Venus_Williams,Jean-Francois_Pontal,swap_Venus_Williams_0002_in_Jean-Francois_Pontal_0001.jpg,Venus_Williams_0002.jpg,Jean-Francois_Pontal_0001.jpg,0.734491,1,1
853,Bridgette_Wilson-Sampras,Petro_Symonenko,swap_Bridgette_Wilson-Sampras_0002_in_Petro_Symonenko_0001.jpg,Bridgette_Wilson-Sampras_0002.jpg,Petro_Symonenko_0001.jpg,0.773418,1,1
854,Chan_Gailey,Daisy_Fuentes,swap_Chan_Gailey_0002_in_Daisy_Fuentes_0004.jpg,Chan_Gailey_0002.jpg,Daisy_Fuentes_0004.jpg,0.668215,1,1
855,Aaron_Sorkin,Keanu_Reeves,swap_Aaron_Sorkin_0001_in_Keanu_Reeves_0012.jpg,Aaron_Sorkin_0001.jpg,Keanu_Reeves_0012.jpg,0.780125,1,1
856,Chick_Hearn,Reggie_Miller,swap_Chick_Hearn_0002_in_Reggie_Miller_0001.jpg,Chick_Hearn_0002.jpg,Reggie_Miller_0001.jpg,0.796586,1,1
857,Greg_Ostertag,Boris_Berezovsky,swap_Greg_Ostertag_0002_in_Boris_Berezovsky_0002.jpg,Greg_Ostertag_0002.jpg,Boris_Berezovsky_0002.jpg,0.748376,1,1
858,Bill_Simon,Joe_Gatti,swap_Bill_Simon_0011_in_Joe_Gatti_0001.jpg,Bill_Simon_0011.jpg,Joe_Gatti_0001.jpg,0.742021,1,1
859,Antony_Leung,Johnson_Panjaitan,swap_Antony_Leung_0003_in_Johnson_Panjaitan_0001.jpg,Antony_Leung_0003.jpg,Johnson_Panjaitan_0001.jpg,0.531402,1,0
860,Kelli_White,Richard_Crenna,swap_Kelli_White_0001_in_Richard_Crenna_0001.jpg,Kelli_White_0001.jpg,Richard_Crenna_0001.jpg,0.729876,1,1
861,Abdel_Nasser_Assidi,Emanuel_Ginobili,swap_Abdel_Nasser_Assidi_0002_in_Emanuel_Ginobili_0001.jpg,Abdel_Nasser_Assidi_0002.jpg,Emanuel_Ginobili_0001.jpg,0.787435,1,1
862,Chita_Rivera,Orrin_Hatch,swap_Chita_Rivera_0001_in_Orrin_Hatch_0002.jpg,Chita_Rivera_0001.jpg,Orrin_Hatch_0002.jpg,0.803954,1,1
863,Ahmed_Chalabi,Adrian_Nastase,swap_Ahmed_Chalabi_0003_in_Adrian_Nastase_0001.jpg,Ahmed_Chalabi_0003.jpg,Adrian_Nastase_0001.jpg,0.789645,1,1
864,Kamal_Kharrazi,Ruben_Studdard,swap_Kamal_Kharrazi_0002_in_Ruben_Studdard_0002.jpg,Kamal_Kharrazi_0002.jpg,Ruben_Studdard_0002.jpg,0.075409,0,0
865,Benazir_Bhutto,Federico_Trillo,swap_Benazir_Bhutto_0004_in_Federico_Trillo_0001.jpg,Benazir_Bhutto_0004.jpg,Federico_Trillo_0001.jpg,0.730558,1,1
866,Sophia_Loren,William_Martin,swap_Sophia_Loren_0001_in_William_Martin_0001.jpg,Sophia_Loren_0001.jpg,William_Martin_0001.jpg,0.661890,1,1
867,Inocencio_Arias,Jimmy_Kimmel,swap_Inocencio_Arias_0002_in_Jimmy_Kimmel_0001.jpg,Inocencio_Arias_0002.jpg,Jimmy_Kimmel_0001.jpg,0.734732,1,1
868,John_Mayer,Tommy_Thompson,swap_John_Mayer_0001_in_Tommy_Thompson_0003.jpg,John_Mayer_0001.jpg,Tommy_Thompson_0003.jpg,0.757753,1,1
869,Begum_Khaleda_Zia,Melanie_Griffith,swap_Begum_Khaleda_Zia_0001_in_Melanie_Griffith_0003.jpg,Begum_Khaleda_Zia_0001.jpg,Melanie_Griffith_0003.jpg,0.801967,1,1
870,Reggie_Miller,Dave_Campo,swap_Reggie_Miller_0002_in_Dave_Campo_0002.jpg,Reggie_Miller_0002.jpg,Dave_Campo_0002.jpg,0.652940,1,1
871,Sharon_Stone,Elvis_Presley,swap_Sharon_Stone_0002_in_Elvis_Presley_0002.jpg,Sharon_Stone_0002.jpg,Elvis_Presley_0002.jpg,0.803968,1,1
872,Paul_Wolfowitz,Rogerio_Romero,swap_Paul_Wolfowitz_0008_in_Rogerio_Romero_0001.jpg,Paul_Wolfowitz_0008.jpg,Rogerio_Romero_0001.jpg,0.772586,1,1
873,Bo_Ryan,Britney_Spears,swap_Bo_Ryan_0001_in_Britney_Spears_0013.jpg,Bo_Ryan_0001.jpg,Britney_Spears_0013.jpg,0.752898,1,1
874,Cesar_Maia,Nursultan_Nazarbayev,swap_Cesar_Maia_0002_in_Nursultan_Nazarbayev_0002.jpg,Cesar_Maia_0002.jpg,Nursultan_Nazarbayev_0002.jpg,0.784862,1,1
875,Kelli_White,Isabelle_Huppert,swap_Kelli_White_0001_in_Isabelle_Huppert_0001.jpg,Kelli_White_0001.jpg,Isabelle_Huppert_0001.jpg,0.680097,1,1
876,Gro_Harlem_Brundtland,Ranil_Wickremasinghe,swap_Gro_Harlem_Brundtland_0001_in_Ranil_Wickremasinghe_0001.jpg,Gro_Harlem_Brundtland_0001.jpg,Ranil_Wickremasinghe_0001.jpg,-0.118551,0,0
877,Mike_Scioscia,Pat_Burns,swap_Mike_Scioscia_0002_in_Pat_Burns_0001.jpg,Mike_Scioscia_0002.jpg,Pat_Burns_0001.jpg,0.835582,1,1
878,Richard_Norton-Taylor,Hilmi_Ozkok,swap_Richard_Norton-Taylor_0001_in_Hilmi_Ozkok_0001.jpg,Richard_Norton-Taylor_0001.jpg,Hilmi_Ozkok_0001.jpg,0.773174,1,1
879,Taha_Yassin_Ramadan,John_Timoney,swap_Taha_Yassin_Ramadan_0005_in_John_Timoney_0001.jpg,Taha_Yassin_Ramadan_0005.jpg,John_Timoney_0001.jpg,0.792997,1,1
880,Vaclav_Havel,Vincent_Gallo,swap_Vaclav_Havel_0004_in_Vincent_Gallo_0002.jpg,Vaclav_Havel_0004.jpg,Vincent_Gallo_0002.jpg,0.799845,1,1
881,John_Reid,Carlos_Quintanilla_Schmidt,swap_John_Reid_0001_in_Carlos_Quintanilla_Schmidt_0002.jpg,John_Reid_0001.jpg,Carlos_Quintanilla_Schmidt_0002.jpg,0.684507,1,1
882,Pupi_Avati,Osama_bin_Laden,swap_Pupi_Avati_0001_in_Osama_bin_Laden_0001.jpg,Pupi_Avati_0001.jpg,Osama_bin_Laden_0001.jpg,-0.103910,0,0
883,Jessica_Alba,Iva_Majoli,swap_Jessica_Alba_0001_in_Iva_Majoli_0002.jpg,Jessica_Alba_0001.jpg,Iva_Majoli_0002.jpg,0.715416,1,1
884,Munir_Akram,Justine_Henin,swap_Munir_Akram_0002_in_Justine_Henin_0003.jpg,Munir_Akram_0002.jpg,Justine_Henin_0003.jpg,0.658494,1,1
885,Robin_McLaurin_Williams,David_Trimble,swap_Robin_McLaurin_Williams_0002_in_David_Trimble_0001.jpg,Robin_McLaurin_Williams_0002.jpg,David_Trimble_0001.jpg,0.752389,1,1
886,Albert_Costa,Nora_Bendijo,swap_Albert_Costa_0001_in_Nora_Bendijo_0001.jpg,Albert_Costa_0001.jpg,Nora_Bendijo_0001.jpg,0.757147,1,1
887,Gerardo_Gambala,Emma_Watson,swap_Gerardo_Gambala_0001_in_Emma_Watson_0001.jpg,Gerardo_Gambala_0001.jpg,Emma_Watson_0001.jpg,0.854527,1,1
888,Vicente_Fox,Jon_Voight,swap_Vicente_Fox_0019_in_Jon_Voight_0003.jpg,Vicente_Fox_0019.jpg,Jon_Voight_0003.jpg,0.805670,1,1
889,Scott_Wolf,Marie-Reine_Le_Gougne,swap_Scott_Wolf_0002_in_Marie-Reine_Le_Gougne_0002.jpg,Scott_Wolf_0002.jpg,Marie-Reine_Le_Gougne_0002.jpg,0.803621,1,1
890,Sally_Field,Jorge_Rodolfo_Canicoba_Corral,swap_Sally_Field_0001_in_Jorge_Rodolfo_Canicoba_Corral_0001.jpg,Sally_Field_0001.jpg,Jorge_Rodolfo_Canicoba_Corral_0001.jpg,0.766898,1,1
891,Guido_Westerwelle,Billy_Graham,swap_Guido_Westerwelle_0002_in_Billy_Graham_0001.jpg,Guido_Westerwelle_0002.jpg,Billy_Graham_0001.jpg,0.782634,1,1
892,Markus_Naslund,Edward_Norton,swap_Markus_Naslund_0001_in_Edward_Norton_0002.jpg,Markus_Naslund_0001.jpg,Edward_Norton_0002.jpg,0.810657,1,1
893,John_Swofford,Noelle_Bush,swap_John_Swofford_0003_in_Noelle_Bush_0001.jpg,John_Swofford_0003.jpg,Noelle_Bush_0001.jpg,0.757217,1,1
894,Iban_Mayo,Ruth_Harlow,swap_Iban_Mayo_0002_in_Ruth_Harlow_0001.jpg,Iban_Mayo_0002.jpg,Ruth_Harlow_0001.jpg,0.706677,1,1
895,Aron_Ralston,Fujio_Cho,swap_Aron_Ralston_0001_in_Fujio_Cho_0004.jpg,Aron_Ralston_0001.jpg,Fujio_Cho_0004.jpg,0.738676,1,1
896,Carolina_Kluft,Larry_Lucchino,swap_Carolina_Kluft_0003_in_Larry_Lucchino_0001.jpg,Carolina_Kluft_0003.jpg,Larry_Lucchino_0001.jpg,0.732925,1,1
897,Ian_McKellen,Ricky_Ponting,swap_Ian_McKellen_0003_in_Ricky_Ponting_0001.jpg,Ian_McKellen_0003.jpg,Ricky_Ponting_0001.jpg,0.702221,1,1
898,Cate_Blanchett,Akhmed_Zakayev,swap_Cate_Blanchett_0002_in_Akhmed_Zakayev_0003.jpg,Cate_Blanchett_0002.jpg,Akhmed_Zakayev_0003.jpg,0.766734,1,1
899,Aitor_Gonzalez,Daryl_Hannah,swap_Aitor_Gonzalez_0002_in_Daryl_Hannah_0002.jpg,Aitor_Gonzalez_0002.jpg,Daryl_Hannah_0002.jpg,0.720518,1,1
900,Masahiko_Nagasawa,Martin_Scorsese,swap_Masahiko_Nagasawa_0002_in_Martin_Scorsese_0002.jpg,Masahiko_Nagasawa_0002.jpg,Martin_Scorsese_0002.jpg,0.665259,1,1
901,Joe_Gatti,Charles_Kartman,swap_Joe_Gatti_0002_in_Charles_Kartman_0001.jpg,Joe_Gatti_0002.jpg,Charles_Kartman_0001.jpg,0.700482,1,1
902,Tom_Ridge,Allison_Janney,swap_Tom_Ridge_0022_in_Allison_Janney_0002.jpg,Tom_Ridge_0022.jpg,Allison_Janney_0002.jpg,0.759816,1,1
903,Grady_Irvin_Jr,Masum_Turker,swap_Grady_Irvin_Jr_0001_in_Masum_Turker_0002.jpg,Grady_Irvin_Jr_0001.jpg,Masum_Turker_0002.jpg,0.735968,1,1
904,Scott_Sullivan,Natalie_Cole,swap_Scott_Sullivan_0001_in_Natalie_Cole_0002.jpg,Scott_Sullivan_0001.jpg,Natalie_Cole_0002.jpg,0.691677,1,1
905,Laura_Bush,Mark_Warner,swap_Laura_Bush_0024_in_Mark_Warner_0001.jpg,Laura_Bush_0024.jpg,Mark_Warner_0001.jpg,0.761669,1,1
906,Mariah_Carey,Muammar_Gaddafi,swap_Mariah_Carey_0002_in_Muammar_Gaddafi_0002.jpg,Mariah_Carey_0002.jpg,Muammar_Gaddafi_0002.jpg,0.780980,1,1
907,Dai_Bachtiar,George_Karl,swap_Dai_Bachtiar_0001_in_George_Karl_0001.jpg,Dai_Bachtiar_0001.jpg,George_Karl_0001.jpg,0.850610,1,1
908,Fayssal_Mekdad,Steven_Hatfill,swap_Fayssal_Mekdad_0001_in_Steven_Hatfill_0001.jpg,Fayssal_Mekdad_0001.jpg,Steven_Hatfill_0001.jpg,0.779002,1,1
909,Akhmed_Zakayev,Fujio_Cho,swap_Akhmed_Zakayev_0001_in_Fujio_Cho_0004.jpg,Akhmed_Zakayev_0001.jpg,Fujio_Cho_0004.jpg,0.761616,1,1
910,Jim_Edmonds,John_McCain,swap_Jim_Edmonds_0001_in_John_McCain_0002.jpg,Jim_Edmonds_0001.jpg,John_McCain_0002.jpg,0.738686,1,1
911,Amram_Mitzna,Mike_Price,swap_Amram_Mitzna_0002_in_Mike_Price_0001.jpg,Amram_Mitzna_0002.jpg,Mike_Price_0001.jpg,0.030466,0,0
912,Jake_Gyllenhaal,Gary_Carter,swap_Jake_Gyllenhaal_0004_in_Gary_Carter_0003.jpg,Jake_Gyllenhaal_0004.jpg,Gary_Carter_0003.jpg,0.768062,1,1
913,Jacqueline_Obradors,Gordon_Brown,swap_Jacqueline_Obradors_0001_in_Gordon_Brown_0010.jpg,Jacqueline_Obradors_0001.jpg,Gordon_Brown_0010.jpg,0.803695,1,1
914,Joe_Mantello,Cate_Blanchett,swap_Joe_Mantello_0001_in_Cate_Blanchett_0002.jpg,Joe_Mantello_0001.jpg,Cate_Blanchett_0002.jpg,0.814621,1,1
915,Ethan_Hawke,William_Ford_Jr,swap_Ethan_Hawke_0001_in_William_Ford_Jr_0004.jpg,Ethan_Hawke_0001.jpg,William_Ford_Jr_0004.jpg,0.843468,1,1
916,Ben_Affleck,Lenny_Wilkens,swap_Ben_Affleck_0007_in_Lenny_Wilkens_0002.jpg,Ben_Affleck_0007.jpg,Lenny_Wilkens_0002.jpg,0.681260,1,1
917,Tommy_Thompson,Ibrahim_Jaafari,swap_Tommy_Thompson_0006_in_Ibrahim_Jaafari_0001.jpg,Tommy_Thompson_0006.jpg,Ibrahim_Jaafari_0001.jpg,-0.064047,0,0
918,Mike_Price,Lauren_Hutton,swap_Mike_Price_0001_in_Lauren_Hutton_0002.jpg,Mike_Price_0001.jpg,Lauren_Hutton_0002.jpg,0.674700,1,1
919,Edmund_Stoiber,Hassan_Nasrallah,swap_Edmund_Stoiber_0010_in_Hassan_Nasrallah_0002.jpg,Edmund_Stoiber_0010.jpg,Hassan_Nasrallah_0002.jpg,0.771156,1,1
920,Steve_Park,Peter_Bacanovic,swap_Steve_Park_0001_in_Peter_Bacanovic_0002.jpg,Steve_Park_0001.jpg,Peter_Bacanovic_0002.jpg,0.771843,1,1
921,Jo_Dee_Messina,Olivia_Newton-John,swap_Jo_Dee_Messina_0002_in_Olivia_Newton-John_0001.jpg,Jo_Dee_Messina_0002.jpg,Olivia_Newton-John_0001.jpg,0.734210,1,1
922,Stan_Heath,Michelle_Yeoh,swap_Stan_Heath_0001_in_Michelle_Yeoh_0002.jpg,Stan_Heath_0001.jpg,Michelle_Yeoh_0002.jpg,0.678733,1,1
923,Adolfo_Aguilar_Zinser,Joseph_Ralston,swap_Adolfo_Aguilar_Zinser_0001_in_Joseph_Ralston_0001.jpg,Adolfo_Aguilar_Zinser_0001.jpg,Joseph_Ralston_0001.jpg,0.756851,1,1
924,Michael_Sullivan,Jean_Charest,swap_Michael_Sullivan_0001_in_Jean_Charest_0011.jpg,Michael_Sullivan_0001.jpg,Jean_Charest_0011.jpg,0.774929,1,1
925,Abdel_Nasser_Assidi,Thomas_OBrien,swap_Abdel_Nasser_Assidi_0002_in_Thomas_OBrien_0005.jpg,Abdel_Nasser_Assidi_0002.jpg,Thomas_OBrien_0005.jpg,0.819938,1,1
926,Butch_Davis,Eileen_Coparropa,swap_Butch_Davis_0001_in_Eileen_Coparropa_0002.jpg,Butch_Davis_0001.jpg,Eileen_Coparropa_0002.jpg,0.748415,1,1
927,Mahmoud_Abbas,Arturo_Gatti,swap_Mahmoud_Abbas_0005_in_Arturo_Gatti_0003.jpg,Mahmoud_Abbas_0005.jpg,Arturo_Gatti_0003.jpg,0.775966,1,1
928,Gunter_Pleuger,Boris_Becker,swap_Gunter_Pleuger_0001_in_Boris_Becker_0002.jpg,Gunter_Pleuger_0001.jpg,Boris_Becker_0002.jpg,0.740989,1,1
929,Marty_Mornhinweg,Juanes,swap_Marty_Mornhinweg_0003_in_Juanes_0002.jpg,Marty_Mornhinweg_0003.jpg,Juanes_0002.jpg,0.745579,1,1
930,Laurent_Jalabert,Taha_Yassin_Ramadan,swap_Laurent_Jalabert_0001_in_Taha_Yassin_Ramadan_0010.jpg,Laurent_Jalabert_0001.jpg,Taha_Yassin_Ramadan_0010.jpg,0.746163,1,1
931,Branko_Crvenkovski,Mark_Cuban,swap_Branko_Crvenkovski_0001_in_Mark_Cuban_0002.jpg,Branko_Crvenkovski_0001.jpg,Mark_Cuban_0002.jpg,0.812083,1,1
932,Beth_Jones,Omar_Sharif,swap_Beth_Jones_0001_in_Omar_Sharif_0004.jpg,Beth_Jones_0001.jpg,Omar_Sharif_0004.jpg,0.650891,1,1
933,Rick_Perry,Chen_Liang_Yu,swap_Rick_Perry_0002_in_Chen_Liang_Yu_0002.jpg,Rick_Perry_0002.jpg,Chen_Liang_Yu_0002.jpg,0.728532,1,1
934,Geraldine_Chaplin,Isaiah_Washington,swap_Geraldine_Chaplin_0004_in_Isaiah_Washington_0002.jpg,Geraldine_Chaplin_0004.jpg,Isaiah_Washington_0002.jpg,0.799121,1,1
935,Jack_Grubman,Larry_Lindsey,swap_Jack_Grubman_0002_in_Larry_Lindsey_0001.jpg,Jack_Grubman_0002.jpg,Larry_Lindsey_0001.jpg,0.825476,1,1
936,Bertrand_Bonello,Edward_Lu,swap_Bertrand_Bonello_0001_in_Edward_Lu_0005.jpg,Bertrand_Bonello_0001.jpg,Edward_Lu_0005.jpg,0.806782,1,1
937,Carlos_Bianchi,Cristina_Fernandez,swap_Carlos_Bianchi_0001_in_Cristina_Fernandez_0001.jpg,Carlos_Bianchi_0001.jpg,Cristina_Fernandez_0001.jpg,0.661206,1,1
938,Lance_Armstrong,Leonard_Hamilton,swap_Lance_Armstrong_0011_in_Leonard_Hamilton_0002.jpg,Lance_Armstrong_0011.jpg,Leonard_Hamilton_0002.jpg,0.696848,1,1
939,Cathy_Freeman,Michael_Douglas,swap_Cathy_Freeman_0002_in_Michael_Douglas_0002.jpg,Cathy_Freeman_0002.jpg,Michael_Douglas_0002.jpg,0.663600,1,1
940,Larry_Ellison,Hun_Sen,swap_Larry_Ellison_0002_in_Hun_Sen_0003.jpg,Larry_Ellison_0002.jpg,Hun_Sen_0003.jpg,0.778203,1,1
941,Catherine_Deneuve,Bob_Stoops,swap_Catherine_Deneuve_0002_in_Bob_Stoops_0007.jpg,Catherine_Deneuve_0002.jpg,Bob_Stoops_0007.jpg,0.776537,1,1
942,Roger_Moore,Horst_Koehler,swap_Roger_Moore_0005_in_Horst_Koehler_0001.jpg,Roger_Moore_0005.jpg,Horst_Koehler_0001.jpg,0.786120,1,1
943,Emma_Thompson,James_Maguire,swap_Emma_Thompson_0001_in_James_Maguire_0001.jpg,Emma_Thompson_0001.jpg,James_Maguire_0001.jpg,0.657281,1,1
944,Scott_Ritter,Gary_Carter,swap_Scott_Ritter_0002_in_Gary_Carter_0002.jpg,Scott_Ritter_0002.jpg,Gary_Carter_0002.jpg,0.764419,1,1
945,Martha_Burk,Anthony_Fauci,swap_Martha_Burk_0003_in_Anthony_Fauci_0002.jpg,Martha_Burk_0003.jpg,Anthony_Fauci_0002.jpg,0.817572,1,1
946,Zoran_Djindjic,Dean_Barkley,swap_Zoran_Djindjic_0001_in_Dean_Barkley_0004.jpg,Zoran_Djindjic_0001.jpg,Dean_Barkley_0004.jpg,0.797146,1,1
947,Larry_Johnson,Mikhail_Wehbe,swap_Larry_Johnson_0001_in_Mikhail_Wehbe_0001.jpg,Larry_Johnson_0001.jpg,Mikhail_Wehbe_0001.jpg,0.725939,1,1
948,Lee_Jun,Bruce_Van_De_Velde,swap_Lee_Jun_0001_in_Bruce_Van_De_Velde_0001.jpg,Lee_Jun_0001.jpg,Bruce_Van_De_Velde_0001.jpg,0.719743,1,1
949,Akbar_Hashemi_Rafsanjani,Ashton_Kutcher,swap_Akbar_Hashemi_Rafsanjani_0001_in_Ashton_Kutcher_0001.jpg,Akbar_Hashemi_Rafsanjani_0001.jpg,Ashton_Kutcher_0001.jpg,0.789816,1,1
950,Ed_Smart,Jorge_Arce,swap_Ed_Smart_0002_in_Jorge_Arce_0001.jpg,Ed_Smart_0002.jpg,Jorge_Arce_0001.jpg,0.713715,1,1
951,Nicholas_Byron,Noah_Wyle,swap_Nicholas_Byron_0002_in_Noah_Wyle_0001.jpg,Nicholas_Byron_0002.jpg,Noah_Wyle_0001.jpg,0.783325,1,1
952,Alex_Barros,Azra_Akin,swap_Alex_Barros_0001_in_Azra_Akin_0004.jpg,Alex_Barros_0001.jpg,Azra_Akin_0004.jpg,0.776391,1,1
953,Xanana_Gusmao,Charles_Taylor,swap_Xanana_Gusmao_0001_in_Charles_Taylor_0006.jpg,Xanana_Gusmao_0001.jpg,Charles_Taylor_0006.jpg,0.765797,1,1
954,Celso_Amorim,Angela_Lansbury,swap_Celso_Amorim_0002_in_Angela_Lansbury_0001.jpg,Celso_Amorim_0002.jpg,Angela_Lansbury_0001.jpg,0.696047,1,1
955,David_Heyman,Naomi_Campbell,swap_David_Heyman_0002_in_Naomi_Campbell_0002.jpg,David_Heyman_0002.jpg,Naomi_Campbell_0002.jpg,0.801483,1,1
956,Marcelo_Salas,Allison_Janney,swap_Marcelo_Salas_0002_in_Allison_Janney_0002.jpg,Marcelo_Salas_0002.jpg,Allison_Janney_0002.jpg,0.778229,1,1
957,David_Trimble,Jennifer_Keller,swap_David_Trimble_0002_in_Jennifer_Keller_0002.jpg,David_Trimble_0002.jpg,Jennifer_Keller_0002.jpg,0.661541,1,1
958,Greg_Rusedski,Gunter_Pleuger,swap_Greg_Rusedski_0004_in_Gunter_Pleuger_0002.jpg,Greg_Rusedski_0004.jpg,Gunter_Pleuger_0002.jpg,0.705355,1,1
959,Amelie_Mauresmo,Paul_Shanley,swap_Amelie_Mauresmo_0020_in_Paul_Shanley_0003.jpg,Amelie_Mauresmo_0020.jpg,Paul_Shanley_0003.jpg,0.735212,1,1
960,Gabriel_Valdes,Ray_Romano,swap_Gabriel_Valdes_0002_in_Ray_Romano_0008.jpg,Gabriel_Valdes_0002.jpg,Ray_Romano_0008.jpg,0.785546,1,1
961,Juan_Pablo_Montoya,Mike_Krzyzewski,swap_Juan_Pablo_Montoya_0008_in_Mike_Krzyzewski_0001.jpg,Juan_Pablo_Montoya_0008.jpg,Mike_Krzyzewski_0001.jpg,0.642751,1,1
962,Bob_Colvin,Guillermo_Ortiz,swap_Bob_Colvin_0002_in_Guillermo_Ortiz_0001.jpg,Bob_Colvin_0002.jpg,Guillermo_Ortiz_0001.jpg,0.779452,1,1
963,Justin_Guarini,Edie_Falco,swap_Justin_Guarini_0003_in_Edie_Falco_0001.jpg,Justin_Guarini_0003.jpg,Edie_Falco_0001.jpg,0.784387,1,1
964,Placido_Domingo,Will_Smith,swap_Placido_Domingo_0003_in_Will_Smith_0001.jpg,Placido_Domingo_0003.jpg,Will_Smith_0001.jpg,0.733995,1,1
965,John_Mayer,Tyler_Hamilton,swap_John_Mayer_0003_in_Tyler_Hamilton_0002.jpg,John_Mayer_0003.jpg,Tyler_Hamilton_0002.jpg,0.742015,1,1
966,Lon_Kruger,Michelle_Collins,swap_Lon_Kruger_0002_in_Michelle_Collins_0002.jpg,Lon_Kruger_0002.jpg,Michelle_Collins_0002.jpg,0.720919,1,1
967,Morgan_Freeman,Marilyn_Monroe,swap_Morgan_Freeman_0002_in_Marilyn_Monroe_0002.jpg,Morgan_Freeman_0002.jpg,Marilyn_Monroe_0002.jpg,0.751496,1,1
968,Gonzalo_Sanchez_de_Lozada,Denzel_Washington,swap_Gonzalo_Sanchez_de_Lozada_0001_in_Denzel_Washington_0003.jpg,Gonzalo_Sanchez_de_Lozada_0001.jpg,Denzel_Washington_0003.jpg,0.843838,1,1
969,Ozzy_Osbourne,Eric_Rosser,swap_Ozzy_Osbourne_0001_in_Eric_Rosser_0002.jpg,Ozzy_Osbourne_0001.jpg,Eric_Rosser_0002.jpg,0.743051,1,1
970,Arsinee_Khanjian,Wu_Yi,swap_Arsinee_Khanjian_0002_in_Wu_Yi_0003.jpg,Arsinee_Khanjian_0002.jpg,Wu_Yi_0003.jpg,0.841801,1,1
971,Jerry_Falwell,Tom_Craddick,swap_Jerry_Falwell_0001_in_Tom_Craddick_0002.jpg,Jerry_Falwell_0001.jpg,Tom_Craddick_0002.jpg,0.737160,1,1
972,Britney_Spears,Gary_Bergeron,swap_Britney_Spears_0011_in_Gary_Bergeron_0001.jpg,Britney_Spears_0011.jpg,Gary_Bergeron_0001.jpg,0.659925,1,1
973,Gisele_Bundchen,Michael_Bloomberg,swap_Gisele_Bundchen_0001_in_Michael_Bloomberg_0008.jpg,Gisele_Bundchen_0001.jpg,Michael_Bloomberg_0008.jpg,0.766657,1,1
974,Nastassia_Kinski,Walter_Mondale,swap_Nastassia_Kinski_0002_in_Walter_Mondale_0006.jpg,Nastassia_Kinski_0002.jpg,Walter_Mondale_0006.jpg,0.735453,1,1
975,David_Wolf,Demetrius_Ferraciu,swap_David_Wolf_0001_in_Demetrius_Ferraciu_0002.jpg,David_Wolf_0001.jpg,Demetrius_Ferraciu_0002.jpg,0.782814,1,1
976,William_Rehnquist,Steve_Lavin,swap_William_Rehnquist_0002_in_Steve_Lavin_0005.jpg,William_Rehnquist_0002.jpg,Steve_Lavin_0005.jpg,0.729519,1,1
977,Alimzhan_Tokhtakhounov,Salma_Hayek,swap_Alimzhan_Tokhtakhounov_0002_in_Salma_Hayek_0010.jpg,Alimzhan_Tokhtakhounov_0002.jpg,Salma_Hayek_0010.jpg,0.815115,1,1
978,Monica_Bellucci,Chuck_Yeager,swap_Monica_Bellucci_0002_in_Chuck_Yeager_0002.jpg,Monica_Bellucci_0002.jpg,Chuck_Yeager_0002.jpg,0.768118,1,1
979,Michael_Winterbottom,Iain_Duncan_Smith,swap_Michael_Winterbottom_0001_in_Iain_Duncan_Smith_0004.jpg,Michael_Winterbottom_0001.jpg,Iain_Duncan_Smith_0004.jpg,0.725311,1,1
980,Anders_Fogh_Rasmussen,Bob_Huggins,swap_Anders_Fogh_Rasmussen_0001_in_Bob_Huggins_0002.jpg,Anders_Fogh_Rasmussen_0001.jpg,Bob_Huggins_0002.jpg,0.802779,1,1
981,Patrice_Chereau,Eric_Rosser,swap_Patrice_Chereau_0001_in_Eric_Rosser_0002.jpg,Patrice_Chereau_0001.jpg,Eric_Rosser_0002.jpg,0.817512,1,1
982,Aaron_Sorkin,Jamie_Villafane,swap_Aaron_Sorkin_0001_in_Jamie_Villafane_0001.jpg,Aaron_Sorkin_0001.jpg,Jamie_Villafane_0001.jpg,0.768328,1,1
983,Jay_Rasulo,Serena_Williams,swap_Jay_Rasulo_0001_in_Serena_Williams_0052.jpg,Jay_Rasulo_0001.jpg,Serena_Williams_0052.jpg,0.815040,1,1
984,James_Caan,Art_Howe,swap_James_Caan_0001_in_Art_Howe_0002.jpg,James_Caan_0001.jpg,Art_Howe_0002.jpg,0.779860,1,1
985,Noelle_Bush,Sam_Mendes,swap_Noelle_Bush_0002_in_Sam_Mendes_0001.jpg,Noelle_Bush_0002.jpg,Sam_Mendes_0001.jpg,0.104592,0,0
986,Matthew_Broderick,Jim_Hahn,swap_Matthew_Broderick_0001_in_Jim_Hahn_0003.jpg,Matthew_Broderick_0001.jpg,Jim_Hahn_0003.jpg,0.728306,1,1
987,Sam_Bith,Rick_Perry,swap_Sam_Bith_0002_in_Rick_Perry_0005.jpg,Sam_Bith_0002.jpg,Rick_Perry_0005.jpg,0.832104,1,1
988,Brooke_Shields,Jason_Alexander,swap_Brooke_Shields_0002_in_Jason_Alexander_0002.jpg,Brooke_Shields_0002.jpg,Jason_Alexander_0002.jpg,0.773878,1,1
989,Christian_Fittipaldi,Dai_Bachtiar,swap_Christian_Fittipaldi_0002_in_Dai_Bachtiar_0002.jpg,Christian_Fittipaldi_0002.jpg,Dai_Bachtiar_0002.jpg,0.728810,1,1
990,Recep_Tayyip_Erdogan,JJ_Redick,swap_Recep_Tayyip_Erdogan_0006_in_JJ_Redick_0002.jpg,Recep_Tayyip_Erdogan_0006.jpg,JJ_Redick_0002.jpg,0.798715,1,1
991,Ethan_Hawke,Ricky_Martin,swap_Ethan_Hawke_0002_in_Ricky_Martin_0002.jpg,Ethan_Hawke_0002.jpg,Ricky_Martin_0002.jpg,0.764809,1,1
992,Hu_Jintao,Stefano_Accorsi,swap_Hu_Jintao_0012_in_Stefano_Accorsi_0002.jpg,Hu_Jintao_0012.jpg,Stefano_Accorsi_0002.jpg,0.738859,1,1
993,Charles_Mathews,Dennis_Erickson,swap_Charles_Mathews_0001_in_Dennis_Erickson_0002.jpg,Charles_Mathews_0001.jpg,Dennis_Erickson_0002.jpg,0.813281,1,1
994,Tom_Reilly,Muhammad_Saeed_al-Sahhaf,swap_Tom_Reilly_0001_in_Muhammad_Saeed_al-Sahhaf_0002.jpg,Tom_Reilly_0001.jpg,Muhammad_Saeed_al-Sahhaf_0002.jpg,0.702432,1,1
995,Patricia_Clarkson,Jack_Grubman,swap_Patricia_Clarkson_0002_in_Jack_Grubman_0001.jpg,Patricia_Clarkson_0002.jpg,Jack_Grubman_0001.jpg,0.764400,1,1
996,Marcelo_Salas,Christopher_Reeve,swap_Marcelo_Salas_0002_in_Christopher_Reeve_0001.jpg,Marcelo_Salas_0002.jpg,Christopher_Reeve_0001.jpg,0.801968,1,1
997,Frank_Dunham_Jr,Jean_Chretien,swap_Frank_Dunham_Jr_0002_in_Jean_Chretien_0011.jpg,Frank_Dunham_Jr_0002.jpg,Jean_Chretien_0011.jpg,0.774147,1,1
998,Princess_Elisabeth,Bob_Geldof,swap_Princess_Elisabeth_0002_in_Bob_Geldof_0002.jpg,Princess_Elisabeth_0002.jpg,Bob_Geldof_0002.jpg,0.777684,1,1
999,Aitor_Gonzalez,Gilberto_Rodriguez_Orejuela,swap_Aitor_Gonzalez_0001_in_Gilberto_Rodriguez_Orejuela_0002.jpg,Aitor_Gonzalez_0001.jpg,Gilberto_Rodriguez_Orejuela_0002.jpg,0.736624,1,1
1000,Roy_Moore,Barry_Zito,swap_Roy_Moore_0003_in_Barry_Zito_0002.jpg,Roy_Moore_0003.jpg,Barry_Zito_0002.jpg,0.681864,1,1
1001,Vanessa_Incontrada,Carla_Myers,swap_Vanessa_Incontrada_0001_in_Carla_Myers_0001.jpg,Vanessa_Incontrada_0001.jpg,Carla_Myers_0001.jpg,0.748431,1,1
1002,John_Reid,Kim_Jin-sun,swap_John_Reid_0003_in_Kim_Jin-sun_0002.jpg,John_Reid_0003.jpg,Kim_Jin-sun_0002.jpg,0.769388,1,1
1003,David_Caraway,Judi_Dench,swap_David_Caraway_0002_in_Judi_Dench_0002.jpg,David_Caraway_0002.jpg,Judi_Dench_0002.jpg,0.798837,1,1
1004,Jelena_Dokic,Michelle_Rodriguez,swap_Jelena_Dokic_0007_in_Michelle_Rodriguez_0001.jpg,Jelena_Dokic_0007.jpg,Michelle_Rodriguez_0001.jpg,0.693479,1,1
1005,Lloyd_Ward,Vicente_Fernandez,swap_Lloyd_Ward_0001_in_Vicente_Fernandez_0002.jpg,Lloyd_Ward_0001.jpg,Vicente_Fernandez_0002.jpg,0.807849,1,1
1006,Larry_Coker,Bernardo_Segura,swap_Larry_Coker_0001_in_Bernardo_Segura_0002.jpg,Larry_Coker_0001.jpg,Bernardo_Segura_0002.jpg,0.766617,1,1
1007,Alejandro_Avila,Jack_Nicholson,swap_Alejandro_Avila_0002_in_Jack_Nicholson_0001.jpg,Alejandro_Avila_0002.jpg,Jack_Nicholson_0001.jpg,0.617268,1,1
1008,Bertie_Ahern,Jean-Claude_Juncker,swap_Bertie_Ahern_0002_in_Jean-Claude_Juncker_0002.jpg,Bertie_Ahern_0002.jpg,Jean-Claude_Juncker_0002.jpg,0.758156,1,1
1009,Daniel_Day-Lewis,Stacy_Dragila,swap_Daniel_Day-Lewis_0001_in_Stacy_Dragila_0001.jpg,Daniel_Day-Lewis_0001.jpg,Stacy_Dragila_0001.jpg,0.738310,1,1
1010,Jason_Lezak,Osama_bin_Laden,swap_Jason_Lezak_0002_in_Osama_bin_Laden_0001.jpg,Jason_Lezak_0002.jpg,Osama_bin_Laden_0001.jpg,0.707462,1,1
1011,Ken_Macha,Rich_Gannon,swap_Ken_Macha_0001_in_Rich_Gannon_0002.jpg,Ken_Macha_0001.jpg,Rich_Gannon_0002.jpg,0.741900,1,1
1012,Cyndi_Thompson,Ari_Fleischer,swap_Cyndi_Thompson_0001_in_Ari_Fleischer_0006.jpg,Cyndi_Thompson_0001.jpg,Ari_Fleischer_0006.jpg,0.761780,1,1
1013,Eileen_Coparropa,Donald_Evans,swap_Eileen_Coparropa_0002_in_Donald_Evans_0002.jpg,Eileen_Coparropa_0002.jpg,Donald_Evans_0002.jpg,0.768518,1,1
1014,Richie_Adubato,Guy_Hemmings,swap_Richie_Adubato_0002_in_Guy_Hemmings_0001.jpg,Richie_Adubato_0002.jpg,Guy_Hemmings_0001.jpg,0.753656,1,1
1015,Brendan_Hansen,Anthony_Hopkins,swap_Brendan_Hansen_0002_in_Anthony_Hopkins_0002.jpg,Brendan_Hansen_0002.jpg,Anthony_Hopkins_0002.jpg,0.675555,1,1
1016,Coretta_Scott_King,Ariel_Sharon,swap_Coretta_Scott_King_0002_in_Ariel_Sharon_0001.jpg,Coretta_Scott_King_0002.jpg,Ariel_Sharon_0001.jpg,0.724376,1,1
1017,Katie_Harman,Bob_Colvin,swap_Katie_Harman_0002_in_Bob_Colvin_0002.jpg,Katie_Harman_0002.jpg,Bob_Colvin_0002.jpg,0.729342,1,1
1018,Edie_Falco,Brian_Griese,swap_Edie_Falco_0001_in_Brian_Griese_0001.jpg,Edie_Falco_0001.jpg,Brian_Griese_0001.jpg,0.771501,1,1
1019,David_Myers,Queen_Beatrix,swap_David_Myers_0002_in_Queen_Beatrix_0001.jpg,David_Myers_0002.jpg,Queen_Beatrix_0001.jpg,0.747320,1,1
1020,Lindsay_Benko,Carol_Moseley_Braun,swap_Lindsay_Benko_0002_in_Carol_Moseley_Braun_0002.jpg,Lindsay_Benko_0002.jpg,Carol_Moseley_Braun_0002.jpg,0.740595,1,1
1021,Liam_Neeson,Madeleine_Albright,swap_Liam_Neeson_0003_in_Madeleine_Albright_0002.jpg,Liam_Neeson_0003.jpg,Madeleine_Albright_0002.jpg,0.780685,1,1
1022,Bobby_Goldwater,Raghad_Saddam_Hussein,swap_Bobby_Goldwater_0002_in_Raghad_Saddam_Hussein_0001.jpg,Bobby_Goldwater_0002.jpg,Raghad_Saddam_Hussein_0001.jpg,0.777192,1,1
1023,Joe_Calzaghe,John_Malkovich,swap_Joe_Calzaghe_0002_in_John_Malkovich_0001.jpg,Joe_Calzaghe_0002.jpg,John_Malkovich_0001.jpg,0.737167,1,1
1024,Kristin_Davis,Anibal_Ibarra,swap_Kristin_Davis_0002_in_Anibal_Ibarra_0002.jpg,Kristin_Davis_0002.jpg,Anibal_Ibarra_0002.jpg,0.826235,1,1
1025,Lenny_Wilkens,Gerry_Parsky,swap_Lenny_Wilkens_0001_in_Gerry_Parsky_0002.jpg,Lenny_Wilkens_0001.jpg,Gerry_Parsky_0002.jpg,0.733024,1,1
1026,Monica_Lewinsky,Ashton_Kutcher,swap_Monica_Lewinsky_0001_in_Ashton_Kutcher_0003.jpg,Monica_Lewinsky_0001.jpg,Ashton_Kutcher_0003.jpg,0.739411,1,1
1027,Rita_Grande,Brian_Griese,swap_Rita_Grande_0001_in_Brian_Griese_0002.jpg,Rita_Grande_0001.jpg,Brian_Griese_0002.jpg,0.806701,1,1
1028,Woody_Allen,Michael_Schumacher,swap_Woody_Allen_0004_in_Michael_Schumacher_0008.jpg,Woody_Allen_0004.jpg,Michael_Schumacher_0008.jpg,-0.003115,0,0
1029,Mike_Scioscia,Asa_Hutchinson,swap_Mike_Scioscia_0002_in_Asa_Hutchinson_0002.jpg,Mike_Scioscia_0002.jpg,Asa_Hutchinson_0002.jpg,0.809948,1,1
1030,Michael_Chiklis,Roh_Moo-hyun,swap_Michael_Chiklis_0004_in_Roh_Moo-hyun_0016.jpg,Michael_Chiklis_0004.jpg,Roh_Moo-hyun_0016.jpg,0.823649,1,1
1031,Lisa_Ling,Herta_Daeubler-Gmelin,swap_Lisa_Ling_0001_in_Herta_Daeubler-Gmelin_0002.jpg,Lisa_Ling_0001.jpg,Herta_Daeubler-Gmelin_0002.jpg,0.801415,1,1
1032,Sean_OKeefe,Amer_al-Saadi,swap_Sean_OKeefe_0005_in_Amer_al-Saadi_0002.jpg,Sean_OKeefe_0005.jpg,Amer_al-Saadi_0002.jpg,0.804207,1,1
1033,Catherine_Zeta-Jones,Thomas_Birmingham,swap_Catherine_Zeta-Jones_0008_in_Thomas_Birmingham_0001.jpg,Catherine_Zeta-Jones_0008.jpg,Thomas_Birmingham_0001.jpg,0.767784,1,1
1034,David_Coulthard,Ellen_Engleman,swap_David_Coulthard_0001_in_Ellen_Engleman_0001.jpg,David_Coulthard_0001.jpg,Ellen_Engleman_0001.jpg,0.667630,1,1
1035,Angela_Lansbury,Kate_Capshaw,swap_Angela_Lansbury_0001_in_Kate_Capshaw_0002.jpg,Angela_Lansbury_0001.jpg,Kate_Capshaw_0002.jpg,0.000841,0,0
1036,Edward_James_Olmos,Phil_Gramm,swap_Edward_James_Olmos_0001_in_Phil_Gramm_0002.jpg,Edward_James_Olmos_0001.jpg,Phil_Gramm_0002.jpg,0.775778,1,1
1037,Jackie_Chan,Silvan_Shalom,swap_Jackie_Chan_0013_in_Silvan_Shalom_0001.jpg,Jackie_Chan_0013.jpg,Silvan_Shalom_0001.jpg,0.749558,1,1
1038,Bob_Beauprez,John_Rowland,swap_Bob_Beauprez_0002_in_John_Rowland_0002.jpg,Bob_Beauprez_0002.jpg,John_Rowland_0002.jpg,0.794186,1,1
1039,Gregory_Geoffroy,Marty_Mornhinweg,swap_Gregory_Geoffroy_0002_in_Marty_Mornhinweg_0001.jpg,Gregory_Geoffroy_0002.jpg,Marty_Mornhinweg_0001.jpg,0.774222,1,1
1040,Valery_Giscard_dEstaing,Saddam_Hussein,swap_Valery_Giscard_dEstaing_0005_in_Saddam_Hussein_0019.jpg,Valery_Giscard_dEstaing_0005.jpg,Saddam_Hussein_0019.jpg,0.767292,1,1
1041,Mary_Tyler_Moore,Tung_Chee-hwa,swap_Mary_Tyler_Moore_0002_in_Tung_Chee-hwa_0002.jpg,Mary_Tyler_Moore_0002.jpg,Tung_Chee-hwa_0002.jpg,0.723608,1,1
1042,Judy_Genshaft,Colin_Farrell,swap_Judy_Genshaft_0001_in_Colin_Farrell_0002.jpg,Judy_Genshaft_0001.jpg,Colin_Farrell_0002.jpg,0.783545,1,1
1043,Camilla_Parker_Bowles,Mohammed_Al-Douri,swap_Camilla_Parker_Bowles_0001_in_Mohammed_Al-Douri_0013.jpg,Camilla_Parker_Bowles_0001.jpg,Mohammed_Al-Douri_0013.jpg,0.732156,1,1
1044,Hamzah_Haz,Michael_Chiklis,swap_Hamzah_Haz_0002_in_Michael_Chiklis_0004.jpg,Hamzah_Haz_0002.jpg,Michael_Chiklis_0004.jpg,0.773670,1,1
1045,Gian_Marco,John_McCain,swap_Gian_Marco_0003_in_John_McCain_0004.jpg,Gian_Marco_0003.jpg,John_McCain_0004.jpg,0.816851,1,1
1046,Nancy_Pelosi,Paul_Gascoigne,swap_Nancy_Pelosi_0008_in_Paul_Gascoigne_0001.jpg,Nancy_Pelosi_0008.jpg,Paul_Gascoigne_0001.jpg,0.780654,1,1
1047,David_Stern,Gregg_Popovich,swap_David_Stern_0004_in_Gregg_Popovich_0002.jpg,David_Stern_0004.jpg,Gregg_Popovich_0002.jpg,0.821505,1,1
1048,Pedro_Malan,Paul_Coppin,swap_Pedro_Malan_0004_in_Paul_Coppin_0001.jpg,Pedro_Malan_0004.jpg,Paul_Coppin_0001.jpg,0.804703,1,1
1049,Johnny_Unitas,James_Wolfensohn,swap_Johnny_Unitas_0001_in_James_Wolfensohn_0001.jpg,Johnny_Unitas_0001.jpg,James_Wolfensohn_0001.jpg,0.787548,1,1
1050,Susilo_Bambang_Yudhoyono,Lionel_Richie,swap_Susilo_Bambang_Yudhoyono_0003_in_Lionel_Richie_0002.jpg,Susilo_Bambang_Yudhoyono_0003.jpg,Lionel_Richie_0002.jpg,0.828729,1,1
1051,Alejandro_Avila,Jason_Kidd,swap_Alejandro_Avila_0002_in_Jason_Kidd_0005.jpg,Alejandro_Avila_0002.jpg,Jason_Kidd_0005.jpg,0.700952,1,1
1052,Gus_Van_Sant,Mahathir_Mohamad,swap_Gus_Van_Sant_0003_in_Mahathir_Mohamad_0011.jpg,Gus_Van_Sant_0003.jpg,Mahathir_Mohamad_0011.jpg,0.786676,1,1
1053,Brian_Wells,Faye_Dunaway,swap_Brian_Wells_0001_in_Faye_Dunaway_0002.jpg,Brian_Wells_0001.jpg,Faye_Dunaway_0002.jpg,0.798562,1,1
1054,Surakait_Sathirathai,Kobe_Bryant,swap_Surakait_Sathirathai_0002_in_Kobe_Bryant_0002.jpg,Surakait_Sathirathai_0002.jpg,Kobe_Bryant_0002.jpg,0.768675,1,1
1055,Silvio_Fernandez,Julie_Gerberding,swap_Silvio_Fernandez_0001_in_Julie_Gerberding_0004.jpg,Silvio_Fernandez_0001.jpg,Julie_Gerberding_0004.jpg,0.672832,1,1
1056,Kirk_Johnson,Ellen_DeGeneres,swap_Kirk_Johnson_0002_in_Ellen_DeGeneres_0002.jpg,Kirk_Johnson_0002.jpg,Ellen_DeGeneres_0002.jpg,0.737450,1,1
1057,Thomas_Rupprath,Martin_McCauley,swap_Thomas_Rupprath_0002_in_Martin_McCauley_0001.jpg,Thomas_Rupprath_0002.jpg,Martin_McCauley_0001.jpg,0.683703,1,1
1058,Martin_Cauchon,Vidar_Helgesen,swap_Martin_Cauchon_0001_in_Vidar_Helgesen_0001.jpg,Martin_Cauchon_0001.jpg,Vidar_Helgesen_0001.jpg,0.684245,1,1
1059,Igor_Ivanov,Scott_McClellan,swap_Igor_Ivanov_0017_in_Scott_McClellan_0004.jpg,Igor_Ivanov_0017.jpg,Scott_McClellan_0004.jpg,0.759826,1,1
1060,Chris_Rock,Tsutomu_Takebe,swap_Chris_Rock_0001_in_Tsutomu_Takebe_0001.jpg,Chris_Rock_0001.jpg,Tsutomu_Takebe_0001.jpg,0.721005,1,1
1061,Donna_Shalala,Eduard_Shevardnadze,swap_Donna_Shalala_0001_in_Eduard_Shevardnadze_0002.jpg,Donna_Shalala_0001.jpg,Eduard_Shevardnadze_0002.jpg,-0.054751,0,0
1062,Amanda_Coetzer,Laura_Linney,swap_Amanda_Coetzer_0001_in_Laura_Linney_0003.jpg,Amanda_Coetzer_0001.jpg,Laura_Linney_0003.jpg,0.747491,1,1
1063,Sam_Mendes,Eddy_Merckx,swap_Sam_Mendes_0002_in_Eddy_Merckx_0002.jpg,Sam_Mendes_0002.jpg,Eddy_Merckx_0002.jpg,0.818042,1,1
1064,Len_Jenoff,Marissa_Jaret_Winokur,swap_Len_Jenoff_0002_in_Marissa_Jaret_Winokur_0001.jpg,Len_Jenoff_0002.jpg,Marissa_Jaret_Winokur_0001.jpg,0.636861,1,1
1065,Roberto_Carlos,Alvaro_Noboa,swap_Roberto_Carlos_0002_in_Alvaro_Noboa_0002.jpg,Roberto_Carlos_0002.jpg,Alvaro_Noboa_0002.jpg,0.735489,1,1
1066,Madeleine_Albright,Osama_bin_Laden,swap_Madeleine_Albright_0002_in_Osama_bin_Laden_0002.jpg,Madeleine_Albright_0002.jpg,Osama_bin_Laden_0002.jpg,0.825698,1,1
1067,Lindsey_Graham,Noelle_Bush,swap_Lindsey_Graham_0002_in_Noelle_Bush_0003.jpg,Lindsey_Graham_0002.jpg,Noelle_Bush_0003.jpg,0.749002,1,1
1068,Darren_Clarke,George_Ryan,swap_Darren_Clarke_0001_in_George_Ryan_0003.jpg,Darren_Clarke_0001.jpg,George_Ryan_0003.jpg,0.747775,1,1
1069,Alicia_Silverstone,John_Reilly,swap_Alicia_Silverstone_0001_in_John_Reilly_0001.jpg,Alicia_Silverstone_0001.jpg,John_Reilly_0001.jpg,0.728510,1,1
1070,Nancy_Pelosi,Trent_Lott,swap_Nancy_Pelosi_0004_in_Trent_Lott_0008.jpg,Nancy_Pelosi_0004.jpg,Trent_Lott_0008.jpg,0.688152,1,1
1071,Ray_Romano,Evander_Holyfield,swap_Ray_Romano_0004_in_Evander_Holyfield_0002.jpg,Ray_Romano_0004.jpg,Evander_Holyfield_0002.jpg,0.769549,1,1
1072,Ricardo_Lopez_Murphy,Joseph_Estrada,swap_Ricardo_Lopez_Murphy_0001_in_Joseph_Estrada_0001.jpg,Ricardo_Lopez_Murphy_0001.jpg,Joseph_Estrada_0001.jpg,0.833036,1,1
1073,Lindsay_Davenport,Chick_Hearn,swap_Lindsay_Davenport_0021_in_Chick_Hearn_0001.jpg,Lindsay_Davenport_0021.jpg,Chick_Hearn_0001.jpg,0.822559,1,1
1074,Pat_Cox,Wen_Jiabao,swap_Pat_Cox_0001_in_Wen_Jiabao_0004.jpg,Pat_Cox_0001.jpg,Wen_Jiabao_0004.jpg,0.829053,1,1
1075,Geoff_Hoon,Paul_Byrd,swap_Geoff_Hoon_0007_in_Paul_Byrd_0002.jpg,Geoff_Hoon_0007.jpg,Paul_Byrd_0002.jpg,0.770608,1,1
1076,Scott_Wolf,Sarah_Michelle_Gellar,swap_Scott_Wolf_0002_in_Sarah_Michelle_Gellar_0002.jpg,Scott_Wolf_0002.jpg,Sarah_Michelle_Gellar_0002.jpg,0.784004,1,1
1077,John_Blaney,Jefferson_Perez,swap_John_Blaney_0002_in_Jefferson_Perez_0002.jpg,John_Blaney_0002.jpg,Jefferson_Perez_0002.jpg,0.014731,0,0
1078,Eric_Hinske,Leonardo_DiCaprio,swap_Eric_Hinske_0002_in_Leonardo_DiCaprio_0009.jpg,Eric_Hinske_0002.jpg,Leonardo_DiCaprio_0009.jpg,0.697702,1,1
1079,Peter_Greenaway,Jon_Corzine,swap_Peter_Greenaway_0001_in_Jon_Corzine_0001.jpg,Peter_Greenaway_0001.jpg,Jon_Corzine_0001.jpg,0.716358,1,1
1080,Markus_Naslund,Rick_Perry,swap_Markus_Naslund_0002_in_Rick_Perry_0005.jpg,Markus_Naslund_0002.jpg,Rick_Perry_0005.jpg,0.742950,1,1
1081,Ray_Romano,Osama_bin_Laden,swap_Ray_Romano_0005_in_Osama_bin_Laden_0003.jpg,Ray_Romano_0005.jpg,Osama_bin_Laden_0003.jpg,0.803510,1,1
1082,Rod_Stewart,Carla_Myers,swap_Rod_Stewart_0002_in_Carla_Myers_0001.jpg,Rod_Stewart_0002.jpg,Carla_Myers_0001.jpg,0.756759,1,1
1083,Janica_Kostelic,Gregory_Hines,swap_Janica_Kostelic_0002_in_Gregory_Hines_0002.jpg,Janica_Kostelic_0002.jpg,Gregory_Hines_0002.jpg,0.777755,1,1
1084,Geraldine_Chaplin,Richard_Gephardt,swap_Geraldine_Chaplin_0003_in_Richard_Gephardt_0004.jpg,Geraldine_Chaplin_0003.jpg,Richard_Gephardt_0004.jpg,0.651187,1,1
1085,Colin_Jackson,Martin_Scorsese,swap_Colin_Jackson_0001_in_Martin_Scorsese_0001.jpg,Colin_Jackson_0001.jpg,Martin_Scorsese_0001.jpg,0.753129,1,1
1086,William_Macy,William_Bratton,swap_William_Macy_0005_in_William_Bratton_0002.jpg,William_Macy_0005.jpg,William_Bratton_0002.jpg,0.771633,1,1
1087,Richie_Adubato,Jackie_Chan,swap_Richie_Adubato_0001_in_Jackie_Chan_0012.jpg,Richie_Adubato_0001.jpg,Jackie_Chan_0012.jpg,0.773301,1,1
1088,Ali_Abbas,Richard_Crenna,swap_Ali_Abbas_0002_in_Richard_Crenna_0002.jpg,Ali_Abbas_0002.jpg,Richard_Crenna_0002.jpg,0.775829,1,1
1089,George_Voinovich,Justin_Gatlin,swap_George_Voinovich_0002_in_Justin_Gatlin_0002.jpg,George_Voinovich_0002.jpg,Justin_Gatlin_0002.jpg,0.844845,1,1
1090,Stephen_Friedman,Amram_Mitzna,swap_Stephen_Friedman_0001_in_Amram_Mitzna_0002.jpg,Stephen_Friedman_0001.jpg,Amram_Mitzna_0002.jpg,0.113425,0,0
1091,Shimon_Peres,Sean_Astin,swap_Shimon_Peres_0004_in_Sean_Astin_0003.jpg,Shimon_Peres_0004.jpg,Sean_Astin_0003.jpg,0.678754,1,1
1092,Michael_Capellas,Queen_Beatrix,swap_Michael_Capellas_0002_in_Queen_Beatrix_0003.jpg,Michael_Capellas_0002.jpg,Queen_Beatrix_0003.jpg,0.779695,1,1
1093,Mark_Gottfried,Hideki_Matsui,swap_Mark_Gottfried_0001_in_Hideki_Matsui_0001.jpg,Mark_Gottfried_0001.jpg,Hideki_Matsui_0001.jpg,0.718039,1,1
1094,Heather_Mills,Brian_Heidik,swap_Heather_Mills_0004_in_Brian_Heidik_0001.jpg,Heather_Mills_0004.jpg,Brian_Heidik_0001.jpg,0.824245,1,1
1095,Steven_Hatfill,George_Ryan,swap_Steven_Hatfill_0001_in_George_Ryan_0003.jpg,Steven_Hatfill_0001.jpg,George_Ryan_0003.jpg,0.783651,1,1
1096,Richard_Branson,Bob_Graham,swap_Richard_Branson_0001_in_Bob_Graham_0003.jpg,Richard_Branson_0001.jpg,Bob_Graham_0003.jpg,0.776442,1,1
1097,Ethan_Hawke,Susan_Collins,swap_Ethan_Hawke_0003_in_Susan_Collins_0002.jpg,Ethan_Hawke_0003.jpg,Susan_Collins_0002.jpg,-0.013055,0,0
1098,Venus_Williams,James_Wolfensohn,swap_Venus_Williams_0012_in_James_Wolfensohn_0003.jpg,Venus_Williams_0012.jpg,James_Wolfensohn_0003.jpg,0.716285,1,1
1099,Nikki_Reed,Hector_Babenco,swap_Nikki_Reed_0002_in_Hector_Babenco_0001.jpg,Nikki_Reed_0002.jpg,Hector_Babenco_0001.jpg,-0.053998,0,0
1100,Li_Zhaoxing,Ari_Fleischer,swap_Li_Zhaoxing_0002_in_Ari_Fleischer_0008.jpg,Li_Zhaoxing_0002.jpg,Ari_Fleischer_0008.jpg,0.633907,1,1
1101,Doug_Collins,Mariana_Pollack,swap_Doug_Collins_0001_in_Mariana_Pollack_0003.jpg,Doug_Collins_0001.jpg,Mariana_Pollack_0003.jpg,0.763912,1,1
1102,John_Malkovich,Mel_Gibson,swap_John_Malkovich_0002_in_Mel_Gibson_0002.jpg,John_Malkovich_0002.jpg,Mel_Gibson_0002.jpg,0.765907,1,1
1103,Arianna_Huffington,Colin_Montgomerie,swap_Arianna_Huffington_0002_in_Colin_Montgomerie_0002.jpg,Arianna_Huffington_0002.jpg,Colin_Montgomerie_0002.jpg,0.759788,1,1
1104,Jean-Claude_Trichet,Joseph_Estrada,swap_Jean-Claude_Trichet_0002_in_Joseph_Estrada_0002.jpg,Jean-Claude_Trichet_0002.jpg,Joseph_Estrada_0002.jpg,0.797287,1,1
1105,Ismail_Merchant,Sebastian_Saja,swap_Ismail_Merchant_0001_in_Sebastian_Saja_0001.jpg,Ismail_Merchant_0001.jpg,Sebastian_Saja_0001.jpg,0.722903,1,1
1106,Lynn_Redgrave,Jan-Michael_Gambill,swap_Lynn_Redgrave_0003_in_Jan-Michael_Gambill_0001.jpg,Lynn_Redgrave_0003.jpg,Jan-Michael_Gambill_0001.jpg,0.762390,1,1
1107,Inocencio_Arias,Princess_Aiko,swap_Inocencio_Arias_0001_in_Princess_Aiko_0001.jpg,Inocencio_Arias_0001.jpg,Princess_Aiko_0001.jpg,-0.012481,0,0
1108,Larry_Ellison,Greg_Gilbert,swap_Larry_Ellison_0001_in_Greg_Gilbert_0001.jpg,Larry_Ellison_0001.jpg,Greg_Gilbert_0001.jpg,0.838861,1,1
1109,Natalie_Cole,Tim_Robbins,swap_Natalie_Cole_0001_in_Tim_Robbins_0004.jpg,Natalie_Cole_0001.jpg,Tim_Robbins_0004.jpg,0.696315,1,1
1110,Valentino_Rossi,Tim_Floyd,swap_Valentino_Rossi_0001_in_Tim_Floyd_0001.jpg,Valentino_Rossi_0001.jpg,Tim_Floyd_0001.jpg,0.754989,1,1
1111,Paul_Tagliabue,Kent_Rominger,swap_Paul_Tagliabue_0004_in_Kent_Rominger_0002.jpg,Paul_Tagliabue_0004.jpg,Kent_Rominger_0002.jpg,0.802639,1,1
1112,Keith_Bogans,Lisa_Raymond,swap_Keith_Bogans_0002_in_Lisa_Raymond_0001.jpg,Keith_Bogans_0002.jpg,Lisa_Raymond_0001.jpg,0.765931,1,1
1113,Anders_Fogh_Rasmussen,Michael_Caine,swap_Anders_Fogh_Rasmussen_0002_in_Michael_Caine_0003.jpg,Anders_Fogh_Rasmussen_0002.jpg,Michael_Caine_0003.jpg,0.730692,1,1
1114,Al_Pacino,Jake_Gyllenhaal,swap_Al_Pacino_0003_in_Jake_Gyllenhaal_0002.jpg,Al_Pacino_0003.jpg,Jake_Gyllenhaal_0002.jpg,0.779360,1,1
1115,Alberto_Ruiz_Gallardon,Robert_Horan,swap_Alberto_Ruiz_Gallardon_0001_in_Robert_Horan_0001.jpg,Alberto_Ruiz_Gallardon_0001.jpg,Robert_Horan_0001.jpg,0.724527,1,1
1116,Fabiola_Zuluaga,Roy_Williams,swap_Fabiola_Zuluaga_0002_in_Roy_Williams_0003.jpg,Fabiola_Zuluaga_0002.jpg,Roy_Williams_0003.jpg,0.711999,1,1
1117,Charlie_Zaa,Bud_Selig,swap_Charlie_Zaa_0002_in_Bud_Selig_0003.jpg,Charlie_Zaa_0002.jpg,Bud_Selig_0003.jpg,0.793969,1,1
1118,David_Coulthard,Barbara_Brezigar,swap_David_Coulthard_0001_in_Barbara_Brezigar_0002.jpg,David_Coulthard_0001.jpg,Barbara_Brezigar_0002.jpg,0.749439,1,1
1119,Harvey_Weinstein,Laura_Hernandez,swap_Harvey_Weinstein_0002_in_Laura_Hernandez_0002.jpg,Harvey_Weinstein_0002.jpg,Laura_Hernandez_0002.jpg,0.090471,0,0
1120,Rogerio_Romero,Chris_Bell,swap_Rogerio_Romero_0002_in_Chris_Bell_0002.jpg,Rogerio_Romero_0002.jpg,Chris_Bell_0002.jpg,0.749729,1,1
1121,Jesse_Harris,Tariq_Aziz,swap_Jesse_Harris_0001_in_Tariq_Aziz_0002.jpg,Jesse_Harris_0001.jpg,Tariq_Aziz_0002.jpg,0.742417,1,1
1122,Yashwant_Sinha,Jose_Canseco,swap_Yashwant_Sinha_0001_in_Jose_Canseco_0001.jpg,Yashwant_Sinha_0001.jpg,Jose_Canseco_0001.jpg,0.833670,1,1
1123,Eva_Dimas,Silvan_Shalom,swap_Eva_Dimas_0001_in_Silvan_Shalom_0002.jpg,Eva_Dimas_0001.jpg,Silvan_Shalom_0002.jpg,0.770623,1,1
1124,Stefano_Accorsi,Alex_Barros,swap_Stefano_Accorsi_0001_in_Alex_Barros_0001.jpg,Stefano_Accorsi_0001.jpg,Alex_Barros_0001.jpg,0.820866,1,1
1125,Jim_Tressel,Scott_Ritter,swap_Jim_Tressel_0001_in_Scott_Ritter_0002.jpg,Jim_Tressel_0001.jpg,Scott_Ritter_0002.jpg,0.800562,1,1
1126,Rachel_Griffiths,George_Lopez,swap_Rachel_Griffiths_0003_in_George_Lopez_0005.jpg,Rachel_Griffiths_0003.jpg,George_Lopez_0005.jpg,0.800499,1,1
1127,Annette_Lu,Osama_bin_Laden,swap_Annette_Lu_0001_in_Osama_bin_Laden_0001.jpg,Annette_Lu_0001.jpg,Osama_bin_Laden_0001.jpg,0.772292,1,1
1128,Rich_Gannon,Alejandro_Atchugarry,swap_Rich_Gannon_0001_in_Alejandro_Atchugarry_0001.jpg,Rich_Gannon_0001.jpg,Alejandro_Atchugarry_0001.jpg,0.748563,1,1
1129,Julie_Gerberding,Kosuke_Kitajima,swap_Julie_Gerberding_0007_in_Kosuke_Kitajima_0001.jpg,Julie_Gerberding_0007.jpg,Kosuke_Kitajima_0001.jpg,0.793294,1,1
1130,Mick_Jagger,George_Brumley,swap_Mick_Jagger_0004_in_George_Brumley_0001.jpg,Mick_Jagger_0004.jpg,George_Brumley_0001.jpg,0.717831,1,1
1131,Eileen_Coparropa,Rudolph_Giuliani,swap_Eileen_Coparropa_0003_in_Rudolph_Giuliani_0021.jpg,Eileen_Coparropa_0003.jpg,Rudolph_Giuliani_0021.jpg,0.745534,1,1
1132,Ahmed_Chalabi,Hillary_Clinton,swap_Ahmed_Chalabi_0004_in_Hillary_Clinton_0011.jpg,Ahmed_Chalabi_0004.jpg,Hillary_Clinton_0011.jpg,0.795675,1,1
1133,Brooke_Shields,Rick_Perry,swap_Brooke_Shields_0002_in_Rick_Perry_0005.jpg,Brooke_Shields_0002.jpg,Rick_Perry_0005.jpg,0.762807,1,1
1134,Patti_Labelle,Sadie_Frost,swap_Patti_Labelle_0001_in_Sadie_Frost_0002.jpg,Patti_Labelle_0001.jpg,Sadie_Frost_0002.jpg,0.775992,1,1
1135,Calista_Flockhart,Markus_Naslund,swap_Calista_Flockhart_0006_in_Markus_Naslund_0001.jpg,Calista_Flockhart_0006.jpg,Markus_Naslund_0001.jpg,0.780737,1,1
1136,Gwendal_Peizerat,Carly_Fiorina,swap_Gwendal_Peizerat_0001_in_Carly_Fiorina_0002.jpg,Gwendal_Peizerat_0001.jpg,Carly_Fiorina_0002.jpg,0.707588,1,1
1137,Eddie_Sutton,Paul_Gascoigne,swap_Eddie_Sutton_0001_in_Paul_Gascoigne_0002.jpg,Eddie_Sutton_0001.jpg,Paul_Gascoigne_0002.jpg,0.809469,1,1
1138,Masahiko_Nagasawa,Edward_James_Olmos,swap_Masahiko_Nagasawa_0002_in_Edward_James_Olmos_0002.jpg,Masahiko_Nagasawa_0002.jpg,Edward_James_Olmos_0002.jpg,0.715446,1,1
1139,Heidi_Fleiss,Dan_Wheldon,swap_Heidi_Fleiss_0001_in_Dan_Wheldon_0002.jpg,Heidi_Fleiss_0001.jpg,Dan_Wheldon_0002.jpg,0.807340,1,1
1140,Elinor_Caplan,Rolf_Eckrodt,swap_Elinor_Caplan_0002_in_Rolf_Eckrodt_0002.jpg,Elinor_Caplan_0002.jpg,Rolf_Eckrodt_0002.jpg,0.738457,1,1
1141,Frances_Fisher,Abdullah_Gul,swap_Frances_Fisher_0001_in_Abdullah_Gul_0003.jpg,Frances_Fisher_0001.jpg,Abdullah_Gul_0003.jpg,0.798608,1,1
1142,Carlos_Menem,Naomi_Campbell,swap_Carlos_Menem_0016_in_Naomi_Campbell_0001.jpg,Carlos_Menem_0016.jpg,Naomi_Campbell_0001.jpg,0.755962,1,1
1143,Bob_Huggins,Tracy_McGrady,swap_Bob_Huggins_0001_in_Tracy_McGrady_0001.jpg,Bob_Huggins_0001.jpg,Tracy_McGrady_0001.jpg,0.708887,1,1
1144,George_P_Bush,Ralph_Lauren,swap_George_P_Bush_0001_in_Ralph_Lauren_0002.jpg,George_P_Bush_0001.jpg,Ralph_Lauren_0002.jpg,0.753520,1,1
1145,Heinz_Feldmann,Gian_Marco,swap_Heinz_Feldmann_0002_in_Gian_Marco_0001.jpg,Heinz_Feldmann_0002.jpg,Gian_Marco_0001.jpg,0.739624,1,1
1146,Brigitte_Boisselier,Yoko_Ono,swap_Brigitte_Boisselier_0001_in_Yoko_Ono_0001.jpg,Brigitte_Boisselier_0001.jpg,Yoko_Ono_0001.jpg,0.840894,1,1
1147,Harvey_Weinstein,Jesse_James_Leija,swap_Harvey_Weinstein_0002_in_Jesse_James_Leija_0002.jpg,Harvey_Weinstein_0002.jpg,Jesse_James_Leija_0002.jpg,0.218979,0,0
1148,Steve_Mariucci,Carolina_Kluft,swap_Steve_Mariucci_0001_in_Carolina_Kluft_0001.jpg,Steve_Mariucci_0001.jpg,Carolina_Kluft_0001.jpg,0.694564,1,1
1149,Ahmed_Chalabi,Christine_Baumgartner,swap_Ahmed_Chalabi_0002_in_Christine_Baumgartner_0003.jpg,Ahmed_Chalabi_0002.jpg,Christine_Baumgartner_0003.jpg,0.771887,1,1
1150,Jerry_Falwell,Kim_Dae-jung,swap_Jerry_Falwell_0002_in_Kim_Dae-jung_0002.jpg,Jerry_Falwell_0002.jpg,Kim_Dae-jung_0002.jpg,0.726224,1,1
1151,Joe_Mantello,Yukiko_Okudo,swap_Joe_Mantello_0002_in_Yukiko_Okudo_0001.jpg,Joe_Mantello_0002.jpg,Yukiko_Okudo_0001.jpg,0.824818,1,1
1152,Carly_Fiorina,Jorge_Arce,swap_Carly_Fiorina_0002_in_Jorge_Arce_0002.jpg,Carly_Fiorina_0002.jpg,Jorge_Arce_0002.jpg,0.789972,1,1
1153,Gordon_Campbell,John_Paul_II,swap_Gordon_Campbell_0002_in_John_Paul_II_0007.jpg,Gordon_Campbell_0002.jpg,John_Paul_II_0007.jpg,0.707877,1,1
1154,Rebekah_Chantay_Revels,Vojislav_Kostunica,swap_Rebekah_Chantay_Revels_0002_in_Vojislav_Kostunica_0001.jpg,Rebekah_Chantay_Revels_0002.jpg,Vojislav_Kostunica_0001.jpg,0.828024,1,1
1155,Chita_Rivera,Rupert_Murdoch,swap_Chita_Rivera_0001_in_Rupert_Murdoch_0001.jpg,Chita_Rivera_0001.jpg,Rupert_Murdoch_0001.jpg,0.816077,1,1
1156,Butch_Davis,Julianne_Moore,swap_Butch_Davis_0002_in_Julianne_Moore_0019.jpg,Butch_Davis_0002.jpg,Julianne_Moore_0019.jpg,0.794198,1,1
1157,Robert_Redford,Kim_Jin-sun,swap_Robert_Redford_0003_in_Kim_Jin-sun_0002.jpg,Robert_Redford_0003.jpg,Kim_Jin-sun_0002.jpg,0.818478,1,1
1158,Tracee_Ellis_Ross,Jerry_Springer,swap_Tracee_Ellis_Ross_0001_in_Jerry_Springer_0002.jpg,Tracee_Ellis_Ross_0001.jpg,Jerry_Springer_0002.jpg,0.784175,1,1
1159,Luis_Ernesto_Derbez_Bautista,Lynne_Cheney,swap_Luis_Ernesto_Derbez_Bautista_0001_in_Lynne_Cheney_0002.jpg,Luis_Ernesto_Derbez_Bautista_0001.jpg,Lynne_Cheney_0002.jpg,0.719563,1,1
1160,King_Abdullah_II,Anna_Nicole_Smith,swap_King_Abdullah_II_0001_in_Anna_Nicole_Smith_0002.jpg,King_Abdullah_II_0001.jpg,Anna_Nicole_Smith_0002.jpg,0.824969,1,1
1161,Richard_Butler,Isabella_Rossellini,swap_Richard_Butler_0001_in_Isabella_Rossellini_0003.jpg,Richard_Butler_0001.jpg,Isabella_Rossellini_0003.jpg,0.803713,1,1
1162,Robert_Mugabe,Matt_Damon,swap_Robert_Mugabe_0001_in_Matt_Damon_0003.jpg,Robert_Mugabe_0001.jpg,Matt_Damon_0003.jpg,0.710741,1,1
1163,Martina_McBride,Masahiko_Nagasawa,swap_Martina_McBride_0005_in_Masahiko_Nagasawa_0001.jpg,Martina_McBride_0005.jpg,Masahiko_Nagasawa_0001.jpg,0.726135,1,1
1164,Kenneth_Branagh,Rick_Dinse,swap_Kenneth_Branagh_0001_in_Rick_Dinse_0002.jpg,Kenneth_Branagh_0001.jpg,Rick_Dinse_0002.jpg,0.731403,1,1
1165,Jean_Carnahan,Rick_Santorum,swap_Jean_Carnahan_0002_in_Rick_Santorum_0001.jpg,Jean_Carnahan_0002.jpg,Rick_Santorum_0001.jpg,0.723099,1,1
1166,Minnie_Driver,Paul_Pierce,swap_Minnie_Driver_0001_in_Paul_Pierce_0001.jpg,Minnie_Driver_0001.jpg,Paul_Pierce_0001.jpg,0.778329,1,1
1167,Ralph_Firman,Cyndi_Thompson,swap_Ralph_Firman_0002_in_Cyndi_Thompson_0002.jpg,Ralph_Firman_0002.jpg,Cyndi_Thompson_0002.jpg,0.545625,1,0
1168,David_Beckham,Beth_Jones,swap_David_Beckham_0025_in_Beth_Jones_0002.jpg,David_Beckham_0025.jpg,Beth_Jones_0002.jpg,0.726284,1,1
1169,Jacques_Chirac,Franz_Beckenbauer,swap_Jacques_Chirac_0022_in_Franz_Beckenbauer_0002.jpg,Jacques_Chirac_0022.jpg,Franz_Beckenbauer_0002.jpg,0.834321,1,1
1170,Antonio_Banderas,Mark_Gottfried,swap_Antonio_Banderas_0002_in_Mark_Gottfried_0003.jpg,Antonio_Banderas_0002.jpg,Mark_Gottfried_0003.jpg,0.723732,1,1
1171,Ralph_Firman,John_Edwards,swap_Ralph_Firman_0002_in_John_Edwards_0004.jpg,Ralph_Firman_0002.jpg,John_Edwards_0004.jpg,0.732095,1,1
1172,Bill_Frist,LeAnn_Rimes,swap_Bill_Frist_0008_in_LeAnn_Rimes_0002.jpg,Bill_Frist_0008.jpg,LeAnn_Rimes_0002.jpg,0.771142,1,1
1173,Bob_Dole,Maria_Luisa_Mendonca,swap_Bob_Dole_0002_in_Maria_Luisa_Mendonca_0002.jpg,Bob_Dole_0002.jpg,Maria_Luisa_Mendonca_0002.jpg,-0.102001,0,0
1174,Carson_Palmer,Marcus_Gronholm,swap_Carson_Palmer_0001_in_Marcus_Gronholm_0001.jpg,Carson_Palmer_0001.jpg,Marcus_Gronholm_0001.jpg,0.759909,1,1
1175,Jose_Canseco,Juan_Valencia_Osorio,swap_Jose_Canseco_0001_in_Juan_Valencia_Osorio_0001.jpg,Jose_Canseco_0001.jpg,Juan_Valencia_Osorio_0001.jpg,0.722087,1,1
1176,Bobby_Goldwater,Vin_Diesel,swap_Bobby_Goldwater_0002_in_Vin_Diesel_0001.jpg,Bobby_Goldwater_0002.jpg,Vin_Diesel_0001.jpg,0.122378,0,0
1177,Richard_Branson,Robert_Blackwill,swap_Richard_Branson_0002_in_Robert_Blackwill_0002.jpg,Richard_Branson_0002.jpg,Robert_Blackwill_0002.jpg,0.661120,1,1
1178,Jim_Carrey,Ariel_Sharon,swap_Jim_Carrey_0001_in_Ariel_Sharon_0059.jpg,Jim_Carrey_0001.jpg,Ariel_Sharon_0059.jpg,0.729077,1,1
1179,Jamie_Villafane,Mitoji_Yabunaka,swap_Jamie_Villafane_0002_in_Mitoji_Yabunaka_0002.jpg,Jamie_Villafane_0002.jpg,Mitoji_Yabunaka_0002.jpg,0.798978,1,1
1180,Sebastien_Grosjean,Larry_Johnson,swap_Sebastien_Grosjean_0001_in_Larry_Johnson_0001.jpg,Sebastien_Grosjean_0001.jpg,Larry_Johnson_0001.jpg,0.763139,1,1
1181,Thomas_Rupprath,Richard_Sambrook,swap_Thomas_Rupprath_0001_in_Richard_Sambrook_0001.jpg,Thomas_Rupprath_0001.jpg,Richard_Sambrook_0001.jpg,0.676993,1,1
1182,Jean-Claude_Braquet,Jennifer_Rodriguez,swap_Jean-Claude_Braquet_0002_in_Jennifer_Rodriguez_0002.jpg,Jean-Claude_Braquet_0002.jpg,Jennifer_Rodriguez_0002.jpg,0.725834,1,1
1183,Sally_Field,Candice_Bergen,swap_Sally_Field_0001_in_Candice_Bergen_0001.jpg,Sally_Field_0001.jpg,Candice_Bergen_0001.jpg,0.684687,1,1
1184,Makhdoom_Amin_Fahim,Christopher_Patten,swap_Makhdoom_Amin_Fahim_0003_in_Christopher_Patten_0002.jpg,Makhdoom_Amin_Fahim_0003.jpg,Christopher_Patten_0002.jpg,0.677474,1,1
1185,Carl_Reiner,George_Galloway,swap_Carl_Reiner_0001_in_George_Galloway_0002.jpg,Carl_Reiner_0001.jpg,George_Galloway_0002.jpg,0.746185,1,1
1186,Cathy_Freeman,John_Walsh,swap_Cathy_Freeman_0001_in_John_Walsh_0002.jpg,Cathy_Freeman_0001.jpg,John_Walsh_0002.jpg,0.821759,1,1
1187,Tung_Chee-hwa,Donald_Fehr,swap_Tung_Chee-hwa_0006_in_Donald_Fehr_0001.jpg,Tung_Chee-hwa_0006.jpg,Donald_Fehr_0001.jpg,0.748625,1,1
1188,Thomas_Birmingham,Judy_Genshaft,swap_Thomas_Birmingham_0001_in_Judy_Genshaft_0001.jpg,Thomas_Birmingham_0001.jpg,Judy_Genshaft_0001.jpg,0.775359,1,1
1189,Tommy_Franks,Larry_Bowa,swap_Tommy_Franks_0015_in_Larry_Bowa_0001.jpg,Tommy_Franks_0015.jpg,Larry_Bowa_0001.jpg,0.796477,1,1
1190,Maria_Shriver,Abel_Pacheco,swap_Maria_Shriver_0001_in_Abel_Pacheco_0004.jpg,Maria_Shriver_0001.jpg,Abel_Pacheco_0004.jpg,0.063217,0,0
1191,Nicole_Kidman,Luis_Ernesto_Derbez_Bautista,swap_Nicole_Kidman_0017_in_Luis_Ernesto_Derbez_Bautista_0002.jpg,Nicole_Kidman_0017.jpg,Luis_Ernesto_Derbez_Bautista_0002.jpg,0.749577,1,1
1192,Roseanne_Barr,Nathalie_Baye,swap_Roseanne_Barr_0001_in_Nathalie_Baye_0002.jpg,Roseanne_Barr_0001.jpg,Nathalie_Baye_0002.jpg,0.843927,1,1
1193,Butch_Davis,John_Rosa,swap_Butch_Davis_0002_in_John_Rosa_0003.jpg,Butch_Davis_0002.jpg,John_Rosa_0003.jpg,0.792550,1,1
1194,John_McEnroe,Justin_Gatlin,swap_John_McEnroe_0001_in_Justin_Gatlin_0002.jpg,John_McEnroe_0001.jpg,Justin_Gatlin_0002.jpg,0.119528,0,0
1195,Jon_Gruden,Jean-David_Levitte,swap_Jon_Gruden_0003_in_Jean-David_Levitte_0008.jpg,Jon_Gruden_0003.jpg,Jean-David_Levitte_0008.jpg,0.674307,1,1
1196,William_Hochul,Chok_Tong_Goh,swap_William_Hochul_0001_in_Chok_Tong_Goh_0002.jpg,William_Hochul_0001.jpg,Chok_Tong_Goh_0002.jpg,0.760271,1,1
1197,Patricia_Clarkson,Sachiko_Yamada,swap_Patricia_Clarkson_0003_in_Sachiko_Yamada_0003.jpg,Patricia_Clarkson_0003.jpg,Sachiko_Yamada_0003.jpg,0.764686,1,1
1198,Scott_Rudin,Steve_Backley,swap_Scott_Rudin_0001_in_Steve_Backley_0001.jpg,Scott_Rudin_0001.jpg,Steve_Backley_0001.jpg,0.768382,1,1
1199,Elizabeth_Shue,Peter_Harrison,swap_Elizabeth_Shue_0002_in_Peter_Harrison_0002.jpg,Elizabeth_Shue_0002.jpg,Peter_Harrison_0002.jpg,0.712407,1,1
1200,Robert_Bonner,Chita_Rivera,swap_Robert_Bonner_0003_in_Chita_Rivera_0001.jpg,Robert_Bonner_0003.jpg,Chita_Rivera_0001.jpg,0.677570,1,1
1201,Mario_Dumont,Michel_Duclos,swap_Mario_Dumont_0002_in_Michel_Duclos_0001.jpg,Mario_Dumont_0002.jpg,Michel_Duclos_0001.jpg,0.854685,1,1
1202,Tim_Allen,Jennifer_Capriati,swap_Tim_Allen_0004_in_Jennifer_Capriati_0038.jpg,Tim_Allen_0004.jpg,Jennifer_Capriati_0038.jpg,0.818905,1,1
1203,Naji_Sabri,Rita_Grande,swap_Naji_Sabri_0007_in_Rita_Grande_0003.jpg,Naji_Sabri_0007.jpg,Rita_Grande_0003.jpg,0.751524,1,1
1204,Taha_Yassin_Ramadan,Michael_Caine,swap_Taha_Yassin_Ramadan_0005_in_Michael_Caine_0004.jpg,Taha_Yassin_Ramadan_0005.jpg,Michael_Caine_0004.jpg,0.755795,1,1
1205,Woody_Allen,Al_Davis,swap_Woody_Allen_0005_in_Al_Davis_0001.jpg,Woody_Allen_0005.jpg,Al_Davis_0001.jpg,0.712763,1,1
1206,Alexandra_Vodjanikova,John_Kerry,swap_Alexandra_Vodjanikova_0001_in_John_Kerry_0002.jpg,Alexandra_Vodjanikova_0001.jpg,John_Kerry_0002.jpg,0.780863,1,1
1207,Robbie_Fowler,Arnold_Palmer,swap_Robbie_Fowler_0001_in_Arnold_Palmer_0002.jpg,Robbie_Fowler_0001.jpg,Arnold_Palmer_0002.jpg,0.761029,1,1
1208,Tariq_Aziz,Valentino_Rossi,swap_Tariq_Aziz_0002_in_Valentino_Rossi_0003.jpg,Tariq_Aziz_0002.jpg,Valentino_Rossi_0003.jpg,0.728176,1,1
1209,Robinson_Stevenin,Gary_Winnick,swap_Robinson_Stevenin_0001_in_Gary_Winnick_0001.jpg,Robinson_Stevenin_0001.jpg,Gary_Winnick_0001.jpg,0.773226,1,1
1210,Ronald_Reagan,Vaclav_Klaus,swap_Ronald_Reagan_0002_in_Vaclav_Klaus_0001.jpg,Ronald_Reagan_0002.jpg,Vaclav_Klaus_0001.jpg,0.734579,1,1
1211,Terry_Stotts,Michael_Schumacher,swap_Terry_Stotts_0001_in_Michael_Schumacher_0012.jpg,Terry_Stotts_0001.jpg,Michael_Schumacher_0012.jpg,0.677996,1,1
1212,Yossi_Beilin,Larry_Johnson,swap_Yossi_Beilin_0001_in_Larry_Johnson_0001.jpg,Yossi_Beilin_0001.jpg,Larry_Johnson_0001.jpg,0.775010,1,1
1213,Stockard_Channing,Ray_Romano,swap_Stockard_Channing_0003_in_Ray_Romano_0007.jpg,Stockard_Channing_0003.jpg,Ray_Romano_0007.jpg,0.820021,1,1
1214,Frank_Cassell,Mark_Warner,swap_Frank_Cassell_0003_in_Mark_Warner_0002.jpg,Frank_Cassell_0003.jpg,Mark_Warner_0002.jpg,0.748320,1,1
1215,Roy_Moore,Rick_Stansbury,swap_Roy_Moore_0001_in_Rick_Stansbury_0002.jpg,Roy_Moore_0001.jpg,Rick_Stansbury_0002.jpg,0.762551,1,1
1216,John_Rosa,Julie_Gerberding,swap_John_Rosa_0003_in_Julie_Gerberding_0006.jpg,John_Rosa_0003.jpg,Julie_Gerberding_0006.jpg,0.734274,1,1
1217,Mike_Montgomery,Arianna_Huffington,swap_Mike_Montgomery_0001_in_Arianna_Huffington_0003.jpg,Mike_Montgomery_0001.jpg,Arianna_Huffington_0003.jpg,0.775387,1,1
1218,Edward_Lu,Pervez_Musharraf,swap_Edward_Lu_0004_in_Pervez_Musharraf_0008.jpg,Edward_Lu_0004.jpg,Pervez_Musharraf_0008.jpg,0.860432,1,1
1219,Prince_Willem-Alexander,Sam_Mendes,swap_Prince_Willem-Alexander_0003_in_Sam_Mendes_0002.jpg,Prince_Willem-Alexander_0003.jpg,Sam_Mendes_0002.jpg,0.702305,1,1
1220,Theo_Epstein,Norman_Jewison,swap_Theo_Epstein_0001_in_Norman_Jewison_0001.jpg,Theo_Epstein_0001.jpg,Norman_Jewison_0001.jpg,0.735220,1,1
1221,Hector_Babenco,Lana_Clarkson,swap_Hector_Babenco_0001_in_Lana_Clarkson_0001.jpg,Hector_Babenco_0001.jpg,Lana_Clarkson_0001.jpg,-0.024469,0,0
1222,Dino_de_Laurentis,David_Wolf,swap_Dino_de_Laurentis_0001_in_David_Wolf_0002.jpg,Dino_de_Laurentis_0001.jpg,David_Wolf_0002.jpg,0.192347,0,0
1223,Andrew_Weissmann,Keira_Knightley,swap_Andrew_Weissmann_0002_in_Keira_Knightley_0002.jpg,Andrew_Weissmann_0002.jpg,Keira_Knightley_0002.jpg,0.776484,1,1
1224,Charlton_Heston,Daniel_Day-Lewis,swap_Charlton_Heston_0005_in_Daniel_Day-Lewis_0002.jpg,Charlton_Heston_0005.jpg,Daniel_Day-Lewis_0002.jpg,0.758147,1,1
1225,Adam_Scott,James_Smith,swap_Adam_Scott_0002_in_James_Smith_0001.jpg,Adam_Scott_0002.jpg,James_Smith_0001.jpg,0.668800,1,1
1226,Andrew_Cuomo,Coretta_Scott_King,swap_Andrew_Cuomo_0002_in_Coretta_Scott_King_0003.jpg,Andrew_Cuomo_0002.jpg,Coretta_Scott_King_0003.jpg,0.768833,1,1
1227,Antonio_Palocci,Tommy_Thompson,swap_Antonio_Palocci_0005_in_Tommy_Thompson_0008.jpg,Antonio_Palocci_0005.jpg,Tommy_Thompson_0008.jpg,0.754630,1,1
1228,Vicki_Zhao_Wei,Nancy_Reagan,swap_Vicki_Zhao_Wei_0002_in_Nancy_Reagan_0001.jpg,Vicki_Zhao_Wei_0002.jpg,Nancy_Reagan_0001.jpg,0.780810,1,1
1229,Vaclav_Havel,Saparmurat_Niyazov,swap_Vaclav_Havel_0006_in_Saparmurat_Niyazov_0001.jpg,Vaclav_Havel_0006.jpg,Saparmurat_Niyazov_0001.jpg,0.806572,1,1
1230,Diane_Green,Mary-Kate_Olsen,swap_Diane_Green_0001_in_Mary-Kate_Olsen_0003.jpg,Diane_Green_0001.jpg,Mary-Kate_Olsen_0003.jpg,0.754402,1,1
1231,Damon_van_Dam,Julianna_Margulies,swap_Damon_van_Dam_0002_in_Julianna_Margulies_0001.jpg,Damon_van_Dam_0002.jpg,Julianna_Margulies_0001.jpg,0.700177,1,1
1232,Jeffrey_Archer,Ernesto_Zedillo,swap_Jeffrey_Archer_0001_in_Ernesto_Zedillo_0002.jpg,Jeffrey_Archer_0001.jpg,Ernesto_Zedillo_0002.jpg,0.834164,1,1
1233,James_Wolfensohn,Jesse_Ventura,swap_James_Wolfensohn_0003_in_Jesse_Ventura_0001.jpg,James_Wolfensohn_0003.jpg,Jesse_Ventura_0001.jpg,0.703378,1,1
1234,Terrell_Suggs,Pedro_Malan,swap_Terrell_Suggs_0002_in_Pedro_Malan_0005.jpg,Terrell_Suggs_0002.jpg,Pedro_Malan_0005.jpg,0.662917,1,1
1235,Terje_Roed-Larsen,Recep_Tayyip_Erdogan,swap_Terje_Roed-Larsen_0001_in_Recep_Tayyip_Erdogan_0004.jpg,Terje_Roed-Larsen_0001.jpg,Recep_Tayyip_Erdogan_0004.jpg,0.838290,1,1
1236,Rob_Lowe,Jean_Carnahan,swap_Rob_Lowe_0004_in_Jean_Carnahan_0001.jpg,Rob_Lowe_0004.jpg,Jean_Carnahan_0001.jpg,0.759914,1,1
1237,Rainer_Schuettler,Paul_Sarbanes,swap_Rainer_Schuettler_0005_in_Paul_Sarbanes_0001.jpg,Rainer_Schuettler_0005.jpg,Paul_Sarbanes_0001.jpg,0.754228,1,1
1238,Andrew_Cuomo,Robin_Cook,swap_Andrew_Cuomo_0002_in_Robin_Cook_0002.jpg,Andrew_Cuomo_0002.jpg,Robin_Cook_0002.jpg,0.715571,1,1
1239,Vladimir_Voltchkov,Carlos_Vives,swap_Vladimir_Voltchkov_0002_in_Carlos_Vives_0003.jpg,Vladimir_Voltchkov_0002.jpg,Carlos_Vives_0003.jpg,0.696702,1,1
1240,Michael_Phelps,Sheila_Copps,swap_Michael_Phelps_0003_in_Sheila_Copps_0001.jpg,Michael_Phelps_0003.jpg,Sheila_Copps_0001.jpg,0.706231,1,1
1241,Martin_McGuinness,Tom_Jones,swap_Martin_McGuinness_0003_in_Tom_Jones_0002.jpg,Martin_McGuinness_0003.jpg,Tom_Jones_0002.jpg,0.672798,1,1
1242,Lyle_Vanclief,Angelina_Jolie,swap_Lyle_Vanclief_0002_in_Angelina_Jolie_0007.jpg,Lyle_Vanclief_0002.jpg,Angelina_Jolie_0007.jpg,0.806548,1,1
1243,Jacques_Chirac,Martha_Lucia_Ramirez,swap_Jacques_Chirac_0006_in_Martha_Lucia_Ramirez_0001.jpg,Jacques_Chirac_0006.jpg,Martha_Lucia_Ramirez_0001.jpg,0.574546,1,0
1244,David_Coulthard,Tommy_Robredo,swap_David_Coulthard_0001_in_Tommy_Robredo_0003.jpg,David_Coulthard_0001.jpg,Tommy_Robredo_0003.jpg,0.744595,1,1
1245,Barbara_Walters,Elizabeth_Taylor,swap_Barbara_Walters_0002_in_Elizabeth_Taylor_0002.jpg,Barbara_Walters_0002.jpg,Elizabeth_Taylor_0002.jpg,0.756751,1,1
1246,Butch_Davis,Elena_Bovina,swap_Butch_Davis_0002_in_Elena_Bovina_0003.jpg,Butch_Davis_0002.jpg,Elena_Bovina_0003.jpg,0.683936,1,1
1247,Zafarullah_Khan_Jamali,Bernard_Landry,swap_Zafarullah_Khan_Jamali_0001_in_Bernard_Landry_0001.jpg,Zafarullah_Khan_Jamali_0001.jpg,Bernard_Landry_0001.jpg,0.688422,1,1
1248,LeAnn_Rimes,Serena_Williams,swap_LeAnn_Rimes_0002_in_Serena_Williams_0003.jpg,LeAnn_Rimes_0002.jpg,Serena_Williams_0003.jpg,0.807848,1,1
1249,Bob_Colvin,Bernardo_Segura,swap_Bob_Colvin_0001_in_Bernardo_Segura_0001.jpg,Bob_Colvin_0001.jpg,Bernardo_Segura_0001.jpg,0.839266,1,1
1250,Vitali_Klitschko,Geno_Auriemma,swap_Vitali_Klitschko_0001_in_Geno_Auriemma_0001.jpg,Vitali_Klitschko_0001.jpg,Geno_Auriemma_0001.jpg,0.779225,1,1
1251,George_Ryan,Jose_Viegas_Filho,swap_George_Ryan_0004_in_Jose_Viegas_Filho_0002.jpg,George_Ryan_0004.jpg,Jose_Viegas_Filho_0002.jpg,-0.068889,0,0
1252,Pierre_Pettigrew,Jose_Manuel_Durao_Barroso,swap_Pierre_Pettigrew_0002_in_Jose_Manuel_Durao_Barroso_0003.jpg,Pierre_Pettigrew_0002.jpg,Jose_Manuel_Durao_Barroso_0003.jpg,0.779116,1,1
1253,Albert_Costa,John_Spencer,swap_Albert_Costa_0006_in_John_Spencer_0001.jpg,Albert_Costa_0006.jpg,John_Spencer_0001.jpg,0.793185,1,1
1254,Michael_Chang,Adel_Al-Jubeir,swap_Michael_Chang_0002_in_Adel_Al-Jubeir_0003.jpg,Michael_Chang_0002.jpg,Adel_Al-Jubeir_0003.jpg,0.765415,1,1
1255,Nikki_Reed,Anna_Kournikova,swap_Nikki_Reed_0001_in_Anna_Kournikova_0006.jpg,Nikki_Reed_0001.jpg,Anna_Kournikova_0006.jpg,0.760473,1,1
1256,Marina_Anissina,Candice_Bergen,swap_Marina_Anissina_0002_in_Candice_Bergen_0003.jpg,Marina_Anissina_0002.jpg,Candice_Bergen_0003.jpg,0.757594,1,1
1257,Hilmi_Ozkok,Paul-Henri_Mathieu,swap_Hilmi_Ozkok_0001_in_Paul-Henri_Mathieu_0002.jpg,Hilmi_Ozkok_0001.jpg,Paul-Henri_Mathieu_0002.jpg,0.796411,1,1
1258,Todd_Haynes,Kim_Dae-jung,swap_Todd_Haynes_0004_in_Kim_Dae-jung_0007.jpg,Todd_Haynes_0004.jpg,Kim_Dae-jung_0007.jpg,0.712748,1,1
1259,Rick_Barnes,Alvaro_Silva_Calderon,swap_Rick_Barnes_0002_in_Alvaro_Silva_Calderon_0002.jpg,Rick_Barnes_0002.jpg,Alvaro_Silva_Calderon_0002.jpg,0.016568,0,0
1260,Michael_Bloomberg,Erika_Christensen,swap_Michael_Bloomberg_0005_in_Erika_Christensen_0002.jpg,Michael_Bloomberg_0005.jpg,Erika_Christensen_0002.jpg,0.854788,1,1
1261,Vladimiro_Montesinos,Walter_Mondale,swap_Vladimiro_Montesinos_0003_in_Walter_Mondale_0005.jpg,Vladimiro_Montesinos_0003.jpg,Walter_Mondale_0005.jpg,0.050610,0,0
1262,Prince_William,Cindy_Margolis,swap_Prince_William_0002_in_Cindy_Margolis_0002.jpg,Prince_William_0002.jpg,Cindy_Margolis_0002.jpg,0.717586,1,1
1263,Aicha_El_Ouafi,Mike_Scioscia,swap_Aicha_El_Ouafi_0003_in_Mike_Scioscia_0001.jpg,Aicha_El_Ouafi_0003.jpg,Mike_Scioscia_0001.jpg,0.774397,1,1
1264,Cesar_Maia,Andy_Roddick,swap_Cesar_Maia_0001_in_Andy_Roddick_0010.jpg,Cesar_Maia_0001.jpg,Andy_Roddick_0010.jpg,0.797447,1,1
1265,Oxana_Fedorova,Johnny_Carson,swap_Oxana_Fedorova_0001_in_Johnny_Carson_0002.jpg,Oxana_Fedorova_0001.jpg,Johnny_Carson_0002.jpg,0.774454,1,1
1266,Elizabeth_Smart,Takashi_Sorimachi,swap_Elizabeth_Smart_0003_in_Takashi_Sorimachi_0001.jpg,Elizabeth_Smart_0003.jpg,Takashi_Sorimachi_0001.jpg,0.814899,1,1
1267,Juanes,Raquel_Welch,swap_Juanes_0003_in_Raquel_Welch_0001.jpg,Juanes_0003.jpg,Raquel_Welch_0001.jpg,0.804211,1,1
1268,Daniel_Day-Lewis,Diane_Green,swap_Daniel_Day-Lewis_0001_in_Diane_Green_0002.jpg,Daniel_Day-Lewis_0001.jpg,Diane_Green_0002.jpg,-0.111901,0,0
1269,Dorthy_Moxley,Carmen_Electra,swap_Dorthy_Moxley_0001_in_Carmen_Electra_0006.jpg,Dorthy_Moxley_0001.jpg,Carmen_Electra_0006.jpg,0.683944,1,1
1270,Warren_Buffett,Muhammad_Ali,swap_Warren_Buffett_0001_in_Muhammad_Ali_0009.jpg,Warren_Buffett_0001.jpg,Muhammad_Ali_0009.jpg,0.706316,1,1
1271,Lech_Walesa,Ranil_Wickremasinghe,swap_Lech_Walesa_0001_in_Ranil_Wickremasinghe_0002.jpg,Lech_Walesa_0001.jpg,Ranil_Wickremasinghe_0002.jpg,0.764809,1,1
1272,Robert_Blackwill,Barry_Alvarez,swap_Robert_Blackwill_0002_in_Barry_Alvarez_0001.jpg,Robert_Blackwill_0002.jpg,Barry_Alvarez_0001.jpg,0.750479,1,1
1273,Ed_Rosenthal,Shia_LaBeouf,swap_Ed_Rosenthal_0003_in_Shia_LaBeouf_0002.jpg,Ed_Rosenthal_0003.jpg,Shia_LaBeouf_0002.jpg,0.771399,1,1
1274,James_Traficant,Jeremy_Shockey,swap_James_Traficant_0001_in_Jeremy_Shockey_0001.jpg,James_Traficant_0001.jpg,Jeremy_Shockey_0001.jpg,0.756889,1,1
1275,Brigitte_Boisselier,Halle_Berry,swap_Brigitte_Boisselier_0001_in_Halle_Berry_0007.jpg,Brigitte_Boisselier_0001.jpg,Halle_Berry_0007.jpg,0.828805,1,1
1276,JK_Rowling,Luke_Walton,swap_JK_Rowling_0004_in_Luke_Walton_0002.jpg,JK_Rowling_0004.jpg,Luke_Walton_0002.jpg,0.833333,1,1
1277,Paula_Radcliffe,Richard_Shelby,swap_Paula_Radcliffe_0003_in_Richard_Shelby_0001.jpg,Paula_Radcliffe_0003.jpg,Richard_Shelby_0001.jpg,0.750935,1,1
1278,Morgan_Freeman,Muammar_Gaddafi,swap_Morgan_Freeman_0002_in_Muammar_Gaddafi_0002.jpg,Morgan_Freeman_0002.jpg,Muammar_Gaddafi_0002.jpg,0.765722,1,1
1279,Keira_Knightley,David_Heymann,swap_Keira_Knightley_0001_in_David_Heymann_0003.jpg,Keira_Knightley_0001.jpg,David_Heymann_0003.jpg,0.815996,1,1
1280,Gao_Qiang,Valerie_Harper,swap_Gao_Qiang_0001_in_Valerie_Harper_0002.jpg,Gao_Qiang_0001.jpg,Valerie_Harper_0002.jpg,0.641205,1,1
1281,Gregory_Hines,Jesse_Jackson,swap_Gregory_Hines_0001_in_Jesse_Jackson_0006.jpg,Gregory_Hines_0001.jpg,Jesse_Jackson_0006.jpg,-0.039229,0,0
1282,Lon_Kruger,Lee_Soo-hyuck,swap_Lon_Kruger_0002_in_Lee_Soo-hyuck_0002.jpg,Lon_Kruger_0002.jpg,Lee_Soo-hyuck_0002.jpg,-0.000154,0,0
1283,Toni_Braxton,Howard_Dean,swap_Toni_Braxton_0002_in_Howard_Dean_0009.jpg,Toni_Braxton_0002.jpg,Howard_Dean_0009.jpg,0.787785,1,1
1284,Carlo_Ancelotti,Debra_Messing,swap_Carlo_Ancelotti_0003_in_Debra_Messing_0003.jpg,Carlo_Ancelotti_0003.jpg,Debra_Messing_0003.jpg,0.801780,1,1
1285,Bill_Paxton,Gus_Van_Sant,swap_Bill_Paxton_0002_in_Gus_Van_Sant_0003.jpg,Bill_Paxton_0002.jpg,Gus_Van_Sant_0003.jpg,0.725773,1,1
1286,Duane_Lee_Chapman,Gerry_Parsky,swap_Duane_Lee_Chapman_0001_in_Gerry_Parsky_0001.jpg,Duane_Lee_Chapman_0001.jpg,Gerry_Parsky_0001.jpg,0.763643,1,1
1287,Aldo_Paredes,Mark_Gottfried,swap_Aldo_Paredes_0001_in_Mark_Gottfried_0003.jpg,Aldo_Paredes_0001.jpg,Mark_Gottfried_0003.jpg,0.679642,1,1
1288,Nathan_Lane,Jose_Maria_Aznar,swap_Nathan_Lane_0001_in_Jose_Maria_Aznar_0002.jpg,Nathan_Lane_0001.jpg,Jose_Maria_Aznar_0002.jpg,0.775766,1,1
1289,Mike_Miller,Georgi_Parvanov,swap_Mike_Miller_0002_in_Georgi_Parvanov_0001.jpg,Mike_Miller_0002.jpg,Georgi_Parvanov_0001.jpg,0.754714,1,1
1290,Jim_OBrien,John_Travolta,swap_Jim_OBrien_0001_in_John_Travolta_0007.jpg,Jim_OBrien_0001.jpg,John_Travolta_0007.jpg,0.567963,1,0
1291,Nursultan_Nazarbayev,Stanley_McChrystal,swap_Nursultan_Nazarbayev_0002_in_Stanley_McChrystal_0001.jpg,Nursultan_Nazarbayev_0002.jpg,Stanley_McChrystal_0001.jpg,0.782071,1,1
1292,Lennox_Lewis,Marie-Reine_Le_Gougne,swap_Lennox_Lewis_0003_in_Marie-Reine_Le_Gougne_0001.jpg,Lennox_Lewis_0003.jpg,Marie-Reine_Le_Gougne_0001.jpg,0.761116,1,1
1293,Jolanta_Kwasniewski,Jim_Edmonds,swap_Jolanta_Kwasniewski_0001_in_Jim_Edmonds_0001.jpg,Jolanta_Kwasniewski_0001.jpg,Jim_Edmonds_0001.jpg,0.704977,1,1
1294,William_Rehnquist,Paul_Shanley,swap_William_Rehnquist_0001_in_Paul_Shanley_0003.jpg,William_Rehnquist_0001.jpg,Paul_Shanley_0003.jpg,0.768362,1,1
1295,Christopher_Patten,Kurt_Busch,swap_Christopher_Patten_0001_in_Kurt_Busch_0001.jpg,Christopher_Patten_0001.jpg,Kurt_Busch_0001.jpg,0.710191,1,1
1296,Moshe_Katsav,Morgan_Freeman,swap_Moshe_Katsav_0002_in_Morgan_Freeman_0002.jpg,Moshe_Katsav_0002.jpg,Morgan_Freeman_0002.jpg,0.739995,1,1
1297,Jerry_Springer,Andrew_Niccol,swap_Jerry_Springer_0002_in_Andrew_Niccol_0002.jpg,Jerry_Springer_0002.jpg,Andrew_Niccol_0002.jpg,0.741672,1,1
1298,Fernando_Vargas,Augustin_Calleri,swap_Fernando_Vargas_0003_in_Augustin_Calleri_0003.jpg,Fernando_Vargas_0003.jpg,Augustin_Calleri_0003.jpg,0.597639,1,0
1299,Fran_Drescher,Angela_Lansbury,swap_Fran_Drescher_0001_in_Angela_Lansbury_0002.jpg,Fran_Drescher_0001.jpg,Angela_Lansbury_0002.jpg,0.717580,1,1
1300,John_Rowland,Leszek_Miller,swap_John_Rowland_0002_in_Leszek_Miller_0001.jpg,John_Rowland_0002.jpg,Leszek_Miller_0001.jpg,-0.017525,0,0
1301,Andrew_Cuomo,Rebekah_Chantay_Revels,swap_Andrew_Cuomo_0002_in_Rebekah_Chantay_Revels_0001.jpg,Andrew_Cuomo_0002.jpg,Rebekah_Chantay_Revels_0001.jpg,0.785909,1,1
1302,Salman_Rushdie,Mary_Carey,swap_Salman_Rushdie_0003_in_Mary_Carey_0003.jpg,Salman_Rushdie_0003.jpg,Mary_Carey_0003.jpg,0.779586,1,1
1303,Steven_Spielberg,Gerry_Parsky,swap_Steven_Spielberg_0005_in_Gerry_Parsky_0001.jpg,Steven_Spielberg_0005.jpg,Gerry_Parsky_0001.jpg,0.677830,1,1
1304,John_Blaney,Rich_Gannon,swap_John_Blaney_0002_in_Rich_Gannon_0002.jpg,John_Blaney_0002.jpg,Rich_Gannon_0002.jpg,0.043401,0,0
1305,Norah_Jones,Rich_Gannon,swap_Norah_Jones_0015_in_Rich_Gannon_0001.jpg,Norah_Jones_0015.jpg,Rich_Gannon_0001.jpg,0.749891,1,1
1306,Martin_McGuinness,Geno_Auriemma,swap_Martin_McGuinness_0004_in_Geno_Auriemma_0001.jpg,Martin_McGuinness_0004.jpg,Geno_Auriemma_0001.jpg,0.791062,1,1
1307,Martin_McCauley,Jose_Sarney,swap_Martin_McCauley_0002_in_Jose_Sarney_0002.jpg,Martin_McCauley_0002.jpg,Jose_Sarney_0002.jpg,0.828151,1,1
1308,Lynn_Abraham,Vince_Gill,swap_Lynn_Abraham_0002_in_Vince_Gill_0001.jpg,Lynn_Abraham_0002.jpg,Vince_Gill_0001.jpg,0.774924,1,1
1309,Marieta_Chrousala,Christine_Ebersole,swap_Marieta_Chrousala_0002_in_Christine_Ebersole_0001.jpg,Marieta_Chrousala_0002.jpg,Christine_Ebersole_0001.jpg,0.813620,1,1
1310,Ferenc_Madl,Biljana_Plavsic,swap_Ferenc_Madl_0002_in_Biljana_Plavsic_0001.jpg,Ferenc_Madl_0002.jpg,Biljana_Plavsic_0001.jpg,0.799534,1,1
1311,Colin_Jackson,Dino_de_Laurentis,swap_Colin_Jackson_0001_in_Dino_de_Laurentis_0002.jpg,Colin_Jackson_0001.jpg,Dino_de_Laurentis_0002.jpg,0.686000,1,1
1312,Patrice_Chereau,Sergei_Ivanov,swap_Patrice_Chereau_0001_in_Sergei_Ivanov_0002.jpg,Patrice_Chereau_0001.jpg,Sergei_Ivanov_0002.jpg,0.869615,1,1
1313,Juergen_Peters,Yasar_Yakis,swap_Juergen_Peters_0002_in_Yasar_Yakis_0001.jpg,Juergen_Peters_0002.jpg,Yasar_Yakis_0001.jpg,0.744581,1,1
1314,Lucio_Gutierrez,Robert_Ehrlich,swap_Lucio_Gutierrez_0008_in_Robert_Ehrlich_0002.jpg,Lucio_Gutierrez_0008.jpg,Robert_Ehrlich_0002.jpg,0.790225,1,1
1315,Elizabeth_Taylor,Oleksandr_Moroz,swap_Elizabeth_Taylor_0001_in_Oleksandr_Moroz_0002.jpg,Elizabeth_Taylor_0001.jpg,Oleksandr_Moroz_0002.jpg,0.777524,1,1
1316,Alex_Penelas,Freddy_Garcia,swap_Alex_Penelas_0001_in_Freddy_Garcia_0001.jpg,Alex_Penelas_0001.jpg,Freddy_Garcia_0001.jpg,0.783606,1,1
1317,Nanni_Moretti,Oprah_Winfrey,swap_Nanni_Moretti_0001_in_Oprah_Winfrey_0002.jpg,Nanni_Moretti_0001.jpg,Oprah_Winfrey_0002.jpg,0.820049,1,1
1318,Pierre_Boulanger,Martha_Beatriz_Roque,swap_Pierre_Boulanger_0001_in_Martha_Beatriz_Roque_0001.jpg,Pierre_Boulanger_0001.jpg,Martha_Beatriz_Roque_0001.jpg,0.777834,1,1
1319,Arnaud_Clement,David_Caraway,swap_Arnaud_Clement_0002_in_David_Caraway_0001.jpg,Arnaud_Clement_0002.jpg,David_Caraway_0001.jpg,0.636696,1,1
1320,Martin_McGuinness,Jose_Mourinho,swap_Martin_McGuinness_0005_in_Jose_Mourinho_0001.jpg,Martin_McGuinness_0005.jpg,Jose_Mourinho_0001.jpg,0.752765,1,1
1321,Shane_Mosley,Silvia_Farina_Elia,swap_Shane_Mosley_0002_in_Silvia_Farina_Elia_0001.jpg,Shane_Mosley_0002.jpg,Silvia_Farina_Elia_0001.jpg,0.751866,1,1
1322,Emmit_Smith,Lana_Clarkson,swap_Emmit_Smith_0002_in_Lana_Clarkson_0002.jpg,Emmit_Smith_0002.jpg,Lana_Clarkson_0002.jpg,0.742103,1,1
1323,David_Myers,Erik_Morales,swap_David_Myers_0002_in_Erik_Morales_0003.jpg,David_Myers_0002.jpg,Erik_Morales_0003.jpg,0.751214,1,1
1324,Chung_Mong-hun,Vivica_Fox,swap_Chung_Mong-hun_0001_in_Vivica_Fox_0002.jpg,Chung_Mong-hun_0001.jpg,Vivica_Fox_0002.jpg,0.565790,1,0
1325,David_Dodge,Sheila_Fraser,swap_David_Dodge_0002_in_Sheila_Fraser_0002.jpg,David_Dodge_0002.jpg,Sheila_Fraser_0002.jpg,0.747494,1,1
1326,Oxana_Fedorova,Oleksandr_Moroz,swap_Oxana_Fedorova_0001_in_Oleksandr_Moroz_0001.jpg,Oxana_Fedorova_0001.jpg,Oleksandr_Moroz_0001.jpg,0.797747,1,1
1327,John_Cusack,John_Paul_II,swap_John_Cusack_0001_in_John_Paul_II_0002.jpg,John_Cusack_0001.jpg,John_Paul_II_0002.jpg,0.820707,1,1
1328,Alastair_Campbell,Edward_Kennedy,swap_Alastair_Campbell_0005_in_Edward_Kennedy_0003.jpg,Alastair_Campbell_0005.jpg,Edward_Kennedy_0003.jpg,0.687442,1,1
1329,Rod_Stewart,Justin_Leonard,swap_Rod_Stewart_0001_in_Justin_Leonard_0001.jpg,Rod_Stewart_0001.jpg,Justin_Leonard_0001.jpg,0.729004,1,1
1330,Dennis_Erickson,Lisa_Gottsegen,swap_Dennis_Erickson_0001_in_Lisa_Gottsegen_0001.jpg,Dennis_Erickson_0001.jpg,Lisa_Gottsegen_0001.jpg,0.802582,1,1
1331,Boris_Becker,Lucy_Liu,swap_Boris_Becker_0006_in_Lucy_Liu_0002.jpg,Boris_Becker_0006.jpg,Lucy_Liu_0002.jpg,0.633553,1,1
1332,Patrick_Ewing,Michael_Moore,swap_Patrick_Ewing_0001_in_Michael_Moore_0003.jpg,Patrick_Ewing_0001.jpg,Michael_Moore_0003.jpg,0.605876,1,1
1333,Recep_Tayyip_Erdogan,Ken_Macha,swap_Recep_Tayyip_Erdogan_0017_in_Ken_Macha_0002.jpg,Recep_Tayyip_Erdogan_0017.jpg,Ken_Macha_0002.jpg,0.819249,1,1
1334,Jodie_Foster,Angela_Merkel,swap_Jodie_Foster_0003_in_Angela_Merkel_0005.jpg,Jodie_Foster_0003.jpg,Angela_Merkel_0005.jpg,0.712788,1,1
1335,Keith_Bogans,Felipe_Perez_Roque,swap_Keith_Bogans_0002_in_Felipe_Perez_Roque_0004.jpg,Keith_Bogans_0002.jpg,Felipe_Perez_Roque_0004.jpg,0.703914,1,1
1336,Jeffrey_Jones,Norodom_Sihanouk,swap_Jeffrey_Jones_0001_in_Norodom_Sihanouk_0002.jpg,Jeffrey_Jones_0001.jpg,Norodom_Sihanouk_0002.jpg,0.780304,1,1
1337,Chris_Bell,George_HW_Bush,swap_Chris_Bell_0002_in_George_HW_Bush_0013.jpg,Chris_Bell_0002.jpg,George_HW_Bush_0013.jpg,0.752706,1,1
1338,Filippo_Inzaghi,Billy_Graham,swap_Filippo_Inzaghi_0002_in_Billy_Graham_0002.jpg,Filippo_Inzaghi_0002.jpg,Billy_Graham_0002.jpg,0.725124,1,1
1339,George_Robertson,Don_Nickles,swap_George_Robertson_0001_in_Don_Nickles_0001.jpg,George_Robertson_0001.jpg,Don_Nickles_0001.jpg,0.779656,1,1
1340,Natasha_McElhone,Mary_Tyler_Moore,swap_Natasha_McElhone_0001_in_Mary_Tyler_Moore_0001.jpg,Natasha_McElhone_0001.jpg,Mary_Tyler_Moore_0001.jpg,0.839995,1,1
1341,John_Allen_Muhammad,Richard_Branson,swap_John_Allen_Muhammad_0004_in_Richard_Branson_0002.jpg,John_Allen_Muhammad_0004.jpg,Richard_Branson_0002.jpg,0.803415,1,1
1342,Joseph_Deiss,Jessica_Lynch,swap_Joseph_Deiss_0001_in_Jessica_Lynch_0001.jpg,Joseph_Deiss_0001.jpg,Jessica_Lynch_0001.jpg,0.721744,1,1
1343,Kathleen_Kennedy_Townsend,Ricardo_Lopez_Murphy,swap_Kathleen_Kennedy_Townsend_0003_in_Ricardo_Lopez_Murphy_0002.jpg,Kathleen_Kennedy_Townsend_0003.jpg,Ricardo_Lopez_Murphy_0002.jpg,0.797187,1,1
1344,Michael_Douglas,Kate_Capshaw,swap_Michael_Douglas_0005_in_Kate_Capshaw_0002.jpg,Michael_Douglas_0005.jpg,Kate_Capshaw_0002.jpg,0.017836,0,0
1345,Paul_ONeill,Gregg_Popovich,swap_Paul_ONeill_0007_in_Gregg_Popovich_0002.jpg,Paul_ONeill_0007.jpg,Gregg_Popovich_0002.jpg,0.841258,1,1
1346,Jude_Law,Mike_Montgomery,swap_Jude_Law_0002_in_Mike_Montgomery_0001.jpg,Jude_Law_0002.jpg,Mike_Montgomery_0001.jpg,0.763254,1,1
1347,Jodie_Foster,Miroljub,swap_Jodie_Foster_0003_in_Miroljub_0002.jpg,Jodie_Foster_0003.jpg,Miroljub_0002.jpg,0.749443,1,1
1348,George_Foreman,Hu_Jintao,swap_George_Foreman_0002_in_Hu_Jintao_0013.jpg,George_Foreman_0002.jpg,Hu_Jintao_0013.jpg,0.774919,1,1
1349,Sam_Torrance,Jon_Voight,swap_Sam_Torrance_0003_in_Jon_Voight_0001.jpg,Sam_Torrance_0003.jpg,Jon_Voight_0001.jpg,0.749175,1,1
1350,Richard_Shelby,Carson_Palmer,swap_Richard_Shelby_0001_in_Carson_Palmer_0004.jpg,Richard_Shelby_0001.jpg,Carson_Palmer_0004.jpg,0.776367,1,1
1351,Tyron_Garner,Saburo_Kawabuchi,swap_Tyron_Garner_0001_in_Saburo_Kawabuchi_0001.jpg,Tyron_Garner_0001.jpg,Saburo_Kawabuchi_0001.jpg,0.763980,1,1
1352,Emily_Robison,Mark_Hurlbert,swap_Emily_Robison_0002_in_Mark_Hurlbert_0003.jpg,Emily_Robison_0002.jpg,Mark_Hurlbert_0003.jpg,0.216404,0,0
1353,Wen_Jiabao,Mike_Krzyzewski,swap_Wen_Jiabao_0010_in_Mike_Krzyzewski_0006.jpg,Wen_Jiabao_0010.jpg,Mike_Krzyzewski_0006.jpg,0.681328,1,1
1354,Rod_Stewart,Samuel_Waksal,swap_Rod_Stewart_0001_in_Samuel_Waksal_0002.jpg,Rod_Stewart_0001.jpg,Samuel_Waksal_0002.jpg,0.715610,1,1
1355,John_Snow,Princess_Elisabeth,swap_John_Snow_0001_in_Princess_Elisabeth_0001.jpg,John_Snow_0001.jpg,Princess_Elisabeth_0001.jpg,0.769586,1,1
1356,Claire_Danes,Lili_Taylor,swap_Claire_Danes_0003_in_Lili_Taylor_0002.jpg,Claire_Danes_0003.jpg,Lili_Taylor_0002.jpg,0.717016,1,1
1357,Bob_Dole,Aung_San_Suu_Kyi,swap_Bob_Dole_0002_in_Aung_San_Suu_Kyi_0001.jpg,Bob_Dole_0002.jpg,Aung_San_Suu_Kyi_0001.jpg,0.752945,1,1
1358,Joe_Calzaghe,Bill_Graham,swap_Joe_Calzaghe_0001_in_Bill_Graham_0007.jpg,Joe_Calzaghe_0001.jpg,Bill_Graham_0007.jpg,0.792320,1,1
1359,Jorge_Arce,Paul_Shanley,swap_Jorge_Arce_0002_in_Paul_Shanley_0003.jpg,Jorge_Arce_0002.jpg,Paul_Shanley_0003.jpg,0.776709,1,1
1360,Padraig_Harrington,Arnoldo_Aleman,swap_Padraig_Harrington_0002_in_Arnoldo_Aleman_0004.jpg,Padraig_Harrington_0002.jpg,Arnoldo_Aleman_0004.jpg,0.722275,1,1
1361,Kim_Ryong-sung,Ai_Sugiyama,swap_Kim_Ryong-sung_0004_in_Ai_Sugiyama_0005.jpg,Kim_Ryong-sung_0004.jpg,Ai_Sugiyama_0005.jpg,0.825113,1,1
1362,Hamzah_Haz,Doug_Collins,swap_Hamzah_Haz_0001_in_Doug_Collins_0001.jpg,Hamzah_Haz_0001.jpg,Doug_Collins_0001.jpg,0.817183,1,1
1363,Paul_Wellstone,David_Kelley,swap_Paul_Wellstone_0003_in_David_Kelley_0001.jpg,Paul_Wellstone_0003.jpg,David_Kelley_0001.jpg,0.789132,1,1
1364,Jesse_Jackson,Frank_Lautenberg,swap_Jesse_Jackson_0001_in_Frank_Lautenberg_0001.jpg,Jesse_Jackson_0001.jpg,Frank_Lautenberg_0001.jpg,-0.033883,0,0
1365,Bo_Ryan,Gregory_Geoffroy,swap_Bo_Ryan_0002_in_Gregory_Geoffroy_0002.jpg,Bo_Ryan_0002.jpg,Gregory_Geoffroy_0002.jpg,0.852496,1,1
1366,Rob_Schneider,Johnny_Tapia,swap_Rob_Schneider_0002_in_Johnny_Tapia_0003.jpg,Rob_Schneider_0002.jpg,Johnny_Tapia_0003.jpg,0.685767,1,1
1367,Edmund_Stoiber,Martin_Sheen,swap_Edmund_Stoiber_0001_in_Martin_Sheen_0001.jpg,Edmund_Stoiber_0001.jpg,Martin_Sheen_0001.jpg,0.729135,1,1
1368,Bob_Huggins,Mike_Helton,swap_Bob_Huggins_0003_in_Mike_Helton_0002.jpg,Bob_Huggins_0003.jpg,Mike_Helton_0002.jpg,0.749769,1,1
1369,Jeanne_Moreau,Yuri_Fedotov,swap_Jeanne_Moreau_0002_in_Yuri_Fedotov_0001.jpg,Jeanne_Moreau_0002.jpg,Yuri_Fedotov_0001.jpg,0.810094,1,1
1370,Patty_Schnyder,Doug_Collins,swap_Patty_Schnyder_0004_in_Doug_Collins_0002.jpg,Patty_Schnyder_0004.jpg,Doug_Collins_0002.jpg,0.690388,1,1
1371,Naoto_Kan,Abid_Hamid_Mahmud_Al-Tikriti,swap_Naoto_Kan_0003_in_Abid_Hamid_Mahmud_Al-Tikriti_0001.jpg,Naoto_Kan_0003.jpg,Abid_Hamid_Mahmud_Al-Tikriti_0001.jpg,0.727723,1,1
1372,Jose_Theodore,Mark_Dacey,swap_Jose_Theodore_0001_in_Mark_Dacey_0001.jpg,Jose_Theodore_0001.jpg,Mark_Dacey_0001.jpg,0.701491,1,1
1373,Mario_Cipollini,Hector_Babenco,swap_Mario_Cipollini_0002_in_Hector_Babenco_0001.jpg,Mario_Cipollini_0002.jpg,Hector_Babenco_0001.jpg,-0.037521,0,0
1374,William_Bulger,Martha_Burk,swap_William_Bulger_0003_in_Martha_Burk_0003.jpg,William_Bulger_0003.jpg,Martha_Burk_0003.jpg,0.791369,1,1
1375,Ruben_Studdard,Klaus_Zwickel,swap_Ruben_Studdard_0002_in_Klaus_Zwickel_0002.jpg,Ruben_Studdard_0002.jpg,Klaus_Zwickel_0002.jpg,0.789691,1,1
1376,Tom_Harkin,Fred_Thompson,swap_Tom_Harkin_0003_in_Fred_Thompson_0002.jpg,Tom_Harkin_0003.jpg,Fred_Thompson_0002.jpg,0.794195,1,1
1377,Roberto_Carlos,Leander_Paes,swap_Roberto_Carlos_0001_in_Leander_Paes_0002.jpg,Roberto_Carlos_0001.jpg,Leander_Paes_0002.jpg,0.772332,1,1
1378,Carolina_Moraes,George_Roy_Hill,swap_Carolina_Moraes_0001_in_George_Roy_Hill_0002.jpg,Carolina_Moraes_0001.jpg,George_Roy_Hill_0002.jpg,0.792570,1,1
1379,Prince_Willem-Alexander,Vicente_Fernandez,swap_Prince_Willem-Alexander_0001_in_Vicente_Fernandez_0002.jpg,Prince_Willem-Alexander_0001.jpg,Vicente_Fernandez_0002.jpg,-0.008217,0,0
1380,Wayne_Ferreira,Ishaq_Shahryar,swap_Wayne_Ferreira_0004_in_Ishaq_Shahryar_0002.jpg,Wayne_Ferreira_0004.jpg,Ishaq_Shahryar_0002.jpg,0.696653,1,1
1381,Martin_McCauley,Michael_Douglas,swap_Martin_McCauley_0001_in_Michael_Douglas_0006.jpg,Martin_McCauley_0001.jpg,Michael_Douglas_0006.jpg,0.697335,1,1
1382,Gerry_Parsky,Gary_Carter,swap_Gerry_Parsky_0002_in_Gary_Carter_0001.jpg,Gerry_Parsky_0002.jpg,Gary_Carter_0001.jpg,0.807858,1,1
1383,Jonathan_Mostow,Robert_DeFraites,swap_Jonathan_Mostow_0002_in_Robert_DeFraites_0001.jpg,Jonathan_Mostow_0002.jpg,Robert_DeFraites_0001.jpg,0.763801,1,1
1384,Mike_Weir,Dennis_Kozlowski,swap_Mike_Weir_0008_in_Dennis_Kozlowski_0002.jpg,Mike_Weir_0008.jpg,Dennis_Kozlowski_0002.jpg,0.744483,1,1
1385,Jennifer_Keller,Eric_Robert_Rudolph,swap_Jennifer_Keller_0003_in_Eric_Robert_Rudolph_0001.jpg,Jennifer_Keller_0003.jpg,Eric_Robert_Rudolph_0001.jpg,0.731443,1,1
1386,Suzanne_Gaudet,Robinson_Stevenin,swap_Suzanne_Gaudet_0001_in_Robinson_Stevenin_0002.jpg,Suzanne_Gaudet_0001.jpg,Robinson_Stevenin_0002.jpg,0.716111,1,1
1387,Steve_Backley,Edie_Falco,swap_Steve_Backley_0001_in_Edie_Falco_0001.jpg,Steve_Backley_0001.jpg,Edie_Falco_0001.jpg,0.803227,1,1
1388,Gilberto_Rodriguez_Orejuela,Elijah_Wood,swap_Gilberto_Rodriguez_Orejuela_0002_in_Elijah_Wood_0001.jpg,Gilberto_Rodriguez_Orejuela_0002.jpg,Elijah_Wood_0001.jpg,0.805918,1,1
1389,Gary_Locke,Pedro_Malan,swap_Gary_Locke_0002_in_Pedro_Malan_0002.jpg,Gary_Locke_0002.jpg,Pedro_Malan_0002.jpg,0.627635,1,1
1390,Tracee_Ellis_Ross,Candie_Kung,swap_Tracee_Ellis_Ross_0001_in_Candie_Kung_0001.jpg,Tracee_Ellis_Ross_0001.jpg,Candie_Kung_0001.jpg,0.704902,1,1
1391,Robert_Fico,Rick_Romley,swap_Robert_Fico_0002_in_Rick_Romley_0003.jpg,Robert_Fico_0002.jpg,Rick_Romley_0003.jpg,0.783645,1,1
1392,Adolfo_Aguilar_Zinser,Tim_Robbins,swap_Adolfo_Aguilar_Zinser_0003_in_Tim_Robbins_0001.jpg,Adolfo_Aguilar_Zinser_0003.jpg,Tim_Robbins_0001.jpg,0.733335,1,1
1393,Lucy_Liu,Joe_Dumars,swap_Lucy_Liu_0005_in_Joe_Dumars_0002.jpg,Lucy_Liu_0005.jpg,Joe_Dumars_0002.jpg,0.775789,1,1
1394,Makhdoom_Amin_Fahim,Naomi_Watts,swap_Makhdoom_Amin_Fahim_0002_in_Naomi_Watts_0016.jpg,Makhdoom_Amin_Fahim_0002.jpg,Naomi_Watts_0016.jpg,0.804506,1,1
1395,Diana_Munz,Tim_Robbins,swap_Diana_Munz_0003_in_Tim_Robbins_0003.jpg,Diana_Munz_0003.jpg,Tim_Robbins_0003.jpg,0.749526,1,1
1396,Jon_Gruden,Ernie_Els,swap_Jon_Gruden_0007_in_Ernie_Els_0002.jpg,Jon_Gruden_0007.jpg,Ernie_Els_0002.jpg,0.692766,1,1
1397,Arianna_Huffington,Matt_Doherty,swap_Arianna_Huffington_0004_in_Matt_Doherty_0002.jpg,Arianna_Huffington_0004.jpg,Matt_Doherty_0002.jpg,0.700407,1,1
1398,Michael_Powell,Amanda_Bynes,swap_Michael_Powell_0005_in_Amanda_Bynes_0003.jpg,Michael_Powell_0005.jpg,Amanda_Bynes_0003.jpg,0.667857,1,1
1399,John_Wolf,Roger_Moore,swap_John_Wolf_0001_in_Roger_Moore_0004.jpg,John_Wolf_0001.jpg,Roger_Moore_0004.jpg,0.755150,1,1
1400,Catherine_Zeta-Jones,Ruth_Harlow,swap_Catherine_Zeta-Jones_0009_in_Ruth_Harlow_0002.jpg,Catherine_Zeta-Jones_0009.jpg,Ruth_Harlow_0002.jpg,0.776454,1,1
1401,Ishaq_Shahryar,Romano_Prodi,swap_Ishaq_Shahryar_0001_in_Romano_Prodi_0001.jpg,Ishaq_Shahryar_0001.jpg,Romano_Prodi_0001.jpg,-0.010261,0,0
1402,Robert_De_Niro,Elizabeth_Taylor,swap_Robert_De_Niro_0004_in_Elizabeth_Taylor_0001.jpg,Robert_De_Niro_0004.jpg,Elizabeth_Taylor_0001.jpg,0.748141,1,1
1403,James_Gandolfini,Jessica_Lange,swap_James_Gandolfini_0003_in_Jessica_Lange_0002.jpg,James_Gandolfini_0003.jpg,Jessica_Lange_0002.jpg,0.752841,1,1
1404,Dolly_Parton,Mike_Babcock,swap_Dolly_Parton_0002_in_Mike_Babcock_0001.jpg,Dolly_Parton_0002.jpg,Mike_Babcock_0001.jpg,0.812948,1,1
1405,Goh_Kun,Lili_Taylor,swap_Goh_Kun_0002_in_Lili_Taylor_0002.jpg,Goh_Kun_0002.jpg,Lili_Taylor_0002.jpg,0.587768,1,0
1406,Diane_Green,Maria_Shriver,swap_Diane_Green_0002_in_Maria_Shriver_0004.jpg,Diane_Green_0002.jpg,Maria_Shriver_0004.jpg,-0.003152,0,0
1407,Justin_Guarini,Sadie_Frost,swap_Justin_Guarini_0002_in_Sadie_Frost_0002.jpg,Justin_Guarini_0002.jpg,Sadie_Frost_0002.jpg,0.829498,1,1
1408,Jorge_Arce,Guillermo_Ortiz,swap_Jorge_Arce_0002_in_Guillermo_Ortiz_0001.jpg,Jorge_Arce_0002.jpg,Guillermo_Ortiz_0001.jpg,0.712546,1,1
1409,Nancy_Demme,Chen_Shui-bian,swap_Nancy_Demme_0001_in_Chen_Shui-bian_0001.jpg,Nancy_Demme_0001.jpg,Chen_Shui-bian_0001.jpg,0.797160,1,1
1410,Sharon_Davis,Goldie_Hawn,swap_Sharon_Davis_0001_in_Goldie_Hawn_0005.jpg,Sharon_Davis_0001.jpg,Goldie_Hawn_0005.jpg,0.773426,1,1
1411,Kenneth_Bowersox,John_Kerry,swap_Kenneth_Bowersox_0001_in_John_Kerry_0005.jpg,Kenneth_Bowersox_0001.jpg,John_Kerry_0005.jpg,0.748123,1,1
1412,Wayne_Ferreira,Steve_Mariucci,swap_Wayne_Ferreira_0002_in_Steve_Mariucci_0002.jpg,Wayne_Ferreira_0002.jpg,Steve_Mariucci_0002.jpg,0.722117,1,1
1413,William_Martin,Ahmed_Chalabi,swap_William_Martin_0001_in_Ahmed_Chalabi_0004.jpg,William_Martin_0001.jpg,Ahmed_Chalabi_0004.jpg,0.771107,1,1
1414,Mariah_Carey,Chris_Byrd,swap_Mariah_Carey_0007_in_Chris_Byrd_0002.jpg,Mariah_Carey_0007.jpg,Chris_Byrd_0002.jpg,0.801322,1,1
1415,Valentino_Rossi,Lyle_Vanclief,swap_Valentino_Rossi_0003_in_Lyle_Vanclief_0002.jpg,Valentino_Rossi_0003.jpg,Lyle_Vanclief_0002.jpg,0.741625,1,1
1416,Mohammad_Khatami,Muhammad_Saeed_al-Sahhaf,swap_Mohammad_Khatami_0001_in_Muhammad_Saeed_al-Sahhaf_0004.jpg,Mohammad_Khatami_0001.jpg,Muhammad_Saeed_al-Sahhaf_0004.jpg,0.773940,1,1
1417,Bridget_Fonda,Ronald_Reagan,swap_Bridget_Fonda_0001_in_Ronald_Reagan_0001.jpg,Bridget_Fonda_0001.jpg,Ronald_Reagan_0001.jpg,0.771644,1,1
1418,Emma_Watson,Yoriko_Kawaguchi,swap_Emma_Watson_0003_in_Yoriko_Kawaguchi_0008.jpg,Emma_Watson_0003.jpg,Yoriko_Kawaguchi_0008.jpg,0.758858,1,1
1419,Pierre_Boulanger,Brian_Cowen,swap_Pierre_Boulanger_0002_in_Brian_Cowen_0002.jpg,Pierre_Boulanger_0002.jpg,Brian_Cowen_0002.jpg,0.787985,1,1
1420,George_W_Bush,Jessica_Alba,swap_George_W_Bush_0369_in_Jessica_Alba_0002.jpg,George_W_Bush_0369.jpg,Jessica_Alba_0002.jpg,0.673701,1,1
1421,Jean-Marc_de_La_Sabliere,Alejandro_Atchugarry,swap_Jean-Marc_de_La_Sabliere_0002_in_Alejandro_Atchugarry_0001.jpg,Jean-Marc_de_La_Sabliere_0002.jpg,Alejandro_Atchugarry_0001.jpg,0.733591,1,1
1422,Jelena_Dokic,Robert_Torricelli,swap_Jelena_Dokic_0004_in_Robert_Torricelli_0003.jpg,Jelena_Dokic_0004.jpg,Robert_Torricelli_0003.jpg,0.656921,1,1
1423,Nastassia_Kinski,Reese_Witherspoon,swap_Nastassia_Kinski_0001_in_Reese_Witherspoon_0003.jpg,Nastassia_Kinski_0001.jpg,Reese_Witherspoon_0003.jpg,0.776555,1,1
1424,Jennifer_Rodriguez,James_Franco,swap_Jennifer_Rodriguez_0002_in_James_Franco_0002.jpg,Jennifer_Rodriguez_0002.jpg,James_Franco_0002.jpg,0.731382,1,1
1425,Bill_Clinton,John_Kerry,swap_Bill_Clinton_0020_in_John_Kerry_0010.jpg,Bill_Clinton_0020.jpg,John_Kerry_0010.jpg,0.788438,1,1
1426,Leland_Chapman,Prince_Claus,swap_Leland_Chapman_0001_in_Prince_Claus_0002.jpg,Leland_Chapman_0001.jpg,Prince_Claus_0002.jpg,0.753770,1,1
1427,Rachel_Griffiths,Wolfgang_Schuessel,swap_Rachel_Griffiths_0002_in_Wolfgang_Schuessel_0004.jpg,Rachel_Griffiths_0002.jpg,Wolfgang_Schuessel_0004.jpg,0.696611,1,1
1428,Prince_Charles,Paul_Patton,swap_Prince_Charles_0005_in_Paul_Patton_0002.jpg,Prince_Charles_0005.jpg,Paul_Patton_0002.jpg,0.734877,1,1
1429,Benjamin_Netanyahu,Bill_Gates,swap_Benjamin_Netanyahu_0002_in_Bill_Gates_0011.jpg,Benjamin_Netanyahu_0002.jpg,Bill_Gates_0011.jpg,0.765962,1,1
1430,Fayssal_Mekdad,Intisar_Ajouri,swap_Fayssal_Mekdad_0003_in_Intisar_Ajouri_0003.jpg,Fayssal_Mekdad_0003.jpg,Intisar_Ajouri_0003.jpg,0.794339,1,1
1431,Hashim_Thaci,Scott_McNealy,swap_Hashim_Thaci_0002_in_Scott_McNealy_0002.jpg,Hashim_Thaci_0002.jpg,Scott_McNealy_0002.jpg,0.816791,1,1
1432,Gordon_Brown,Kristen_Breitweiser,swap_Gordon_Brown_0013_in_Kristen_Breitweiser_0002.jpg,Gordon_Brown_0013.jpg,Kristen_Breitweiser_0002.jpg,0.777819,1,1
1433,Taha_Yassin_Ramadan,Nora_Bendijo,swap_Taha_Yassin_Ramadan_0009_in_Nora_Bendijo_0002.jpg,Taha_Yassin_Ramadan_0009.jpg,Nora_Bendijo_0002.jpg,0.789168,1,1
1434,Judi_Dench,David_Coulthard,swap_Judi_Dench_0001_in_David_Coulthard_0001.jpg,Judi_Dench_0001.jpg,David_Coulthard_0001.jpg,0.742825,1,1
1435,Chang_Dae-whan,Silvia_Farina_Elia,swap_Chang_Dae-whan_0001_in_Silvia_Farina_Elia_0003.jpg,Chang_Dae-whan_0001.jpg,Silvia_Farina_Elia_0003.jpg,0.648168,1,1
1436,Geno_Auriemma,Surakait_Sathirathai,swap_Geno_Auriemma_0001_in_Surakait_Sathirathai_0001.jpg,Geno_Auriemma_0001.jpg,Surakait_Sathirathai_0001.jpg,0.772462,1,1
1437,David_Caruso,Jon_Corzine,swap_David_Caruso_0001_in_Jon_Corzine_0001.jpg,David_Caruso_0001.jpg,Jon_Corzine_0001.jpg,0.668743,1,1
1438,Augusto_Roa_Bastos,Lindsay_Benko,swap_Augusto_Roa_Bastos_0001_in_Lindsay_Benko_0001.jpg,Augusto_Roa_Bastos_0001.jpg,Lindsay_Benko_0001.jpg,0.634456,1,1
1439,Tom_Reilly,Jon_Corzine,swap_Tom_Reilly_0003_in_Jon_Corzine_0001.jpg,Tom_Reilly_0003.jpg,Jon_Corzine_0001.jpg,0.771462,1,1
1440,Butch_Davis,Gerhard_Schroeder,swap_Butch_Davis_0001_in_Gerhard_Schroeder_0011.jpg,Butch_Davis_0001.jpg,Gerhard_Schroeder_0011.jpg,0.774410,1,1
1441,Richard_Butler,John_Stallworth,swap_Richard_Butler_0002_in_John_Stallworth_0001.jpg,Richard_Butler_0002.jpg,John_Stallworth_0001.jpg,0.737778,1,1
1442,Garry_Trudeau,Steve_Ballmer,swap_Garry_Trudeau_0002_in_Steve_Ballmer_0002.jpg,Garry_Trudeau_0002.jpg,Steve_Ballmer_0002.jpg,0.749743,1,1
1443,Phan_Van_Khai,Charles_Grassley,swap_Phan_Van_Khai_0001_in_Charles_Grassley_0001.jpg,Phan_Van_Khai_0001.jpg,Charles_Grassley_0001.jpg,0.617506,1,1
1444,Alison_Lohman,Amer_al-Saadi,swap_Alison_Lohman_0002_in_Amer_al-Saadi_0003.jpg,Alison_Lohman_0002.jpg,Amer_al-Saadi_0003.jpg,-0.073362,0,0
1445,Lisa_Ling,Leonid_Kuchma,swap_Lisa_Ling_0002_in_Leonid_Kuchma_0005.jpg,Lisa_Ling_0002.jpg,Leonid_Kuchma_0005.jpg,0.749320,1,1
1446,Kristen_Breitweiser,Chris_Cooper,swap_Kristen_Breitweiser_0003_in_Chris_Cooper_0001.jpg,Kristen_Breitweiser_0003.jpg,Chris_Cooper_0001.jpg,0.811956,1,1
1447,Olesya_Bonabarenko,Padraig_Harrington,swap_Olesya_Bonabarenko_0002_in_Padraig_Harrington_0004.jpg,Olesya_Bonabarenko_0002.jpg,Padraig_Harrington_0004.jpg,0.703057,1,1
1448,Masum_Turker,Queen_Rania,swap_Masum_Turker_0003_in_Queen_Rania_0005.jpg,Masum_Turker_0003.jpg,Queen_Rania_0005.jpg,0.668736,1,1
1449,Ian_Thorpe,Jeanne_Moreau,swap_Ian_Thorpe_0008_in_Jeanne_Moreau_0001.jpg,Ian_Thorpe_0008.jpg,Jeanne_Moreau_0001.jpg,0.796072,1,1
1450,William_Hochul,Bob_Hope,swap_William_Hochul_0002_in_Bob_Hope_0005.jpg,William_Hochul_0002.jpg,Bob_Hope_0005.jpg,0.734828,1,1
1451,Jim_OBrien,Juan_Valencia_Osorio,swap_Jim_OBrien_0002_in_Juan_Valencia_Osorio_0001.jpg,Jim_OBrien_0002.jpg,Juan_Valencia_Osorio_0001.jpg,0.792332,1,1
1452,Holly_Hunter,Ai_Sugiyama,swap_Holly_Hunter_0001_in_Ai_Sugiyama_0005.jpg,Holly_Hunter_0001.jpg,Ai_Sugiyama_0005.jpg,0.747204,1,1
1453,Yukiko_Okudo,Thomas_Fargo,swap_Yukiko_Okudo_0001_in_Thomas_Fargo_0003.jpg,Yukiko_Okudo_0001.jpg,Thomas_Fargo_0003.jpg,0.743359,1,1
1454,Hannah_Stockbauer,Leslie_Moonves,swap_Hannah_Stockbauer_0001_in_Leslie_Moonves_0002.jpg,Hannah_Stockbauer_0001.jpg,Leslie_Moonves_0002.jpg,0.815541,1,1
1455,Theodore_Tweed_Roosevelt,Lisa_Raymond,swap_Theodore_Tweed_Roosevelt_0002_in_Lisa_Raymond_0001.jpg,Theodore_Tweed_Roosevelt_0002.jpg,Lisa_Raymond_0001.jpg,0.684691,1,1
1456,Tom_Brady,Kelvin_Sampson,swap_Tom_Brady_0002_in_Kelvin_Sampson_0003.jpg,Tom_Brady_0002.jpg,Kelvin_Sampson_0003.jpg,0.734685,1,1
1457,Fernando_Henrique_Cardoso,Vladimiro_Montesinos,swap_Fernando_Henrique_Cardoso_0001_in_Vladimiro_Montesinos_0003.jpg,Fernando_Henrique_Cardoso_0001.jpg,Vladimiro_Montesinos_0003.jpg,-0.042217,0,0
1458,Joe_Torre,Dominique_de_Villepin,swap_Joe_Torre_0004_in_Dominique_de_Villepin_0015.jpg,Joe_Torre_0004.jpg,Dominique_de_Villepin_0015.jpg,0.771107,1,1
1459,Miyako_Miyazaki,Kim_Clijsters,swap_Miyako_Miyazaki_0002_in_Kim_Clijsters_0004.jpg,Miyako_Miyazaki_0002.jpg,Kim_Clijsters_0004.jpg,0.756895,1,1
1460,Darren_Clarke,Sean_Penn,swap_Darren_Clarke_0002_in_Sean_Penn_0002.jpg,Darren_Clarke_0002.jpg,Sean_Penn_0002.jpg,0.680907,1,1
1461,Erika_Harold,Gerry_Adams,swap_Erika_Harold_0001_in_Gerry_Adams_0007.jpg,Erika_Harold_0001.jpg,Gerry_Adams_0007.jpg,0.766097,1,1
1462,Peter_Struck,Frank_Solich,swap_Peter_Struck_0005_in_Frank_Solich_0005.jpg,Peter_Struck_0005.jpg,Frank_Solich_0005.jpg,0.701129,1,1
1463,Winona_Ryder,Ruben_Studdard,swap_Winona_Ryder_0022_in_Ruben_Studdard_0002.jpg,Winona_Ryder_0022.jpg,Ruben_Studdard_0002.jpg,0.720361,1,1
1464,Halle_Berry,Rebekah_Chantay_Revels,swap_Halle_Berry_0009_in_Rebekah_Chantay_Revels_0004.jpg,Halle_Berry_0009.jpg,Rebekah_Chantay_Revels_0004.jpg,0.746311,1,1
1465,Dominik_Garcia-Lorido,Begum_Khaleda_Zia,swap_Dominik_Garcia-Lorido_0001_in_Begum_Khaleda_Zia_0001.jpg,Dominik_Garcia-Lorido_0001.jpg,Begum_Khaleda_Zia_0001.jpg,0.762594,1,1
1466,Harry_Kalas,Carlos_Menem,swap_Harry_Kalas_0002_in_Carlos_Menem_0020.jpg,Harry_Kalas_0002.jpg,Carlos_Menem_0020.jpg,0.665020,1,1
1467,Larry_Lindsey,Grady_Irvin_Jr,swap_Larry_Lindsey_0002_in_Grady_Irvin_Jr_0001.jpg,Larry_Lindsey_0002.jpg,Grady_Irvin_Jr_0001.jpg,0.703278,1,1
1468,Jacques_Chirac,Alec_Baldwin,swap_Jacques_Chirac_0010_in_Alec_Baldwin_0001.jpg,Jacques_Chirac_0010.jpg,Alec_Baldwin_0001.jpg,0.677041,1,1
1469,Michael_Chang,Alex_Penelas,swap_Michael_Chang_0003_in_Alex_Penelas_0001.jpg,Michael_Chang_0003.jpg,Alex_Penelas_0001.jpg,0.724467,1,1
1470,Guy_Ritchie,Goh_Kun,swap_Guy_Ritchie_0001_in_Goh_Kun_0002.jpg,Guy_Ritchie_0001.jpg,Goh_Kun_0002.jpg,0.814689,1,1
1471,Silvan_Shalom,Adrian_Nastase,swap_Silvan_Shalom_0002_in_Adrian_Nastase_0001.jpg,Silvan_Shalom_0002.jpg,Adrian_Nastase_0001.jpg,0.735414,1,1
1472,Colin_Montgomerie,Alan_Ball,swap_Colin_Montgomerie_0004_in_Alan_Ball_0001.jpg,Colin_Montgomerie_0004.jpg,Alan_Ball_0001.jpg,0.732815,1,1
1473,Jean-Claude_Juncker,Justin_Timberlake,swap_Jean-Claude_Juncker_0002_in_Justin_Timberlake_0008.jpg,Jean-Claude_Juncker_0002.jpg,Justin_Timberlake_0008.jpg,0.705031,1,1
1474,Joe_Dumars,Leland_Chapman,swap_Joe_Dumars_0001_in_Leland_Chapman_0002.jpg,Joe_Dumars_0001.jpg,Leland_Chapman_0002.jpg,0.786812,1,1
1475,Bill_McBride,Tassos_Papadopoulos,swap_Bill_McBride_0003_in_Tassos_Papadopoulos_0001.jpg,Bill_McBride_0003.jpg,Tassos_Papadopoulos_0001.jpg,-0.093590,0,0
1476,Gisele_Bundchen,Tony_Blair,swap_Gisele_Bundchen_0002_in_Tony_Blair_0019.jpg,Gisele_Bundchen_0002.jpg,Tony_Blair_0019.jpg,0.771736,1,1
1477,Michel_Temer,Li_Peng,swap_Michel_Temer_0001_in_Li_Peng_0004.jpg,Michel_Temer_0001.jpg,Li_Peng_0004.jpg,0.792397,1,1
1478,Gary_Williams,Zarai_Toledo,swap_Gary_Williams_0002_in_Zarai_Toledo_0001.jpg,Gary_Williams_0002.jpg,Zarai_Toledo_0001.jpg,0.805159,1,1
1479,Celine_Dion,Tom_Daschle,swap_Celine_Dion_0004_in_Tom_Daschle_0013.jpg,Celine_Dion_0004.jpg,Tom_Daschle_0013.jpg,0.842385,1,1
1480,Tom_Ridge,Kobe_Bryant,swap_Tom_Ridge_0016_in_Kobe_Bryant_0003.jpg,Tom_Ridge_0016.jpg,Kobe_Bryant_0003.jpg,0.749611,1,1
1481,Amber_Tamblyn,Eddy_Merckx,swap_Amber_Tamblyn_0002_in_Eddy_Merckx_0001.jpg,Amber_Tamblyn_0002.jpg,Eddy_Merckx_0001.jpg,0.694701,1,1
1482,Mary_Carey,Ricky_Martin,swap_Mary_Carey_0002_in_Ricky_Martin_0002.jpg,Mary_Carey_0002.jpg,Ricky_Martin_0002.jpg,0.693136,1,1
1483,John_Snow,Roberto_Carlos,swap_John_Snow_0010_in_Roberto_Carlos_0003.jpg,John_Snow_0010.jpg,Roberto_Carlos_0003.jpg,0.821930,1,1
1484,Dalai_Lama,Pierce_Brosnan,swap_Dalai_Lama_0001_in_Pierce_Brosnan_0012.jpg,Dalai_Lama_0001.jpg,Pierce_Brosnan_0012.jpg,0.002484,0,0
1485,Mike_Helton,Mary-Kate_Olsen,swap_Mike_Helton_0001_in_Mary-Kate_Olsen_0002.jpg,Mike_Helton_0001.jpg,Mary-Kate_Olsen_0002.jpg,0.686686,1,1
1486,Luciano_Pavarotti,Queen_Beatrix,swap_Luciano_Pavarotti_0002_in_Queen_Beatrix_0002.jpg,Luciano_Pavarotti_0002.jpg,Queen_Beatrix_0002.jpg,0.811358,1,1
1487,Jesse_Ventura,Antony_Leung,swap_Jesse_Ventura_0003_in_Antony_Leung_0002.jpg,Jesse_Ventura_0003.jpg,Antony_Leung_0002.jpg,0.779267,1,1
1488,Carlos_Ruiz,Francis_Mer,swap_Carlos_Ruiz_0003_in_Francis_Mer_0002.jpg,Carlos_Ruiz_0003.jpg,Francis_Mer_0002.jpg,0.732368,1,1
1489,James_Cunningham,Alan_Ball,swap_James_Cunningham_0001_in_Alan_Ball_0002.jpg,James_Cunningham_0001.jpg,Alan_Ball_0002.jpg,0.808593,1,1
1490,Nicolas_Lapentti,Catherine_Deneuve,swap_Nicolas_Lapentti_0002_in_Catherine_Deneuve_0002.jpg,Nicolas_Lapentti_0002.jpg,Catherine_Deneuve_0002.jpg,0.783346,1,1
1491,Ahmad_Masood,Angela_Bassett,swap_Ahmad_Masood_0002_in_Angela_Bassett_0006.jpg,Ahmad_Masood_0002.jpg,Angela_Bassett_0006.jpg,0.052089,0,0
1492,Oxana_Fedorova,Courtney_Love,swap_Oxana_Fedorova_0003_in_Courtney_Love_0001.jpg,Oxana_Fedorova_0003.jpg,Courtney_Love_0001.jpg,0.708078,1,1
1493,Gary_Doer,Dai_Bachtiar,swap_Gary_Doer_0002_in_Dai_Bachtiar_0001.jpg,Gary_Doer_0002.jpg,Dai_Bachtiar_0001.jpg,0.788139,1,1
1494,Roger_Federer,Pedro_Malan,swap_Roger_Federer_0006_in_Pedro_Malan_0001.jpg,Roger_Federer_0006.jpg,Pedro_Malan_0001.jpg,0.743965,1,1
1495,Arturo_Gatti,Jennifer_Thompson,swap_Arturo_Gatti_0003_in_Jennifer_Thompson_0001.jpg,Arturo_Gatti_0003.jpg,Jennifer_Thompson_0001.jpg,0.783031,1,1
1496,Saeb_Erekat,Michael_J_Sheehan,swap_Saeb_Erekat_0001_in_Michael_J_Sheehan_0001.jpg,Saeb_Erekat_0001.jpg,Michael_J_Sheehan_0001.jpg,0.841607,1,1
1497,Lynne_Cheney,Filippo_Inzaghi,swap_Lynne_Cheney_0002_in_Filippo_Inzaghi_0003.jpg,Lynne_Cheney_0002.jpg,Filippo_Inzaghi_0003.jpg,0.779547,1,1
1498,Venus_Williams,Ranil_Wickremasinghe,swap_Venus_Williams_0012_in_Ranil_Wickremasinghe_0002.jpg,Venus_Williams_0012.jpg,Ranil_Wickremasinghe_0002.jpg,0.707849,1,1
1499,Stanley_McChrystal,Doris_Roberts,swap_Stanley_McChrystal_0001_in_Doris_Roberts_0003.jpg,Stanley_McChrystal_0001.jpg,Doris_Roberts_0003.jpg,0.776187,1,1
1500,John_Brady,Jerry_Regier,swap_John_Brady_0001_in_Jerry_Regier_0003.jpg,John_Brady_0001.jpg,Jerry_Regier_0003.jpg,0.821278,1,1
1501,Andrew_Bunner,Luiz_Felipe_Scolari,swap_Andrew_Bunner_0002_in_Luiz_Felipe_Scolari_0002.jpg,Andrew_Bunner_0002.jpg,Luiz_Felipe_Scolari_0002.jpg,0.746244,1,1
1502,Michel_Duclos,Russell_Crowe,swap_Michel_Duclos_0002_in_Russell_Crowe_0001.jpg,Michel_Duclos_0002.jpg,Russell_Crowe_0001.jpg,0.807271,1,1
1503,Muammar_Gaddafi,Dino_de_Laurentis,swap_Muammar_Gaddafi_0002_in_Dino_de_Laurentis_0002.jpg,Muammar_Gaddafi_0002.jpg,Dino_de_Laurentis_0002.jpg,0.733044,1,1
1504,Stacy_Dragila,Leslie_Caldwell,swap_Stacy_Dragila_0002_in_Leslie_Caldwell_0003.jpg,Stacy_Dragila_0002.jpg,Leslie_Caldwell_0003.jpg,0.701878,1,1
1505,Mike_Weir,Dan_Wheldon,swap_Mike_Weir_0002_in_Dan_Wheldon_0001.jpg,Mike_Weir_0002.jpg,Dan_Wheldon_0001.jpg,0.769395,1,1
1506,Lance_Armstrong,Heidi_Klum,swap_Lance_Armstrong_0009_in_Heidi_Klum_0005.jpg,Lance_Armstrong_0009.jpg,Heidi_Klum_0005.jpg,0.812606,1,1
1507,Jimmy_Carter,Larry_Thompson,swap_Jimmy_Carter_0001_in_Larry_Thompson_0004.jpg,Jimmy_Carter_0001.jpg,Larry_Thompson_0004.jpg,0.090936,0,0
1508,Stanley_Tong,Dick_Clark,swap_Stanley_Tong_0001_in_Dick_Clark_0003.jpg,Stanley_Tong_0001.jpg,Dick_Clark_0003.jpg,0.712585,1,1
1509,Jim_Edmonds,Tony_Curtis,swap_Jim_Edmonds_0001_in_Tony_Curtis_0002.jpg,Jim_Edmonds_0001.jpg,Tony_Curtis_0002.jpg,0.656472,1,1
1510,Sharon_Davis,Augusto_Pinochet,swap_Sharon_Davis_0002_in_Augusto_Pinochet_0001.jpg,Sharon_Davis_0002.jpg,Augusto_Pinochet_0001.jpg,0.705523,1,1
1511,Mathias_Reichhold,Robinson_Stevenin,swap_Mathias_Reichhold_0002_in_Robinson_Stevenin_0001.jpg,Mathias_Reichhold_0002.jpg,Robinson_Stevenin_0001.jpg,0.719838,1,1
1512,Paul_Pierce,Gwyneth_Paltrow,swap_Paul_Pierce_0002_in_Gwyneth_Paltrow_0004.jpg,Paul_Pierce_0002.jpg,Gwyneth_Paltrow_0004.jpg,0.637788,1,1
1513,Rachel_Hunter,Jake_Gyllenhaal,swap_Rachel_Hunter_0001_in_Jake_Gyllenhaal_0001.jpg,Rachel_Hunter_0001.jpg,Jake_Gyllenhaal_0001.jpg,0.812988,1,1
1514,Masahiko_Nagasawa,Richard_Sambrook,swap_Masahiko_Nagasawa_0001_in_Richard_Sambrook_0001.jpg,Masahiko_Nagasawa_0001.jpg,Richard_Sambrook_0001.jpg,0.400215,0,0
1515,Charlotte_Rampling,Dennis_Kozlowski,swap_Charlotte_Rampling_0001_in_Dennis_Kozlowski_0001.jpg,Charlotte_Rampling_0001.jpg,Dennis_Kozlowski_0001.jpg,0.670164,1,1
1516,Carl_Reiner,Luiz_Inacio_Lula_da_Silva,swap_Carl_Reiner_0001_in_Luiz_Inacio_Lula_da_Silva_0007.jpg,Carl_Reiner_0001.jpg,Luiz_Inacio_Lula_da_Silva_0007.jpg,0.740960,1,1
1517,Amanda_Beard,Nan_Wang,swap_Amanda_Beard_0002_in_Nan_Wang_0004.jpg,Amanda_Beard_0002.jpg,Nan_Wang_0004.jpg,0.825068,1,1
1518,Matt_Doherty,Peter_Greenaway,swap_Matt_Doherty_0003_in_Peter_Greenaway_0002.jpg,Matt_Doherty_0003.jpg,Peter_Greenaway_0002.jpg,0.666979,1,1
1519,Anthony_Fauci,Jim_Tressel,swap_Anthony_Fauci_0001_in_Jim_Tressel_0001.jpg,Anthony_Fauci_0001.jpg,Jim_Tressel_0001.jpg,0.756591,1,1
1520,Al_Davis,Elizabeth_Dole,swap_Al_Davis_0002_in_Elizabeth_Dole_0001.jpg,Al_Davis_0002.jpg,Elizabeth_Dole_0001.jpg,0.738953,1,1
1521,Leslie_Ann_Woodward,Wen_Jiabao,swap_Leslie_Ann_Woodward_0001_in_Wen_Jiabao_0006.jpg,Leslie_Ann_Woodward_0001.jpg,Wen_Jiabao_0006.jpg,0.721133,1,1
1522,Milo_Maestrecampo,Sue_Wicks,swap_Milo_Maestrecampo_0002_in_Sue_Wicks_0002.jpg,Milo_Maestrecampo_0002.jpg,Sue_Wicks_0002.jpg,0.771130,1,1
1523,Vitali_Klitschko,Sarah_Hughes,swap_Vitali_Klitschko_0001_in_Sarah_Hughes_0005.jpg,Vitali_Klitschko_0001.jpg,Sarah_Hughes_0005.jpg,0.775368,1,1
1524,Gillian_Anderson,Meghann_Shaughnessy,swap_Gillian_Anderson_0001_in_Meghann_Shaughnessy_0001.jpg,Gillian_Anderson_0001.jpg,Meghann_Shaughnessy_0001.jpg,0.699902,1,1
1525,Hootie_Johnson,Bill_Callahan,swap_Hootie_Johnson_0001_in_Bill_Callahan_0003.jpg,Hootie_Johnson_0001.jpg,Bill_Callahan_0003.jpg,0.692232,1,1
1526,Brian_Griese,Bruce_Springsteen,swap_Brian_Griese_0001_in_Bruce_Springsteen_0004.jpg,Brian_Griese_0001.jpg,Bruce_Springsteen_0004.jpg,0.797304,1,1
1527,Don_Siegelman,Doris_Roberts,swap_Don_Siegelman_0002_in_Doris_Roberts_0003.jpg,Don_Siegelman_0002.jpg,Doris_Roberts_0003.jpg,0.772406,1,1
1528,Peter_Struck,Dennis_Kucinich,swap_Peter_Struck_0005_in_Dennis_Kucinich_0006.jpg,Peter_Struck_0005.jpg,Dennis_Kucinich_0006.jpg,0.657322,1,1
1529,Minnie_Driver,Julia_Tymoshenko,swap_Minnie_Driver_0001_in_Julia_Tymoshenko_0003.jpg,Minnie_Driver_0001.jpg,Julia_Tymoshenko_0003.jpg,0.783340,1,1
1530,Natalie_Cole,Jerry_Regier,swap_Natalie_Cole_0003_in_Jerry_Regier_0004.jpg,Natalie_Cole_0003.jpg,Jerry_Regier_0004.jpg,0.614394,1,1
1531,Sally_Kirkland,Ricky_Barnes,swap_Sally_Kirkland_0004_in_Ricky_Barnes_0001.jpg,Sally_Kirkland_0004.jpg,Ricky_Barnes_0001.jpg,0.811526,1,1
1532,David_Caruso,Vince_Carter,swap_David_Caruso_0001_in_Vince_Carter_0004.jpg,David_Caruso_0001.jpg,Vince_Carter_0004.jpg,0.766544,1,1
1533,Marisa_Tomei,Jason_Kidd,swap_Marisa_Tomei_0001_in_Jason_Kidd_0009.jpg,Marisa_Tomei_0001.jpg,Jason_Kidd_0009.jpg,-0.082598,0,0
1534,Pascal_Lamy,Kobe_Bryant,swap_Pascal_Lamy_0002_in_Kobe_Bryant_0002.jpg,Pascal_Lamy_0002.jpg,Kobe_Bryant_0002.jpg,0.844519,1,1
1535,Mike_Holmgren,James_Cunningham,swap_Mike_Holmgren_0002_in_James_Cunningham_0002.jpg,Mike_Holmgren_0002.jpg,James_Cunningham_0002.jpg,0.740068,1,1
1536,Tim_Robbins,Prince_Naruhito,swap_Tim_Robbins_0004_in_Prince_Naruhito_0003.jpg,Tim_Robbins_0004.jpg,Prince_Naruhito_0003.jpg,0.700312,1,1
1537,James_Caan,Paul_Coppin,swap_James_Caan_0001_in_Paul_Coppin_0001.jpg,James_Caan_0001.jpg,Paul_Coppin_0001.jpg,0.860937,1,1
1538,John_Allen_Muhammad,Tom_Brady,swap_John_Allen_Muhammad_0009_in_Tom_Brady_0002.jpg,John_Allen_Muhammad_0009.jpg,Tom_Brady_0002.jpg,0.765568,1,1
1539,Jesse_James_Leija,Larry_Johnson,swap_Jesse_James_Leija_0002_in_Larry_Johnson_0002.jpg,Jesse_James_Leija_0002.jpg,Larry_Johnson_0002.jpg,0.060232,0,0
1540,Aaron_Peirsol,Shimon_Peres,swap_Aaron_Peirsol_0001_in_Shimon_Peres_0005.jpg,Aaron_Peirsol_0001.jpg,Shimon_Peres_0005.jpg,0.769213,1,1
1541,Owen_Wilson,Alastair_Campbell,swap_Owen_Wilson_0001_in_Alastair_Campbell_0003.jpg,Owen_Wilson_0001.jpg,Alastair_Campbell_0003.jpg,0.000465,0,0
1542,Adolfo_Aguilar_Zinser,Hilary_Duff,swap_Adolfo_Aguilar_Zinser_0001_in_Hilary_Duff_0001.jpg,Adolfo_Aguilar_Zinser_0001.jpg,Hilary_Duff_0001.jpg,0.668256,1,1
1543,Isabelle_Huppert,Alex_Barros,swap_Isabelle_Huppert_0002_in_Alex_Barros_0001.jpg,Isabelle_Huppert_0002.jpg,Alex_Barros_0001.jpg,0.788715,1,1
1544,Brad_Garrett,Anders_Fogh_Rasmussen,swap_Brad_Garrett_0004_in_Anders_Fogh_Rasmussen_0003.jpg,Brad_Garrett_0004.jpg,Anders_Fogh_Rasmussen_0003.jpg,0.805560,1,1
1545,Cristina_Saralegui,Christine_Baumgartner,swap_Cristina_Saralegui_0002_in_Christine_Baumgartner_0003.jpg,Cristina_Saralegui_0002.jpg,Christine_Baumgartner_0003.jpg,0.830697,1,1
1546,Nicholas_Byron,Gary_Locke,swap_Nicholas_Byron_0001_in_Gary_Locke_0002.jpg,Nicholas_Byron_0001.jpg,Gary_Locke_0002.jpg,0.796123,1,1
1547,Yasar_Yakis,Hilary_Duff,swap_Yasar_Yakis_0001_in_Hilary_Duff_0003.jpg,Yasar_Yakis_0001.jpg,Hilary_Duff_0003.jpg,0.656308,1,1
1548,Jong_Thae_Hwa,Nabil_Shaath,swap_Jong_Thae_Hwa_0001_in_Nabil_Shaath_0003.jpg,Jong_Thae_Hwa_0001.jpg,Nabil_Shaath_0003.jpg,0.038847,0,0
1549,Bill_Belichick,Shaul_Mofaz,swap_Bill_Belichick_0002_in_Shaul_Mofaz_0002.jpg,Bill_Belichick_0002.jpg,Shaul_Mofaz_0002.jpg,0.769972,1,1
1550,David_Wells,Lynne_Cheney,swap_David_Wells_0007_in_Lynne_Cheney_0003.jpg,David_Wells_0007.jpg,Lynne_Cheney_0003.jpg,0.660041,1,1
1551,Sally_Ride,Natalie_Cole,swap_Sally_Ride_0001_in_Natalie_Cole_0003.jpg,Sally_Ride_0001.jpg,Natalie_Cole_0003.jpg,0.787148,1,1
1552,Rainer_Schuettler,Hilary_Duff,swap_Rainer_Schuettler_0001_in_Hilary_Duff_0003.jpg,Rainer_Schuettler_0001.jpg,Hilary_Duff_0003.jpg,0.689198,1,1
1553,Woody_Allen,Natalie_Cole,swap_Woody_Allen_0004_in_Natalie_Cole_0001.jpg,Woody_Allen_0004.jpg,Natalie_Cole_0001.jpg,0.037198,0,0
1554,Trent_Lott,Arnaud_Clement,swap_Trent_Lott_0011_in_Arnaud_Clement_0002.jpg,Trent_Lott_0011.jpg,Arnaud_Clement_0002.jpg,0.761281,1,1
1555,Zarai_Toledo,Kevin_Costner,swap_Zarai_Toledo_0002_in_Kevin_Costner_0002.jpg,Zarai_Toledo_0002.jpg,Kevin_Costner_0002.jpg,0.528514,1,0
1556,Tom_Jones,Fabrice_Santoro,swap_Tom_Jones_0001_in_Fabrice_Santoro_0003.jpg,Tom_Jones_0001.jpg,Fabrice_Santoro_0003.jpg,0.807614,1,1
1557,Tony_Stewart,Prince_Edward,swap_Tony_Stewart_0004_in_Prince_Edward_0001.jpg,Tony_Stewart_0004.jpg,Prince_Edward_0001.jpg,0.694944,1,1
1558,Hosni_Mubarak,Mathias_Reichhold,swap_Hosni_Mubarak_0001_in_Mathias_Reichhold_0002.jpg,Hosni_Mubarak_0001.jpg,Mathias_Reichhold_0002.jpg,0.861304,1,1
1559,Michael_Patrick_King,Monica_Seles,swap_Michael_Patrick_King_0001_in_Monica_Seles_0003.jpg,Michael_Patrick_King_0001.jpg,Monica_Seles_0003.jpg,0.774443,1,1
1560,Marilyn_Monroe,Ruth_Dreifuss,swap_Marilyn_Monroe_0001_in_Ruth_Dreifuss_0001.jpg,Marilyn_Monroe_0001.jpg,Ruth_Dreifuss_0001.jpg,0.712763,1,1
1561,Antonio_Banderas,Robert_DeFraites,swap_Antonio_Banderas_0004_in_Robert_DeFraites_0002.jpg,Antonio_Banderas_0004.jpg,Robert_DeFraites_0002.jpg,0.851011,1,1
1562,Terrell_Suggs,Oscar_Elias_Biscet,swap_Terrell_Suggs_0001_in_Oscar_Elias_Biscet_0001.jpg,Terrell_Suggs_0001.jpg,Oscar_Elias_Biscet_0001.jpg,0.842949,1,1
1563,Ken_Watanabe,Harry_Kalas,swap_Ken_Watanabe_0002_in_Harry_Kalas_0001.jpg,Ken_Watanabe_0002.jpg,Harry_Kalas_0001.jpg,0.753948,1,1
1564,Chick_Hearn,Janica_Kostelic,swap_Chick_Hearn_0001_in_Janica_Kostelic_0002.jpg,Chick_Hearn_0001.jpg,Janica_Kostelic_0002.jpg,0.699227,1,1
1565,Nancy_Demme,Susie_Castillo,swap_Nancy_Demme_0001_in_Susie_Castillo_0002.jpg,Nancy_Demme_0001.jpg,Susie_Castillo_0002.jpg,0.743721,1,1
1566,Gerhard_Schroeder,Blythe_Danner,swap_Gerhard_Schroeder_0052_in_Blythe_Danner_0002.jpg,Gerhard_Schroeder_0052.jpg,Blythe_Danner_0002.jpg,0.756616,1,1
1567,Tommy_Thompson,Ruth_Dreifuss,swap_Tommy_Thompson_0003_in_Ruth_Dreifuss_0001.jpg,Tommy_Thompson_0003.jpg,Ruth_Dreifuss_0001.jpg,0.754794,1,1
1568,Lou_Piniella,Miroljub,swap_Lou_Piniella_0001_in_Miroljub_0002.jpg,Lou_Piniella_0001.jpg,Miroljub_0002.jpg,0.736815,1,1
1569,Johnny_Tapia,Ricardo_Maduro,swap_Johnny_Tapia_0003_in_Ricardo_Maduro_0001.jpg,Johnny_Tapia_0003.jpg,Ricardo_Maduro_0001.jpg,0.759853,1,1
1570,Mohamed_Benaissa,Paul_Wolfowitz,swap_Mohamed_Benaissa_0001_in_Paul_Wolfowitz_0004.jpg,Mohamed_Benaissa_0001.jpg,Paul_Wolfowitz_0004.jpg,0.755270,1,1
1571,Benjamin_Netanyahu,Gisele_Bundchen,swap_Benjamin_Netanyahu_0004_in_Gisele_Bundchen_0002.jpg,Benjamin_Netanyahu_0004.jpg,Gisele_Bundchen_0002.jpg,0.814558,1,1
1572,Rodrigo_Borja,Nastassia_Kinski,swap_Rodrigo_Borja_0001_in_Nastassia_Kinski_0001.jpg,Rodrigo_Borja_0001.jpg,Nastassia_Kinski_0001.jpg,0.703934,1,1
1573,Robert_Blackwill,Judi_Dench,swap_Robert_Blackwill_0002_in_Judi_Dench_0002.jpg,Robert_Blackwill_0002.jpg,Judi_Dench_0002.jpg,0.792072,1,1
1574,Jeff_Van_Gundy,Donald_Fehr,swap_Jeff_Van_Gundy_0002_in_Donald_Fehr_0003.jpg,Jeff_Van_Gundy_0002.jpg,Donald_Fehr_0003.jpg,0.794343,1,1
1575,Osama_bin_Laden,Richard_Crenna,swap_Osama_bin_Laden_0001_in_Richard_Crenna_0002.jpg,Osama_bin_Laden_0001.jpg,Richard_Crenna_0002.jpg,0.758226,1,1
1576,David_Hyde_Pierce,Jeffrey_Immelt,swap_David_Hyde_Pierce_0004_in_Jeffrey_Immelt_0001.jpg,David_Hyde_Pierce_0004.jpg,Jeffrey_Immelt_0001.jpg,0.788554,1,1
1577,King_Abdullah_II,Anibal_Ibarra,swap_King_Abdullah_II_0002_in_Anibal_Ibarra_0001.jpg,King_Abdullah_II_0002.jpg,Anibal_Ibarra_0001.jpg,0.772160,1,1
1578,Roger_Clemens,Joe_Torre,swap_Roger_Clemens_0001_in_Joe_Torre_0001.jpg,Roger_Clemens_0001.jpg,Joe_Torre_0001.jpg,0.675416,1,1
1579,Carlos_Quintanilla_Schmidt,Steve_Park,swap_Carlos_Quintanilla_Schmidt_0001_in_Steve_Park_0001.jpg,Carlos_Quintanilla_Schmidt_0001.jpg,Steve_Park_0001.jpg,0.739429,1,1
1580,Pete_Carroll,Claudia_Pechstein,swap_Pete_Carroll_0002_in_Claudia_Pechstein_0001.jpg,Pete_Carroll_0002.jpg,Claudia_Pechstein_0001.jpg,0.718198,1,1
1581,Jean-Francois_Pontal,Roy_Williams,swap_Jean-Francois_Pontal_0001_in_Roy_Williams_0003.jpg,Jean-Francois_Pontal_0001.jpg,Roy_Williams_0003.jpg,0.757204,1,1
1582,Lance_Bass,Liam_Neeson,swap_Lance_Bass_0001_in_Liam_Neeson_0002.jpg,Lance_Bass_0001.jpg,Liam_Neeson_0002.jpg,0.804228,1,1
1583,Elizabeth_Hurley,Steve_Spurrier,swap_Elizabeth_Hurley_0005_in_Steve_Spurrier_0001.jpg,Elizabeth_Hurley_0005.jpg,Steve_Spurrier_0001.jpg,0.806156,1,1
1584,Edward_Said,Michelle_Yeoh,swap_Edward_Said_0002_in_Michelle_Yeoh_0005.jpg,Edward_Said_0002.jpg,Michelle_Yeoh_0005.jpg,0.772443,1,1
1585,Luis_Ernesto_Derbez_Bautista,Peter_Bacanovic,swap_Luis_Ernesto_Derbez_Bautista_0006_in_Peter_Bacanovic_0001.jpg,Luis_Ernesto_Derbez_Bautista_0006.jpg,Peter_Bacanovic_0001.jpg,0.838408,1,1
1586,Rudolph_Giuliani,S_Jayakumar,swap_Rudolph_Giuliani_0022_in_S_Jayakumar_0001.jpg,Rudolph_Giuliani_0022.jpg,S_Jayakumar_0001.jpg,0.809199,1,1
1587,John_Blaney,Nicholas_Tse,swap_John_Blaney_0001_in_Nicholas_Tse_0002.jpg,John_Blaney_0001.jpg,Nicholas_Tse_0002.jpg,0.701079,1,1
1588,David_Leahy,Arye_Mekel,swap_David_Leahy_0002_in_Arye_Mekel_0001.jpg,David_Leahy_0002.jpg,Arye_Mekel_0001.jpg,0.777298,1,1
1589,Vicente_Fox,Russell_Coutts,swap_Vicente_Fox_0018_in_Russell_Coutts_0001.jpg,Vicente_Fox_0018.jpg,Russell_Coutts_0001.jpg,0.756483,1,1
1590,Lenny_Wilkens,Richard_Branson,swap_Lenny_Wilkens_0001_in_Richard_Branson_0001.jpg,Lenny_Wilkens_0001.jpg,Richard_Branson_0001.jpg,0.754901,1,1
1591,John_Ruiz,Richie_Adubato,swap_John_Ruiz_0002_in_Richie_Adubato_0002.jpg,John_Ruiz_0002.jpg,Richie_Adubato_0002.jpg,0.732290,1,1
1592,Carla_Del_Ponte,Alec_Baldwin,swap_Carla_Del_Ponte_0003_in_Alec_Baldwin_0004.jpg,Carla_Del_Ponte_0003.jpg,Alec_Baldwin_0004.jpg,0.708965,1,1
1593,Fernando_Henrique_Cardoso,John_Jumper,swap_Fernando_Henrique_Cardoso_0002_in_John_Jumper_0002.jpg,Fernando_Henrique_Cardoso_0002.jpg,John_Jumper_0002.jpg,0.735498,1,1
1594,Luis_Horna,Ozzy_Osbourne,swap_Luis_Horna_0005_in_Ozzy_Osbourne_0001.jpg,Luis_Horna_0005.jpg,Ozzy_Osbourne_0001.jpg,0.596630,1,0
1595,Dick_Vermeil,Eddy_Merckx,swap_Dick_Vermeil_0002_in_Eddy_Merckx_0001.jpg,Dick_Vermeil_0002.jpg,Eddy_Merckx_0001.jpg,0.710246,1,1
1596,Andrew_Cuomo,Garry_Trudeau,swap_Andrew_Cuomo_0002_in_Garry_Trudeau_0002.jpg,Andrew_Cuomo_0002.jpg,Garry_Trudeau_0002.jpg,0.752536,1,1
1597,Magdalena_Maleeva,John_Warner,swap_Magdalena_Maleeva_0003_in_John_Warner_0002.jpg,Magdalena_Maleeva_0003.jpg,John_Warner_0002.jpg,0.074891,0,0
1598,Albrecht_Mentz,Jean_Chretien,swap_Albrecht_Mentz_0002_in_Jean_Chretien_0023.jpg,Albrecht_Mentz_0002.jpg,Jean_Chretien_0023.jpg,0.775060,1,1
1599,Peter_Struck,Hisao_Oguchi,swap_Peter_Struck_0002_in_Hisao_Oguchi_0002.jpg,Peter_Struck_0002.jpg,Hisao_Oguchi_0002.jpg,0.635542,1,1
1600,Yashwant_Sinha,Ashton_Kutcher,swap_Yashwant_Sinha_0006_in_Ashton_Kutcher_0002.jpg,Yashwant_Sinha_0006.jpg,Ashton_Kutcher_0002.jpg,0.728161,1,1
1601,John_Rigas,Yu_Shyi-kun,swap_John_Rigas_0001_in_Yu_Shyi-kun_0003.jpg,John_Rigas_0001.jpg,Yu_Shyi-kun_0003.jpg,0.652784,1,1
1602,Evander_Holyfield,Conan_OBrien,swap_Evander_Holyfield_0002_in_Conan_OBrien_0004.jpg,Evander_Holyfield_0002.jpg,Conan_OBrien_0004.jpg,0.746655,1,1
1603,Richard_Haass,Christian_Wulff,swap_Richard_Haass_0001_in_Christian_Wulff_0002.jpg,Richard_Haass_0001.jpg,Christian_Wulff_0002.jpg,0.813259,1,1
1604,Mary-Kate_Olsen,Robert_Mugabe,swap_Mary-Kate_Olsen_0003_in_Robert_Mugabe_0001.jpg,Mary-Kate_Olsen_0003.jpg,Robert_Mugabe_0001.jpg,0.775759,1,1
1605,Julie_Taymor,Franko_Simatovic,swap_Julie_Taymor_0001_in_Franko_Simatovic_0002.jpg,Julie_Taymor_0001.jpg,Franko_Simatovic_0002.jpg,0.702488,1,1
1606,Imad_Moustapha,Patrick_Stewart,swap_Imad_Moustapha_0002_in_Patrick_Stewart_0002.jpg,Imad_Moustapha_0002.jpg,Patrick_Stewart_0002.jpg,0.816490,1,1
1607,Michael_Winterbottom,Cherie_Blair,swap_Michael_Winterbottom_0001_in_Cherie_Blair_0002.jpg,Michael_Winterbottom_0001.jpg,Cherie_Blair_0002.jpg,0.713827,1,1
1608,Nestor_Kirchner,Michael_Schumacher,swap_Nestor_Kirchner_0013_in_Michael_Schumacher_0005.jpg,Nestor_Kirchner_0013.jpg,Michael_Schumacher_0005.jpg,0.803964,1,1
1609,Iain_Duncan_Smith,Roman_Polanski,swap_Iain_Duncan_Smith_0002_in_Roman_Polanski_0004.jpg,Iain_Duncan_Smith_0002.jpg,Roman_Polanski_0004.jpg,0.780249,1,1
1610,Tom_Jones,Claire_Danes,swap_Tom_Jones_0001_in_Claire_Danes_0002.jpg,Tom_Jones_0001.jpg,Claire_Danes_0002.jpg,0.789148,1,1
1611,Barry_Zito,Milo_Djukanovic,swap_Barry_Zito_0001_in_Milo_Djukanovic_0001.jpg,Barry_Zito_0001.jpg,Milo_Djukanovic_0001.jpg,0.792471,1,1
1612,JK_Rowling,Claire_Hentzen,swap_JK_Rowling_0006_in_Claire_Hentzen_0001.jpg,JK_Rowling_0006.jpg,Claire_Hentzen_0001.jpg,0.746317,1,1
1613,Todd_Haynes,Jack_Nicholson,swap_Todd_Haynes_0004_in_Jack_Nicholson_0002.jpg,Todd_Haynes_0004.jpg,Jack_Nicholson_0002.jpg,0.750329,1,1
1614,Holly_Hunter,Kobe_Bryant,swap_Holly_Hunter_0006_in_Kobe_Bryant_0003.jpg,Holly_Hunter_0006.jpg,Kobe_Bryant_0003.jpg,0.761690,1,1
1615,Steve_Mariucci,Greg_Gilbert,swap_Steve_Mariucci_0001_in_Greg_Gilbert_0001.jpg,Steve_Mariucci_0001.jpg,Greg_Gilbert_0001.jpg,0.831842,1,1
1616,Candie_Kung,Cherie_Blair,swap_Candie_Kung_0002_in_Cherie_Blair_0001.jpg,Candie_Kung_0002.jpg,Cherie_Blair_0001.jpg,0.757015,1,1
1617,Tim_Curry,Paul_ONeill,swap_Tim_Curry_0002_in_Paul_ONeill_0004.jpg,Tim_Curry_0002.jpg,Paul_ONeill_0004.jpg,0.754021,1,1
1618,Oxana_Fedorova,Fidel_Castro,swap_Oxana_Fedorova_0002_in_Fidel_Castro_0001.jpg,Oxana_Fedorova_0002.jpg,Fidel_Castro_0001.jpg,0.745832,1,1
1619,Jesse_Harris,Bill_Gates,swap_Jesse_Harris_0003_in_Bill_Gates_0016.jpg,Jesse_Harris_0003.jpg,Bill_Gates_0016.jpg,0.741932,1,1
1620,Chris_Bell,Marilyn_Monroe,swap_Chris_Bell_0002_in_Marilyn_Monroe_0002.jpg,Chris_Bell_0002.jpg,Marilyn_Monroe_0002.jpg,0.763155,1,1
1621,Diane_Green,John_Rosa,swap_Diane_Green_0002_in_John_Rosa_0002.jpg,Diane_Green_0002.jpg,John_Rosa_0002.jpg,0.014277,0,0
1622,Christian_Wulff,Daryl_Hannah,swap_Christian_Wulff_0001_in_Daryl_Hannah_0001.jpg,Christian_Wulff_0001.jpg,Daryl_Hannah_0001.jpg,0.645944,1,1
1623,Amanda_Bynes,Joseph_Blatter,swap_Amanda_Bynes_0001_in_Joseph_Blatter_0002.jpg,Amanda_Bynes_0001.jpg,Joseph_Blatter_0002.jpg,0.761196,1,1
1624,Juanes,Ernie_Eves,swap_Juanes_0003_in_Ernie_Eves_0001.jpg,Juanes_0003.jpg,Ernie_Eves_0001.jpg,0.720840,1,1
1625,Thomas_Bjorn,Edwin_Edwards,swap_Thomas_Bjorn_0001_in_Edwin_Edwards_0001.jpg,Thomas_Bjorn_0001.jpg,Edwin_Edwards_0001.jpg,0.779805,1,1
1626,Kim_Ryong-sung,Paula_Zahn,swap_Kim_Ryong-sung_0008_in_Paula_Zahn_0002.jpg,Kim_Ryong-sung_0008.jpg,Paula_Zahn_0002.jpg,0.734680,1,1
1627,Laurent_Gbagbo,Garry_Kasparov,swap_Laurent_Gbagbo_0002_in_Garry_Kasparov_0002.jpg,Laurent_Gbagbo_0002.jpg,Garry_Kasparov_0002.jpg,0.717386,1,1
1628,Tony_Curtis,Andy_Roddick,swap_Tony_Curtis_0002_in_Andy_Roddick_0012.jpg,Tony_Curtis_0002.jpg,Andy_Roddick_0012.jpg,0.757476,1,1
1629,Inam-ul-Haq,Johnny_Carson,swap_Inam-ul-Haq_0001_in_Johnny_Carson_0001.jpg,Inam-ul-Haq_0001.jpg,Johnny_Carson_0001.jpg,0.604945,1,1
1630,Larry_Coker,Lauren_Hutton,swap_Larry_Coker_0001_in_Lauren_Hutton_0001.jpg,Larry_Coker_0001.jpg,Lauren_Hutton_0001.jpg,0.841160,1,1
1631,Martina_Hingis,Michael_Keaton,swap_Martina_Hingis_0002_in_Michael_Keaton_0001.jpg,Martina_Hingis_0002.jpg,Michael_Keaton_0001.jpg,0.654489,1,1
1632,Milo_Maestrecampo,John_Rosa,swap_Milo_Maestrecampo_0003_in_John_Rosa_0003.jpg,Milo_Maestrecampo_0003.jpg,John_Rosa_0003.jpg,0.840672,1,1
1633,Anthony_Fauci,Don_Siegelman,swap_Anthony_Fauci_0002_in_Don_Siegelman_0004.jpg,Anthony_Fauci_0002.jpg,Don_Siegelman_0004.jpg,0.745964,1,1
1634,Jon_Voight,Horst_Koehler,swap_Jon_Voight_0002_in_Horst_Koehler_0002.jpg,Jon_Voight_0002.jpg,Horst_Koehler_0002.jpg,0.807147,1,1
1635,David_Caraway,Karen_Mok,swap_David_Caraway_0002_in_Karen_Mok_0001.jpg,David_Caraway_0002.jpg,Karen_Mok_0001.jpg,0.740849,1,1
1636,Ron_Howard,Martin_McGuinness,swap_Ron_Howard_0001_in_Martin_McGuinness_0004.jpg,Ron_Howard_0001.jpg,Martin_McGuinness_0004.jpg,0.732003,1,1
1637,Ray_Allen,Larry_Ellison,swap_Ray_Allen_0001_in_Larry_Ellison_0003.jpg,Ray_Allen_0001.jpg,Larry_Ellison_0003.jpg,0.799672,1,1
1638,Mariangel_Ruiz_Torrealba,Carlos_Ruiz,swap_Mariangel_Ruiz_Torrealba_0001_in_Carlos_Ruiz_0003.jpg,Mariangel_Ruiz_Torrealba_0001.jpg,Carlos_Ruiz_0003.jpg,0.834867,1,1
1639,Rupert_Murdoch,Michelle_Yeoh,swap_Rupert_Murdoch_0001_in_Michelle_Yeoh_0004.jpg,Rupert_Murdoch_0001.jpg,Michelle_Yeoh_0004.jpg,0.731561,1,1
1640,Jude_Law,James_Caan,swap_Jude_Law_0002_in_James_Caan_0001.jpg,Jude_Law_0002.jpg,James_Caan_0001.jpg,0.763716,1,1
1641,Dennis_Kucinich,Larry_Thompson,swap_Dennis_Kucinich_0005_in_Larry_Thompson_0002.jpg,Dennis_Kucinich_0005.jpg,Larry_Thompson_0002.jpg,0.805836,1,1
1642,Latrell_Sprewell,Bob_Huggins,swap_Latrell_Sprewell_0002_in_Bob_Huggins_0003.jpg,Latrell_Sprewell_0002.jpg,Bob_Huggins_0003.jpg,0.590106,1,0
1643,Roseanne_Barr,Rebekah_Chantay_Revels,swap_Roseanne_Barr_0003_in_Rebekah_Chantay_Revels_0002.jpg,Roseanne_Barr_0003.jpg,Rebekah_Chantay_Revels_0002.jpg,0.740649,1,1
1644,Sergio_Garcia,Stanley_McChrystal,swap_Sergio_Garcia_0001_in_Stanley_McChrystal_0001.jpg,Sergio_Garcia_0001.jpg,Stanley_McChrystal_0001.jpg,0.733110,1,1
1645,Carly_Fiorina,Sammy_Sosa,swap_Carly_Fiorina_0002_in_Sammy_Sosa_0002.jpg,Carly_Fiorina_0002.jpg,Sammy_Sosa_0002.jpg,0.746596,1,1
1646,Blythe_Danner,Masum_Turker,swap_Blythe_Danner_0002_in_Masum_Turker_0003.jpg,Blythe_Danner_0002.jpg,Masum_Turker_0003.jpg,0.685191,1,1
1647,Vidar_Helgesen,Markus_Naslund,swap_Vidar_Helgesen_0001_in_Markus_Naslund_0002.jpg,Vidar_Helgesen_0001.jpg,Markus_Naslund_0002.jpg,0.778356,1,1
1648,Mike_Krzyzewski,John_Jumper,swap_Mike_Krzyzewski_0001_in_John_Jumper_0001.jpg,Mike_Krzyzewski_0001.jpg,John_Jumper_0001.jpg,0.864449,1,1
1649,Janet_Napolitano,Morgan_Freeman,swap_Janet_Napolitano_0002_in_Morgan_Freeman_0001.jpg,Janet_Napolitano_0002.jpg,Morgan_Freeman_0001.jpg,0.858542,1,1
1650,Ciro_Gomes,Dennis_Kucinich,swap_Ciro_Gomes_0001_in_Dennis_Kucinich_0004.jpg,Ciro_Gomes_0001.jpg,Dennis_Kucinich_0004.jpg,0.825452,1,1
1651,Hugo_Chavez,Ian_McKellen,swap_Hugo_Chavez_0058_in_Ian_McKellen_0002.jpg,Hugo_Chavez_0058.jpg,Ian_McKellen_0002.jpg,0.777178,1,1
1652,Petro_Symonenko,Derek_Lowe,swap_Petro_Symonenko_0001_in_Derek_Lowe_0001.jpg,Petro_Symonenko_0001.jpg,Derek_Lowe_0001.jpg,0.767399,1,1
1653,Edward_Lu,Abdullatif_Sener,swap_Edward_Lu_0005_in_Abdullatif_Sener_0002.jpg,Edward_Lu_0005.jpg,Abdullatif_Sener_0002.jpg,0.746591,1,1
1654,Akhmed_Zakayev,Lawrence_MacAulay,swap_Akhmed_Zakayev_0002_in_Lawrence_MacAulay_0002.jpg,Akhmed_Zakayev_0002.jpg,Lawrence_MacAulay_0002.jpg,0.845895,1,1
1655,Michel_Therrien,Winona_Ryder,swap_Michel_Therrien_0001_in_Winona_Ryder_0020.jpg,Michel_Therrien_0001.jpg,Winona_Ryder_0020.jpg,0.776977,1,1
1656,Manuel_Poggiali,Frank_Dunham_Jr,swap_Manuel_Poggiali_0001_in_Frank_Dunham_Jr_0002.jpg,Manuel_Poggiali_0001.jpg,Frank_Dunham_Jr_0002.jpg,0.769342,1,1
1657,Larry_Thompson,Joseph_Ralston,swap_Larry_Thompson_0004_in_Joseph_Ralston_0001.jpg,Larry_Thompson_0004.jpg,Joseph_Ralston_0001.jpg,0.717321,1,1
1658,Pat_Cox,Pascal_Quignard,swap_Pat_Cox_0001_in_Pascal_Quignard_0001.jpg,Pat_Cox_0001.jpg,Pascal_Quignard_0001.jpg,0.816655,1,1
1659,Mick_Jagger,Guillaume_Soro,swap_Mick_Jagger_0005_in_Guillaume_Soro_0001.jpg,Mick_Jagger_0005.jpg,Guillaume_Soro_0001.jpg,0.792956,1,1
1660,Anthony_Fauci,Dick_Cheney,swap_Anthony_Fauci_0001_in_Dick_Cheney_0001.jpg,Anthony_Fauci_0001.jpg,Dick_Cheney_0001.jpg,0.752446,1,1
1661,Ricardo_Sanchez,Jefferson_Perez,swap_Ricardo_Sanchez_0001_in_Jefferson_Perez_0001.jpg,Ricardo_Sanchez_0001.jpg,Jefferson_Perez_0001.jpg,0.618931,1,1
1662,Amanda_Bynes,Rita_Grande,swap_Amanda_Bynes_0003_in_Rita_Grande_0002.jpg,Amanda_Bynes_0003.jpg,Rita_Grande_0002.jpg,0.712278,1,1
1663,Bob_Colvin,Anthony_Fauci,swap_Bob_Colvin_0001_in_Anthony_Fauci_0002.jpg,Bob_Colvin_0001.jpg,Anthony_Fauci_0002.jpg,0.812760,1,1
1664,Dennis_Kozlowski,Daniel_Radcliffe,swap_Dennis_Kozlowski_0002_in_Daniel_Radcliffe_0002.jpg,Dennis_Kozlowski_0002.jpg,Daniel_Radcliffe_0002.jpg,0.656747,1,1
1665,Laura_Bush,Tammy_Lynn_Michaels,swap_Laura_Bush_0038_in_Tammy_Lynn_Michaels_0002.jpg,Laura_Bush_0038.jpg,Tammy_Lynn_Michaels_0002.jpg,0.784115,1,1
1666,Ana_Guevara,Boris_Becker,swap_Ana_Guevara_0007_in_Boris_Becker_0003.jpg,Ana_Guevara_0007.jpg,Boris_Becker_0003.jpg,0.802155,1,1
1667,James_Butts,Jo_Dee_Messina,swap_James_Butts_0002_in_Jo_Dee_Messina_0001.jpg,James_Butts_0002.jpg,Jo_Dee_Messina_0001.jpg,0.734180,1,1
1668,Thomas_Malchow,Katie_Harman,swap_Thomas_Malchow_0001_in_Katie_Harman_0002.jpg,Thomas_Malchow_0001.jpg,Katie_Harman_0002.jpg,0.826760,1,1
1669,Liam_Neeson,Chris_Byrd,swap_Liam_Neeson_0001_in_Chris_Byrd_0002.jpg,Liam_Neeson_0001.jpg,Chris_Byrd_0002.jpg,0.737764,1,1
1670,James_Parker,Maureen_Fanning,swap_James_Parker_0002_in_Maureen_Fanning_0001.jpg,James_Parker_0002.jpg,Maureen_Fanning_0001.jpg,0.628985,1,1
1671,Rupert_Murdoch,Elizabeth_Hurley,swap_Rupert_Murdoch_0001_in_Elizabeth_Hurley_0001.jpg,Rupert_Murdoch_0001.jpg,Elizabeth_Hurley_0001.jpg,0.706252,1,1
1672,Nancy_Demme,Slobodan_Milosevic,swap_Nancy_Demme_0001_in_Slobodan_Milosevic_0004.jpg,Nancy_Demme_0001.jpg,Slobodan_Milosevic_0004.jpg,0.757236,1,1
1673,Sheila_Copps,Roman_Polanski,swap_Sheila_Copps_0003_in_Roman_Polanski_0004.jpg,Sheila_Copps_0003.jpg,Roman_Polanski_0004.jpg,0.859450,1,1
1674,Paul_Coppin,Iva_Majoli,swap_Paul_Coppin_0002_in_Iva_Majoli_0002.jpg,Paul_Coppin_0002.jpg,Iva_Majoli_0002.jpg,0.755720,1,1
1675,Charlotte_Rampling,Paul_Tagliabue,swap_Charlotte_Rampling_0002_in_Paul_Tagliabue_0004.jpg,Charlotte_Rampling_0002.jpg,Paul_Tagliabue_0004.jpg,0.059327,0,0
1676,Makhdoom_Amin_Fahim,Wolfgang_Schuessel,swap_Makhdoom_Amin_Fahim_0001_in_Wolfgang_Schuessel_0002.jpg,Makhdoom_Amin_Fahim_0001.jpg,Wolfgang_Schuessel_0002.jpg,0.711336,1,1
1677,Sarah_Jessica_Parker,Harry_Schmidt,swap_Sarah_Jessica_Parker_0002_in_Harry_Schmidt_0001.jpg,Sarah_Jessica_Parker_0002.jpg,Harry_Schmidt_0001.jpg,0.786602,1,1
1678,Carson_Daly,Alexander_Rumyantsev,swap_Carson_Daly_0002_in_Alexander_Rumyantsev_0001.jpg,Carson_Daly_0002.jpg,Alexander_Rumyantsev_0001.jpg,0.799903,1,1
1679,Steve_Ballmer,Elin_Nordegren,swap_Steve_Ballmer_0003_in_Elin_Nordegren_0002.jpg,Steve_Ballmer_0003.jpg,Elin_Nordegren_0002.jpg,0.811346,1,1
1680,Judi_Dench,Anna_Kournikova,swap_Judi_Dench_0002_in_Anna_Kournikova_0006.jpg,Judi_Dench_0002.jpg,Anna_Kournikova_0006.jpg,0.807560,1,1
1681,Mitoji_Yabunaka,William_Martin,swap_Mitoji_Yabunaka_0001_in_William_Martin_0001.jpg,Mitoji_Yabunaka_0001.jpg,William_Martin_0001.jpg,0.769972,1,1
1682,Rachel_Griffiths,Eduardo_Duhalde,swap_Rachel_Griffiths_0003_in_Eduardo_Duhalde_0005.jpg,Rachel_Griffiths_0003.jpg,Eduardo_Duhalde_0005.jpg,0.719035,1,1
1683,George_HW_Bush,Victoria_Beckham,swap_George_HW_Bush_0002_in_Victoria_Beckham_0002.jpg,George_HW_Bush_0002.jpg,Victoria_Beckham_0002.jpg,0.737694,1,1
1684,Hideki_Matsui,Mark_Geragos,swap_Hideki_Matsui_0002_in_Mark_Geragos_0001.jpg,Hideki_Matsui_0002.jpg,Mark_Geragos_0001.jpg,0.662632,1,1
1685,Carly_Fiorina,Roger_Federer,swap_Carly_Fiorina_0002_in_Roger_Federer_0006.jpg,Carly_Fiorina_0002.jpg,Roger_Federer_0006.jpg,0.782686,1,1
1686,Johnson_Panjaitan,Sheila_Fraser,swap_Johnson_Panjaitan_0001_in_Sheila_Fraser_0001.jpg,Johnson_Panjaitan_0001.jpg,Sheila_Fraser_0001.jpg,0.803785,1,1
1687,Dorthy_Moxley,James_Smith,swap_Dorthy_Moxley_0002_in_James_Smith_0002.jpg,Dorthy_Moxley_0002.jpg,James_Smith_0002.jpg,-0.029086,0,0
1688,Lindsey_Graham,Vojislav_Kostunica,swap_Lindsey_Graham_0001_in_Vojislav_Kostunica_0006.jpg,Lindsey_Graham_0001.jpg,Vojislav_Kostunica_0006.jpg,0.836197,1,1
1689,Chris_Tucker,Lucio_Gutierrez,swap_Chris_Tucker_0001_in_Lucio_Gutierrez_0011.jpg,Chris_Tucker_0001.jpg,Lucio_Gutierrez_0011.jpg,0.784685,1,1
1690,Leander_Paes,Michael_Jackson,swap_Leander_Paes_0002_in_Michael_Jackson_0008.jpg,Leander_Paes_0002.jpg,Michael_Jackson_0008.jpg,0.842037,1,1
1691,Vaclav_Havel,Yossi_Beilin,swap_Vaclav_Havel_0007_in_Yossi_Beilin_0001.jpg,Vaclav_Havel_0007.jpg,Yossi_Beilin_0001.jpg,0.804741,1,1
1692,Mary_Carey,Hichiro_Naemura,swap_Mary_Carey_0003_in_Hichiro_Naemura_0001.jpg,Mary_Carey_0003.jpg,Hichiro_Naemura_0001.jpg,0.740589,1,1
1693,Elisabeth_Schumacher,Natalie_Maines,swap_Elisabeth_Schumacher_0002_in_Natalie_Maines_0003.jpg,Elisabeth_Schumacher_0002.jpg,Natalie_Maines_0003.jpg,0.775317,1,1
1694,Barbra_Streisand,Clint_Eastwood,swap_Barbra_Streisand_0002_in_Clint_Eastwood_0001.jpg,Barbra_Streisand_0002.jpg,Clint_Eastwood_0001.jpg,0.714550,1,1
1695,Javier_Weber,John_Allen_Muhammad,swap_Javier_Weber_0003_in_John_Allen_Muhammad_0009.jpg,Javier_Weber_0003.jpg,John_Allen_Muhammad_0009.jpg,0.780772,1,1
1696,David_Bell,Nan_Wang,swap_David_Bell_0002_in_Nan_Wang_0002.jpg,David_Bell_0002.jpg,Nan_Wang_0002.jpg,0.805364,1,1
1697,Oscar_Elias_Biscet,Caroline_Kennedy,swap_Oscar_Elias_Biscet_0002_in_Caroline_Kennedy_0003.jpg,Oscar_Elias_Biscet_0002.jpg,Caroline_Kennedy_0003.jpg,0.794138,1,1
1698,Isabelle_Huppert,Scott_McClellan,swap_Isabelle_Huppert_0001_in_Scott_McClellan_0003.jpg,Isabelle_Huppert_0001.jpg,Scott_McClellan_0003.jpg,0.756040,1,1
1699,Judi_Dench,Bo_Ryan,swap_Judi_Dench_0002_in_Bo_Ryan_0001.jpg,Judi_Dench_0002.jpg,Bo_Ryan_0001.jpg,0.807861,1,1
1700,Joe_Gatti,Larry_Ellison,swap_Joe_Gatti_0002_in_Larry_Ellison_0001.jpg,Joe_Gatti_0002.jpg,Larry_Ellison_0001.jpg,0.773758,1,1
1701,Matt_Dillon,Hisao_Oguchi,swap_Matt_Dillon_0001_in_Hisao_Oguchi_0001.jpg,Matt_Dillon_0001.jpg,Hisao_Oguchi_0001.jpg,0.766744,1,1
1702,Joerg_Haider,Valdas_Adamkus,swap_Joerg_Haider_0001_in_Valdas_Adamkus_0001.jpg,Joerg_Haider_0001.jpg,Valdas_Adamkus_0001.jpg,0.083679,0,0
1703,Bono,Kofi_Annan,swap_Bono_0003_in_Kofi_Annan_0002.jpg,Bono_0003.jpg,Kofi_Annan_0002.jpg,0.664510,1,1
1704,Warren_Beatty,Ludivine_Sagnier,swap_Warren_Beatty_0001_in_Ludivine_Sagnier_0002.jpg,Warren_Beatty_0001.jpg,Ludivine_Sagnier_0002.jpg,0.774782,1,1
1705,Jay_Leno,Luis_Figo,swap_Jay_Leno_0003_in_Luis_Figo_0003.jpg,Jay_Leno_0003.jpg,Luis_Figo_0003.jpg,0.755476,1,1
1706,Tony_Blair,James_Kopp,swap_Tony_Blair_0037_in_James_Kopp_0001.jpg,Tony_Blair_0037.jpg,James_Kopp_0001.jpg,0.729962,1,1
1707,Martin_McCauley,Robert_Horan,swap_Martin_McCauley_0001_in_Robert_Horan_0001.jpg,Martin_McCauley_0001.jpg,Robert_Horan_0001.jpg,0.771535,1,1
1708,Sheila_Fraser,Ana_Palacio,swap_Sheila_Fraser_0002_in_Ana_Palacio_0007.jpg,Sheila_Fraser_0002.jpg,Ana_Palacio_0007.jpg,0.015721,0,0
1709,Sean_Hayes,Mary_Steenburgen,swap_Sean_Hayes_0001_in_Mary_Steenburgen_0001.jpg,Sean_Hayes_0001.jpg,Mary_Steenburgen_0001.jpg,0.731554,1,1
1710,Ibrahim_Jaafari,Angelo_Reyes,swap_Ibrahim_Jaafari_0001_in_Angelo_Reyes_0003.jpg,Ibrahim_Jaafari_0001.jpg,Angelo_Reyes_0003.jpg,0.026763,0,0
1711,Leonid_Kuchma,Anna_Nicole_Smith,swap_Leonid_Kuchma_0001_in_Anna_Nicole_Smith_0002.jpg,Leonid_Kuchma_0001.jpg,Anna_Nicole_Smith_0002.jpg,0.759200,1,1
1712,Alex_Sink,Natalie_Maines,swap_Alex_Sink_0002_in_Natalie_Maines_0002.jpg,Alex_Sink_0002.jpg,Natalie_Maines_0002.jpg,0.839461,1,1
1713,Jacques_Rogge,Edmund_Stoiber,swap_Jacques_Rogge_0004_in_Edmund_Stoiber_0005.jpg,Jacques_Rogge_0004.jpg,Edmund_Stoiber_0005.jpg,0.793311,1,1
1714,Gregory_Hines,Mian_Khursheed_Mehmood_Kasuri,swap_Gregory_Hines_0002_in_Mian_Khursheed_Mehmood_Kasuri_0004.jpg,Gregory_Hines_0002.jpg,Mian_Khursheed_Mehmood_Kasuri_0004.jpg,0.816548,1,1
1715,Robby_Ginepri,Carolyn_Dawn_Johnson,swap_Robby_Ginepri_0002_in_Carolyn_Dawn_Johnson_0001.jpg,Robby_Ginepri_0002.jpg,Carolyn_Dawn_Johnson_0001.jpg,0.710888,1,1
1716,Dai_Bachtiar,Greg_Gilbert,swap_Dai_Bachtiar_0001_in_Greg_Gilbert_0001.jpg,Dai_Bachtiar_0001.jpg,Greg_Gilbert_0001.jpg,0.845463,1,1
1717,Peter_Bacanovic,Mitchell_Daniels,swap_Peter_Bacanovic_0001_in_Mitchell_Daniels_0002.jpg,Peter_Bacanovic_0001.jpg,Mitchell_Daniels_0002.jpg,0.781272,1,1
1718,Michel_Duclos,Jeffrey_Jones,swap_Michel_Duclos_0002_in_Jeffrey_Jones_0002.jpg,Michel_Duclos_0002.jpg,Jeffrey_Jones_0002.jpg,0.810926,1,1
1719,Christopher_Walken,Sam_Bith,swap_Christopher_Walken_0003_in_Sam_Bith_0003.jpg,Christopher_Walken_0003.jpg,Sam_Bith_0003.jpg,0.798173,1,1
1720,GL_Peiris,David_Nalbandian,swap_GL_Peiris_0001_in_David_Nalbandian_0005.jpg,GL_Peiris_0001.jpg,David_Nalbandian_0005.jpg,0.712773,1,1
1721,Paul_Pierce,Javier_Solana,swap_Paul_Pierce_0002_in_Javier_Solana_0001.jpg,Paul_Pierce_0002.jpg,Javier_Solana_0001.jpg,0.671721,1,1
1722,Charlton_Heston,Allen_Iverson,swap_Charlton_Heston_0004_in_Allen_Iverson_0001.jpg,Charlton_Heston_0004.jpg,Allen_Iverson_0001.jpg,0.574650,1,0
1723,Camilla_Parker_Bowles,John_McCallum,swap_Camilla_Parker_Bowles_0001_in_John_McCallum_0001.jpg,Camilla_Parker_Bowles_0001.jpg,John_McCallum_0001.jpg,0.800331,1,1
1724,Kathryn_Bigelow,John_Timoney,swap_Kathryn_Bigelow_0001_in_John_Timoney_0002.jpg,Kathryn_Bigelow_0001.jpg,John_Timoney_0002.jpg,0.761531,1,1
1725,Paula_Radcliffe,Jennifer_Thompson,swap_Paula_Radcliffe_0003_in_Jennifer_Thompson_0002.jpg,Paula_Radcliffe_0003.jpg,Jennifer_Thompson_0002.jpg,0.755389,1,1
1726,Zhang_Wenkang,Ed_Smart,swap_Zhang_Wenkang_0001_in_Ed_Smart_0002.jpg,Zhang_Wenkang_0001.jpg,Ed_Smart_0002.jpg,0.645441,1,1
1727,Muhammad_Saeed_al-Sahhaf,Cherie_Blair,swap_Muhammad_Saeed_al-Sahhaf_0001_in_Cherie_Blair_0004.jpg,Muhammad_Saeed_al-Sahhaf_0001.jpg,Cherie_Blair_0004.jpg,0.693193,1,1
1728,Brian_Heidik,Laura_Hernandez,swap_Brian_Heidik_0002_in_Laura_Hernandez_0002.jpg,Brian_Heidik_0002.jpg,Laura_Hernandez_0002.jpg,0.806143,1,1
1729,Li_Zhaoxing,Fernando_Vargas,swap_Li_Zhaoxing_0004_in_Fernando_Vargas_0002.jpg,Li_Zhaoxing_0004.jpg,Fernando_Vargas_0002.jpg,0.024229,0,0
1730,Paula_Zahn,George_Roy_Hill,swap_Paula_Zahn_0002_in_George_Roy_Hill_0002.jpg,Paula_Zahn_0002.jpg,George_Roy_Hill_0002.jpg,0.819848,1,1
1731,Diana_Taurasi,Saburo_Kawabuchi,swap_Diana_Taurasi_0002_in_Saburo_Kawabuchi_0002.jpg,Diana_Taurasi_0002.jpg,Saburo_Kawabuchi_0002.jpg,0.739349,1,1
1732,Larry_Lucchino,Lynn_Redgrave,swap_Larry_Lucchino_0001_in_Lynn_Redgrave_0001.jpg,Larry_Lucchino_0001.jpg,Lynn_Redgrave_0001.jpg,0.756138,1,1
1733,Lionel_Richie,Carlos_Ruiz,swap_Lionel_Richie_0002_in_Carlos_Ruiz_0002.jpg,Lionel_Richie_0002.jpg,Carlos_Ruiz_0002.jpg,0.770534,1,1
1734,Lech_Walesa,David_Myers,swap_Lech_Walesa_0002_in_David_Myers_0002.jpg,Lech_Walesa_0002.jpg,David_Myers_0002.jpg,0.772236,1,1
1735,Patrick_McEnroe,Naomi_Watts,swap_Patrick_McEnroe_0001_in_Naomi_Watts_0017.jpg,Patrick_McEnroe_0001.jpg,Naomi_Watts_0017.jpg,0.723148,1,1
1736,Bud_Selig,Jose_Mourinho,swap_Bud_Selig_0001_in_Jose_Mourinho_0002.jpg,Bud_Selig_0001.jpg,Jose_Mourinho_0002.jpg,0.766140,1,1
1737,Mikhail_Wehbe,Reese_Witherspoon,swap_Mikhail_Wehbe_0001_in_Reese_Witherspoon_0003.jpg,Mikhail_Wehbe_0001.jpg,Reese_Witherspoon_0003.jpg,0.749508,1,1
1738,Michael_Ballack,Lech_Walesa,swap_Michael_Ballack_0002_in_Lech_Walesa_0002.jpg,Michael_Ballack_0002.jpg,Lech_Walesa_0002.jpg,0.684397,1,1
1739,Frank_Griswold,Pete_Carroll,swap_Frank_Griswold_0001_in_Pete_Carroll_0003.jpg,Frank_Griswold_0001.jpg,Pete_Carroll_0003.jpg,0.765351,1,1
1740,Dale_Earnhardt_Jr,Lucy_Liu,swap_Dale_Earnhardt_Jr_0004_in_Lucy_Liu_0001.jpg,Dale_Earnhardt_Jr_0004.jpg,Lucy_Liu_0001.jpg,0.737173,1,1
1741,Jay_Rasulo,Elisabeth_Schumacher,swap_Jay_Rasulo_0002_in_Elisabeth_Schumacher_0002.jpg,Jay_Rasulo_0002.jpg,Elisabeth_Schumacher_0002.jpg,0.701298,1,1
1742,Muhammad_Ali,Vanessa_Redgrave,swap_Muhammad_Ali_0006_in_Vanessa_Redgrave_0005.jpg,Muhammad_Ali_0006.jpg,Vanessa_Redgrave_0005.jpg,0.849330,1,1
1743,Ruben_Studdard,Francis_Mer,swap_Ruben_Studdard_0001_in_Francis_Mer_0001.jpg,Ruben_Studdard_0001.jpg,Francis_Mer_0001.jpg,0.762453,1,1
1744,Steve_Park,Scott_Rudin,swap_Steve_Park_0002_in_Scott_Rudin_0001.jpg,Steve_Park_0002.jpg,Scott_Rudin_0001.jpg,0.714517,1,1
1745,Omar_Sharif,Owen_Wilson,swap_Omar_Sharif_0004_in_Owen_Wilson_0002.jpg,Omar_Sharif_0004.jpg,Owen_Wilson_0002.jpg,0.742035,1,1
1746,Mikhail_Gorbachev,Brian_Heidik,swap_Mikhail_Gorbachev_0002_in_Brian_Heidik_0001.jpg,Mikhail_Gorbachev_0002.jpg,Brian_Heidik_0001.jpg,0.750428,1,1
1747,Hugo_Chavez,Jose_Sarney,swap_Hugo_Chavez_0009_in_Jose_Sarney_0003.jpg,Hugo_Chavez_0009.jpg,Jose_Sarney_0003.jpg,0.178798,0,0
1748,Carlo_Ancelotti,Roger_Clemens,swap_Carlo_Ancelotti_0003_in_Roger_Clemens_0002.jpg,Carlo_Ancelotti_0003.jpg,Roger_Clemens_0002.jpg,0.667872,1,1
1749,James_Kopp,Marc-Andre_Fleury,swap_James_Kopp_0001_in_Marc-Andre_Fleury_0001.jpg,James_Kopp_0001.jpg,Marc-Andre_Fleury_0001.jpg,0.715092,1,1
1750,Eric_Clapton,Zarai_Toledo,swap_Eric_Clapton_0001_in_Zarai_Toledo_0001.jpg,Eric_Clapton_0001.jpg,Zarai_Toledo_0001.jpg,0.689664,1,1
1751,Thomas_Birmingham,Clara_Harris,swap_Thomas_Birmingham_0001_in_Clara_Harris_0004.jpg,Thomas_Birmingham_0001.jpg,Clara_Harris_0004.jpg,0.831473,1,1
1752,Meryl_Streep,Hashim_Thaci,swap_Meryl_Streep_0007_in_Hashim_Thaci_0002.jpg,Meryl_Streep_0007.jpg,Hashim_Thaci_0002.jpg,0.765064,1,1
1753,Doug_Melvin,Elena_Bovina,swap_Doug_Melvin_0003_in_Elena_Bovina_0002.jpg,Doug_Melvin_0003.jpg,Elena_Bovina_0002.jpg,0.778251,1,1
1754,Hichiro_Naemura,Nadine_Vinzens,swap_Hichiro_Naemura_0002_in_Nadine_Vinzens_0002.jpg,Hichiro_Naemura_0002.jpg,Nadine_Vinzens_0002.jpg,0.631872,1,1
1755,Sergey_Lavrov,Jean-Pierre_Raffarin,swap_Sergey_Lavrov_0002_in_Jean-Pierre_Raffarin_0005.jpg,Sergey_Lavrov_0002.jpg,Jean-Pierre_Raffarin_0005.jpg,0.780036,1,1
1756,Adrian_Nastase,Paul_McNulty,swap_Adrian_Nastase_0002_in_Paul_McNulty_0001.jpg,Adrian_Nastase_0002.jpg,Paul_McNulty_0001.jpg,0.788555,1,1
1757,Hector_Babenco,Atal_Bihari_Vajpayee,swap_Hector_Babenco_0002_in_Atal_Bihari_Vajpayee_0018.jpg,Hector_Babenco_0002.jpg,Atal_Bihari_Vajpayee_0018.jpg,0.729796,1,1
1758,Arantxa_Sanchez-Vicario,Aaron_Sorkin,swap_Arantxa_Sanchez-Vicario_0002_in_Aaron_Sorkin_0001.jpg,Arantxa_Sanchez-Vicario_0002.jpg,Aaron_Sorkin_0001.jpg,0.812454,1,1
1759,Guy_Ritchie,Alvaro_Silva_Calderon,swap_Guy_Ritchie_0001_in_Alvaro_Silva_Calderon_0004.jpg,Guy_Ritchie_0001.jpg,Alvaro_Silva_Calderon_0004.jpg,0.783006,1,1
1760,Sally_Kirkland,OJ_Simpson,swap_Sally_Kirkland_0004_in_OJ_Simpson_0002.jpg,Sally_Kirkland_0004.jpg,OJ_Simpson_0002.jpg,0.773177,1,1
1761,Scott_Rudin,John_Mayer,swap_Scott_Rudin_0002_in_John_Mayer_0002.jpg,Scott_Rudin_0002.jpg,John_Mayer_0002.jpg,0.714221,1,1
1762,Kevin_Stallings,Michelle_Kwan,swap_Kevin_Stallings_0001_in_Michelle_Kwan_0003.jpg,Kevin_Stallings_0001.jpg,Michelle_Kwan_0003.jpg,0.828698,1,1
1763,Lino_Oviedo,Christine_Ebersole,swap_Lino_Oviedo_0001_in_Christine_Ebersole_0002.jpg,Lino_Oviedo_0001.jpg,Christine_Ebersole_0002.jpg,0.063364,0,0
1764,Jesse_James_Leija,Julie_Taymor,swap_Jesse_James_Leija_0001_in_Julie_Taymor_0002.jpg,Jesse_James_Leija_0001.jpg,Julie_Taymor_0002.jpg,0.761671,1,1
1765,Robbie_Fowler,Charles_Bronson,swap_Robbie_Fowler_0001_in_Charles_Bronson_0001.jpg,Robbie_Fowler_0001.jpg,Charles_Bronson_0001.jpg,0.764074,1,1
1766,Benjamin_Netanyahu,Rebecca_Romijn-Stamos,swap_Benjamin_Netanyahu_0001_in_Rebecca_Romijn-Stamos_0002.jpg,Benjamin_Netanyahu_0001.jpg,Rebecca_Romijn-Stamos_0002.jpg,0.753568,1,1
1767,Sharon_Frey,Lyle_Vanclief,swap_Sharon_Frey_0002_in_Lyle_Vanclief_0001.jpg,Sharon_Frey_0002.jpg,Lyle_Vanclief_0001.jpg,0.788789,1,1
1768,Binyamin_Ben-Eliezer,Christian_Wulff,swap_Binyamin_Ben-Eliezer_0006_in_Christian_Wulff_0002.jpg,Binyamin_Ben-Eliezer_0006.jpg,Christian_Wulff_0002.jpg,0.770012,1,1
1769,Laura_Hernandez,Vicente_Fernandez,swap_Laura_Hernandez_0002_in_Vicente_Fernandez_0005.jpg,Laura_Hernandez_0002.jpg,Vicente_Fernandez_0005.jpg,0.734444,1,1
1770,Denzel_Washington,Lars_Von_Trier,swap_Denzel_Washington_0005_in_Lars_Von_Trier_0002.jpg,Denzel_Washington_0005.jpg,Lars_Von_Trier_0002.jpg,0.059205,0,0
1771,Mike_Montgomery,Zoran_Djindjic,swap_Mike_Montgomery_0002_in_Zoran_Djindjic_0004.jpg,Mike_Montgomery_0002.jpg,Zoran_Djindjic_0004.jpg,0.740943,1,1
1772,Jennifer_Rodriguez,Eve_Pelletier,swap_Jennifer_Rodriguez_0001_in_Eve_Pelletier_0002.jpg,Jennifer_Rodriguez_0001.jpg,Eve_Pelletier_0002.jpg,0.539167,1,0
1773,Patrick_Roy,Adrian_McPherson,swap_Patrick_Roy_0002_in_Adrian_McPherson_0001.jpg,Patrick_Roy_0002.jpg,Adrian_McPherson_0001.jpg,0.712003,1,1
1774,Scott_Sullivan,Marieta_Chrousala,swap_Scott_Sullivan_0002_in_Marieta_Chrousala_0002.jpg,Scott_Sullivan_0002.jpg,Marieta_Chrousala_0002.jpg,0.757979,1,1
1775,Michelle_Rodriguez,Natalie_Cole,swap_Michelle_Rodriguez_0002_in_Natalie_Cole_0001.jpg,Michelle_Rodriguez_0002.jpg,Natalie_Cole_0001.jpg,0.767309,1,1
1776,Anders_Fogh_Rasmussen,Mukesh_Ambani,swap_Anders_Fogh_Rasmussen_0004_in_Mukesh_Ambani_0003.jpg,Anders_Fogh_Rasmussen_0004.jpg,Mukesh_Ambani_0003.jpg,0.779617,1,1
1777,Jo_Dee_Messina,Carlos_Ruiz,swap_Jo_Dee_Messina_0002_in_Carlos_Ruiz_0003.jpg,Jo_Dee_Messina_0002.jpg,Carlos_Ruiz_0003.jpg,0.746015,1,1
1778,Bill_Graham,Chuck_Amato,swap_Bill_Graham_0009_in_Chuck_Amato_0002.jpg,Bill_Graham_0009.jpg,Chuck_Amato_0002.jpg,0.755286,1,1
1779,Lenny_Wilkens,Martin_McGuinness,swap_Lenny_Wilkens_0001_in_Martin_McGuinness_0005.jpg,Lenny_Wilkens_0001.jpg,Martin_McGuinness_0005.jpg,0.776594,1,1
1780,Paul_Kagame,Bob_Geldof,swap_Paul_Kagame_0001_in_Bob_Geldof_0002.jpg,Paul_Kagame_0001.jpg,Bob_Geldof_0002.jpg,0.761487,1,1
1781,Placido_Domingo,Steven_Seagal,swap_Placido_Domingo_0003_in_Steven_Seagal_0001.jpg,Placido_Domingo_0003.jpg,Steven_Seagal_0001.jpg,0.786097,1,1
1782,Rod_Blagojevich,Prince_Willem-Alexander,swap_Rod_Blagojevich_0002_in_Prince_Willem-Alexander_0003.jpg,Rod_Blagojevich_0002.jpg,Prince_Willem-Alexander_0003.jpg,0.726436,1,1
1783,Arantxa_Sanchez-Vicario,Jean-Francois_Pontal,swap_Arantxa_Sanchez-Vicario_0001_in_Jean-Francois_Pontal_0002.jpg,Arantxa_Sanchez-Vicario_0001.jpg,Jean-Francois_Pontal_0002.jpg,0.729529,1,1
1784,Larry_Thompson,Martha_Beatriz_Roque,swap_Larry_Thompson_0004_in_Martha_Beatriz_Roque_0002.jpg,Larry_Thompson_0004.jpg,Martha_Beatriz_Roque_0002.jpg,0.752217,1,1
1785,Justine_Pasek,Jennifer_Connelly,swap_Justine_Pasek_0007_in_Jennifer_Connelly_0003.jpg,Justine_Pasek_0007.jpg,Jennifer_Connelly_0003.jpg,0.712710,1,1
1786,Harry_Belafonte,David_Dodge,swap_Harry_Belafonte_0001_in_David_Dodge_0002.jpg,Harry_Belafonte_0001.jpg,David_Dodge_0002.jpg,0.791994,1,1
1787,Sila_Calderon,Valdas_Adamkus,swap_Sila_Calderon_0003_in_Valdas_Adamkus_0001.jpg,Sila_Calderon_0003.jpg,Valdas_Adamkus_0001.jpg,0.759508,1,1
1788,Pierce_Brosnan,Lindsay_Benko,swap_Pierce_Brosnan_0010_in_Lindsay_Benko_0001.jpg,Pierce_Brosnan_0010.jpg,Lindsay_Benko_0001.jpg,0.726733,1,1
1789,Nancy_Sinatra,Antonio_Trillanes,swap_Nancy_Sinatra_0002_in_Antonio_Trillanes_0003.jpg,Nancy_Sinatra_0002.jpg,Antonio_Trillanes_0003.jpg,0.696233,1,1
1790,Peter_Harrison,Alice_Fisher,swap_Peter_Harrison_0002_in_Alice_Fisher_0002.jpg,Peter_Harrison_0002.jpg,Alice_Fisher_0002.jpg,0.660010,1,1
1791,Bill_Simon,Charles_Kartman,swap_Bill_Simon_0009_in_Charles_Kartman_0001.jpg,Bill_Simon_0009.jpg,Charles_Kartman_0001.jpg,0.732442,1,1
1792,Vaclav_Havel,Guillaume_Soro,swap_Vaclav_Havel_0005_in_Guillaume_Soro_0001.jpg,Vaclav_Havel_0005.jpg,Guillaume_Soro_0001.jpg,0.819561,1,1
1793,Paul_Wolfowitz,Gustavo_Kuerten,swap_Paul_Wolfowitz_0005_in_Gustavo_Kuerten_0002.jpg,Paul_Wolfowitz_0005.jpg,Gustavo_Kuerten_0002.jpg,0.798371,1,1
1794,Al_Sharpton,Steven_Seagal,swap_Al_Sharpton_0001_in_Steven_Seagal_0001.jpg,Al_Sharpton_0001.jpg,Steven_Seagal_0001.jpg,0.719211,1,1
1795,Olivia_Newton-John,Steve_Nash,swap_Olivia_Newton-John_0001_in_Steve_Nash_0004.jpg,Olivia_Newton-John_0001.jpg,Steve_Nash_0004.jpg,0.781646,1,1
1796,Job_Cohen,Wolfgang_Schuessel,swap_Job_Cohen_0001_in_Wolfgang_Schuessel_0003.jpg,Job_Cohen_0001.jpg,Wolfgang_Schuessel_0003.jpg,0.711008,1,1
1797,Tyra_Banks,Sadie_Frost,swap_Tyra_Banks_0001_in_Sadie_Frost_0002.jpg,Tyra_Banks_0001.jpg,Sadie_Frost_0002.jpg,0.748291,1,1
1798,Derek_Lowe,Warren_Buffett,swap_Derek_Lowe_0001_in_Warren_Buffett_0002.jpg,Derek_Lowe_0001.jpg,Warren_Buffett_0002.jpg,0.703794,1,1
1799,Billy_Sollie,Claire_Danes,swap_Billy_Sollie_0001_in_Claire_Danes_0002.jpg,Billy_Sollie_0001.jpg,Claire_Danes_0002.jpg,0.785483,1,1
1800,Terrell_Suggs,Juanes,swap_Terrell_Suggs_0002_in_Juanes_0001.jpg,Terrell_Suggs_0002.jpg,Juanes_0001.jpg,0.720813,1,1
1801,Rick_Barnes,Kimi_Raikkonen,swap_Rick_Barnes_0003_in_Kimi_Raikkonen_0003.jpg,Rick_Barnes_0003.jpg,Kimi_Raikkonen_0003.jpg,0.780111,1,1
1802,David_Coulthard,Elizabeth_Taylor,swap_David_Coulthard_0002_in_Elizabeth_Taylor_0001.jpg,David_Coulthard_0002.jpg,Elizabeth_Taylor_0001.jpg,0.811746,1,1
1803,Rainer_Schuettler,Gianna_Angelopoulos-Daskalaki,swap_Rainer_Schuettler_0001_in_Gianna_Angelopoulos-Daskalaki_0001.jpg,Rainer_Schuettler_0001.jpg,Gianna_Angelopoulos-Daskalaki_0001.jpg,0.734879,1,1
1804,David_Dodge,Len_Jenoff,swap_David_Dodge_0002_in_Len_Jenoff_0002.jpg,David_Dodge_0002.jpg,Len_Jenoff_0002.jpg,0.762485,1,1
1805,Hilmi_Ozkok,Lisa_Ling,swap_Hilmi_Ozkok_0001_in_Lisa_Ling_0002.jpg,Hilmi_Ozkok_0001.jpg,Lisa_Ling_0002.jpg,0.741480,1,1
1806,Robinson_Stevenin,Samira_Makhmalbaf,swap_Robinson_Stevenin_0002_in_Samira_Makhmalbaf_0002.jpg,Robinson_Stevenin_0002.jpg,Samira_Makhmalbaf_0002.jpg,0.761566,1,1
1807,Gerhard_Schroeder,Claire_Danes,swap_Gerhard_Schroeder_0068_in_Claire_Danes_0002.jpg,Gerhard_Schroeder_0068.jpg,Claire_Danes_0002.jpg,0.767584,1,1
1808,Akbar_Hashemi_Rafsanjani,Harrison_Ford,swap_Akbar_Hashemi_Rafsanjani_0002_in_Harrison_Ford_0007.jpg,Akbar_Hashemi_Rafsanjani_0002.jpg,Harrison_Ford_0007.jpg,0.746507,1,1
1809,Robert_Redford,Ishaq_Shahryar,swap_Robert_Redford_0001_in_Ishaq_Shahryar_0001.jpg,Robert_Redford_0001.jpg,Ishaq_Shahryar_0001.jpg,-0.026750,0,0
1810,Meryl_Streep,Priscilla_Presley,swap_Meryl_Streep_0006_in_Priscilla_Presley_0002.jpg,Meryl_Streep_0006.jpg,Priscilla_Presley_0002.jpg,0.755663,1,1
1811,Paul_Martin,Ricardo_Maduro,swap_Paul_Martin_0005_in_Ricardo_Maduro_0002.jpg,Paul_Martin_0005.jpg,Ricardo_Maduro_0002.jpg,0.730682,1,1
1812,Gonzalo_Sanchez_de_Lozada,Giuseppe_Gibilisco,swap_Gonzalo_Sanchez_de_Lozada_0002_in_Giuseppe_Gibilisco_0003.jpg,Gonzalo_Sanchez_de_Lozada_0002.jpg,Giuseppe_Gibilisco_0003.jpg,0.748778,1,1
1813,Richard_Branson,Nicolas_Escude,swap_Richard_Branson_0002_in_Nicolas_Escude_0002.jpg,Richard_Branson_0002.jpg,Nicolas_Escude_0002.jpg,0.770270,1,1
1814,Tommy_Robredo,Robert_Ehrlich,swap_Tommy_Robredo_0003_in_Robert_Ehrlich_0001.jpg,Tommy_Robredo_0003.jpg,Robert_Ehrlich_0001.jpg,0.705160,1,1
1815,Stefano_Accorsi,Robert_Blake,swap_Stefano_Accorsi_0001_in_Robert_Blake_0006.jpg,Stefano_Accorsi_0001.jpg,Robert_Blake_0006.jpg,0.813180,1,1
1816,Robert_Mueller,Ron_Howard,swap_Robert_Mueller_0002_in_Ron_Howard_0002.jpg,Robert_Mueller_0002.jpg,Ron_Howard_0002.jpg,0.759065,1,1
1817,Miguel_Contreras,Ai_Sugiyama,swap_Miguel_Contreras_0001_in_Ai_Sugiyama_0001.jpg,Miguel_Contreras_0001.jpg,Ai_Sugiyama_0001.jpg,0.668454,1,1
1818,Akbar_Hashemi_Rafsanjani,Juan_Manuel_Marquez,swap_Akbar_Hashemi_Rafsanjani_0001_in_Juan_Manuel_Marquez_0003.jpg,Akbar_Hashemi_Rafsanjani_0001.jpg,Juan_Manuel_Marquez_0003.jpg,0.751982,1,1
1819,Butch_Davis,Roger_Clemens,swap_Butch_Davis_0002_in_Roger_Clemens_0002.jpg,Butch_Davis_0002.jpg,Roger_Clemens_0002.jpg,0.680183,1,1
1820,Erik_Morales,Sheryl_Crow,swap_Erik_Morales_0002_in_Sheryl_Crow_0005.jpg,Erik_Morales_0002.jpg,Sheryl_Crow_0005.jpg,0.859735,1,1
1821,Doris_Roberts,Amelia_Vega,swap_Doris_Roberts_0001_in_Amelia_Vega_0005.jpg,Doris_Roberts_0001.jpg,Amelia_Vega_0005.jpg,0.793502,1,1
1822,Bode_Miller,Arnold_Schwarzenegger,swap_Bode_Miller_0001_in_Arnold_Schwarzenegger_0039.jpg,Bode_Miller_0001.jpg,Arnold_Schwarzenegger_0039.jpg,0.781573,1,1
1823,Pupi_Avati,Celine_Dion,swap_Pupi_Avati_0001_in_Celine_Dion_0002.jpg,Pupi_Avati_0001.jpg,Celine_Dion_0002.jpg,0.028081,0,0
1824,Patrick_Roy,Charlton_Heston,swap_Patrick_Roy_0002_in_Charlton_Heston_0006.jpg,Patrick_Roy_0002.jpg,Charlton_Heston_0006.jpg,0.802561,1,1
1825,Tim_Henman,Raymond_Odierno,swap_Tim_Henman_0019_in_Raymond_Odierno_0001.jpg,Tim_Henman_0019.jpg,Raymond_Odierno_0001.jpg,0.644291,1,1
1826,Carlos_Mesa,Rupert_Grint,swap_Carlos_Mesa_0001_in_Rupert_Grint_0002.jpg,Carlos_Mesa_0001.jpg,Rupert_Grint_0002.jpg,0.708713,1,1
1827,Hee-Won_Han,Leonid_Kuchma,swap_Hee-Won_Han_0003_in_Leonid_Kuchma_0001.jpg,Hee-Won_Han_0003.jpg,Leonid_Kuchma_0001.jpg,0.772609,1,1
1828,Queen_Elizabeth_II,Larry_Lucchino,swap_Queen_Elizabeth_II_0005_in_Larry_Lucchino_0002.jpg,Queen_Elizabeth_II_0005.jpg,Larry_Lucchino_0002.jpg,0.661842,1,1
1829,Rosemarie_Stack,Rita_Moreno,swap_Rosemarie_Stack_0002_in_Rita_Moreno_0002.jpg,Rosemarie_Stack_0002.jpg,Rita_Moreno_0002.jpg,0.099273,0,0
1830,Daniela_Hantuchova,Tsutomu_Takebe,swap_Daniela_Hantuchova_0001_in_Tsutomu_Takebe_0002.jpg,Daniela_Hantuchova_0001.jpg,Tsutomu_Takebe_0002.jpg,0.645637,1,1
1831,Tony_Shalhoub,Atal_Bihari_Vajpayee,swap_Tony_Shalhoub_0004_in_Atal_Bihari_Vajpayee_0013.jpg,Tony_Shalhoub_0004.jpg,Atal_Bihari_Vajpayee_0013.jpg,0.760323,1,1
1832,Jan-Michael_Gambill,Arye_Mekel,swap_Jan-Michael_Gambill_0002_in_Arye_Mekel_0002.jpg,Jan-Michael_Gambill_0002.jpg,Arye_Mekel_0002.jpg,0.670151,1,1
1833,Dennis_Hastert,King_Abdullah_II,swap_Dennis_Hastert_0001_in_King_Abdullah_II_0004.jpg,Dennis_Hastert_0001.jpg,King_Abdullah_II_0004.jpg,0.773455,1,1
1834,Edmund_Stoiber,Paul_Kagame,swap_Edmund_Stoiber_0007_in_Paul_Kagame_0001.jpg,Edmund_Stoiber_0007.jpg,Paul_Kagame_0001.jpg,0.804773,1,1
1835,Raoul_Ruiz,Mahmoud_Abbas,swap_Raoul_Ruiz_0001_in_Mahmoud_Abbas_0005.jpg,Raoul_Ruiz_0001.jpg,Mahmoud_Abbas_0005.jpg,0.714011,1,1
1836,Michael_Powell,Tom_Glavine,swap_Michael_Powell_0004_in_Tom_Glavine_0001.jpg,Michael_Powell_0004.jpg,Tom_Glavine_0001.jpg,0.021973,0,0
1837,Paul_Shanley,Ralph_Firman,swap_Paul_Shanley_0001_in_Ralph_Firman_0002.jpg,Paul_Shanley_0001.jpg,Ralph_Firman_0002.jpg,0.734760,1,1
1838,Sebastian_Saja,George_Tenet,swap_Sebastian_Saja_0001_in_George_Tenet_0001.jpg,Sebastian_Saja_0001.jpg,George_Tenet_0001.jpg,0.688335,1,1
1839,Bernard_Lord,Ben_Howland,swap_Bernard_Lord_0002_in_Ben_Howland_0004.jpg,Bernard_Lord_0002.jpg,Ben_Howland_0004.jpg,0.780702,1,1
1840,Aldo_Paredes,Margaret_Thatcher,swap_Aldo_Paredes_0001_in_Margaret_Thatcher_0001.jpg,Aldo_Paredes_0001.jpg,Margaret_Thatcher_0001.jpg,0.773966,1,1
1841,Anders_Fogh_Rasmussen,Rick_Wagoner,swap_Anders_Fogh_Rasmussen_0004_in_Rick_Wagoner_0002.jpg,Anders_Fogh_Rasmussen_0004.jpg,Rick_Wagoner_0002.jpg,0.808498,1,1
1842,Conan_OBrien,Sachiko_Yamada,swap_Conan_OBrien_0003_in_Sachiko_Yamada_0004.jpg,Conan_OBrien_0003.jpg,Sachiko_Yamada_0004.jpg,0.684139,1,1
1843,Naomi_Watts,Abdullatif_Sener,swap_Naomi_Watts_0017_in_Abdullatif_Sener_0002.jpg,Naomi_Watts_0017.jpg,Abdullatif_Sener_0002.jpg,0.732518,1,1
1844,Liza_Minnelli,Kifah_Ajouri,swap_Liza_Minnelli_0004_in_Kifah_Ajouri_0001.jpg,Liza_Minnelli_0004.jpg,Kifah_Ajouri_0001.jpg,0.828743,1,1
1845,Michael_Phelps,Eve_Pelletier,swap_Michael_Phelps_0001_in_Eve_Pelletier_0002.jpg,Michael_Phelps_0001.jpg,Eve_Pelletier_0002.jpg,0.758804,1,1
1846,Romano_Prodi,Zhang_Ziyi,swap_Romano_Prodi_0007_in_Zhang_Ziyi_0004.jpg,Romano_Prodi_0007.jpg,Zhang_Ziyi_0004.jpg,0.684765,1,1
1847,Cecilia_Bolocco,Muhammad_Ali,swap_Cecilia_Bolocco_0003_in_Muhammad_Ali_0006.jpg,Cecilia_Bolocco_0003.jpg,Muhammad_Ali_0006.jpg,0.777295,1,1
1848,Jan_Ullrich,Roberto_Marinho,swap_Jan_Ullrich_0003_in_Roberto_Marinho_0002.jpg,Jan_Ullrich_0003.jpg,Roberto_Marinho_0002.jpg,0.761797,1,1
1849,Arminio_Fraga,Prince_Edward,swap_Arminio_Fraga_0006_in_Prince_Edward_0001.jpg,Arminio_Fraga_0006.jpg,Prince_Edward_0001.jpg,0.805152,1,1
1850,Jim_Harrick,Michael_Capellas,swap_Jim_Harrick_0002_in_Michael_Capellas_0001.jpg,Jim_Harrick_0002.jpg,Michael_Capellas_0001.jpg,0.742690,1,1
1851,LeBron_James,Tiger_Woods,swap_LeBron_James_0003_in_Tiger_Woods_0021.jpg,LeBron_James_0003.jpg,Tiger_Woods_0021.jpg,0.757564,1,1
1852,Edward_Lu,Demi_Moore,swap_Edward_Lu_0005_in_Demi_Moore_0001.jpg,Edward_Lu_0005.jpg,Demi_Moore_0001.jpg,0.812836,1,1
1853,John_McCormack,Rick_Barnes,swap_John_McCormack_0001_in_Rick_Barnes_0002.jpg,John_McCormack_0001.jpg,Rick_Barnes_0002.jpg,0.055430,0,0
1854,Rupert_Murdoch,John_Stallworth,swap_Rupert_Murdoch_0001_in_John_Stallworth_0002.jpg,Rupert_Murdoch_0001.jpg,John_Stallworth_0002.jpg,0.769568,1,1
1855,Lyle_Vanclief,Binyamin_Ben-Eliezer,swap_Lyle_Vanclief_0002_in_Binyamin_Ben-Eliezer_0006.jpg,Lyle_Vanclief_0002.jpg,Binyamin_Ben-Eliezer_0006.jpg,0.790338,1,1
1856,Don_Siegelman,Christine_Todd_Whitman,swap_Don_Siegelman_0001_in_Christine_Todd_Whitman_0002.jpg,Don_Siegelman_0001.jpg,Christine_Todd_Whitman_0002.jpg,0.606663,1,1
1857,Alexandra_Vodjanikova,Shane_Warne,swap_Alexandra_Vodjanikova_0001_in_Shane_Warne_0002.jpg,Alexandra_Vodjanikova_0001.jpg,Shane_Warne_0002.jpg,0.772029,1,1
1858,John_Snow,Augusto_Pinochet,swap_John_Snow_0010_in_Augusto_Pinochet_0002.jpg,John_Snow_0010.jpg,Augusto_Pinochet_0002.jpg,0.790912,1,1
1859,Michael_Caine,Yashwant_Sinha,swap_Michael_Caine_0004_in_Yashwant_Sinha_0001.jpg,Michael_Caine_0004.jpg,Yashwant_Sinha_0001.jpg,0.767561,1,1
1860,Anastasia_Myskina,Javier_Weber,swap_Anastasia_Myskina_0001_in_Javier_Weber_0002.jpg,Anastasia_Myskina_0001.jpg,Javier_Weber_0002.jpg,0.697832,1,1
1861,Vanessa_Williams,Sharon_Davis,swap_Vanessa_Williams_0001_in_Sharon_Davis_0002.jpg,Vanessa_Williams_0001.jpg,Sharon_Davis_0002.jpg,0.821946,1,1
1862,Carson_Daly,Ellen_Engleman,swap_Carson_Daly_0002_in_Ellen_Engleman_0001.jpg,Carson_Daly_0002.jpg,Ellen_Engleman_0001.jpg,0.731671,1,1
1863,Steven_Hatfill,Nebojsa_Pavkovic,swap_Steven_Hatfill_0001_in_Nebojsa_Pavkovic_0001.jpg,Steven_Hatfill_0001.jpg,Nebojsa_Pavkovic_0001.jpg,0.802741,1,1
1864,Anastasia_Myskina,Stephen_Ambrose,swap_Anastasia_Myskina_0001_in_Stephen_Ambrose_0002.jpg,Anastasia_Myskina_0001.jpg,Stephen_Ambrose_0002.jpg,0.611135,1,1
1865,Richard_Armitage,Alec_Baldwin,swap_Richard_Armitage_0008_in_Alec_Baldwin_0001.jpg,Richard_Armitage_0008.jpg,Alec_Baldwin_0001.jpg,0.707633,1,1
1866,Fred_Funk,Saeb_Erekat,swap_Fred_Funk_0001_in_Saeb_Erekat_0001.jpg,Fred_Funk_0001.jpg,Saeb_Erekat_0001.jpg,0.775867,1,1
1867,David_Stern,Prince_Harry,swap_David_Stern_0001_in_Prince_Harry_0002.jpg,David_Stern_0001.jpg,Prince_Harry_0002.jpg,0.742969,1,1
1868,Vincent_Gallo,Brian_Heidik,swap_Vincent_Gallo_0002_in_Brian_Heidik_0001.jpg,Vincent_Gallo_0002.jpg,Brian_Heidik_0001.jpg,0.784425,1,1
1869,Olesya_Bonabarenko,Augusto_Roa_Bastos,swap_Olesya_Bonabarenko_0001_in_Augusto_Roa_Bastos_0001.jpg,Olesya_Bonabarenko_0001.jpg,Augusto_Roa_Bastos_0001.jpg,0.710339,1,1
1870,Marcus_Gronholm,Oscar_Elias_Biscet,swap_Marcus_Gronholm_0001_in_Oscar_Elias_Biscet_0001.jpg,Marcus_Gronholm_0001.jpg,Oscar_Elias_Biscet_0001.jpg,0.740337,1,1
1871,William_Ford_Jr,Edward_Lu,swap_William_Ford_Jr_0004_in_Edward_Lu_0003.jpg,William_Ford_Jr_0004.jpg,Edward_Lu_0003.jpg,0.792545,1,1
1872,Yasar_Yakis,Steve_Lavin,swap_Yasar_Yakis_0004_in_Steve_Lavin_0003.jpg,Yasar_Yakis_0004.jpg,Steve_Lavin_0003.jpg,0.799015,1,1
1873,Cathy_Freeman,Rod_Stewart,swap_Cathy_Freeman_0001_in_Rod_Stewart_0002.jpg,Cathy_Freeman_0001.jpg,Rod_Stewart_0002.jpg,0.817038,1,1
1874,Vincent_Brooks,Elvis_Presley,swap_Vincent_Brooks_0007_in_Elvis_Presley_0001.jpg,Vincent_Brooks_0007.jpg,Elvis_Presley_0001.jpg,0.791814,1,1
1875,Orlando_Bloom,David_Wolf,swap_Orlando_Bloom_0002_in_David_Wolf_0001.jpg,Orlando_Bloom_0002.jpg,David_Wolf_0001.jpg,0.819321,1,1
1876,Cathy_Freeman,Greg_Gilbert,swap_Cathy_Freeman_0001_in_Greg_Gilbert_0002.jpg,Cathy_Freeman_0001.jpg,Greg_Gilbert_0002.jpg,0.723423,1,1
1877,David_Heyman,Russell_Coutts,swap_David_Heyman_0002_in_Russell_Coutts_0001.jpg,David_Heyman_0002.jpg,Russell_Coutts_0001.jpg,0.839298,1,1
1878,Kim_Jong-Il,Fred_Thompson,swap_Kim_Jong-Il_0001_in_Fred_Thompson_0001.jpg,Kim_Jong-Il_0001.jpg,Fred_Thompson_0001.jpg,-0.074680,0,0
1879,Brigitte_Boisselier,Vidar_Helgesen,swap_Brigitte_Boisselier_0002_in_Vidar_Helgesen_0001.jpg,Brigitte_Boisselier_0002.jpg,Vidar_Helgesen_0001.jpg,0.711712,1,1
1880,Alan_Mulally,Lynn_Abraham,swap_Alan_Mulally_0001_in_Lynn_Abraham_0001.jpg,Alan_Mulally_0001.jpg,Lynn_Abraham_0001.jpg,0.789921,1,1
1881,Adolfo_Rodriguez_Saa,Dennis_Powell,swap_Adolfo_Rodriguez_Saa_0001_in_Dennis_Powell_0002.jpg,Adolfo_Rodriguez_Saa_0001.jpg,Dennis_Powell_0002.jpg,0.717209,1,1
1882,Julianne_Moore,Roy_Williams,swap_Julianne_Moore_0016_in_Roy_Williams_0002.jpg,Julianne_Moore_0016.jpg,Roy_Williams_0002.jpg,0.001949,0,0
1883,Eliane_Karp,Chung_Mong-joon,swap_Eliane_Karp_0003_in_Chung_Mong-joon_0002.jpg,Eliane_Karp_0003.jpg,Chung_Mong-joon_0002.jpg,0.796820,1,1
1884,Juan_Pablo_Montoya,Frank_Lautenberg,swap_Juan_Pablo_Montoya_0003_in_Frank_Lautenberg_0001.jpg,Juan_Pablo_Montoya_0003.jpg,Frank_Lautenberg_0001.jpg,0.720831,1,1
1885,Oxana_Fedorova,Denzel_Washington,swap_Oxana_Fedorova_0004_in_Denzel_Washington_0005.jpg,Oxana_Fedorova_0004.jpg,Denzel_Washington_0005.jpg,0.796715,1,1
1886,Bob_Dole,Phil_Gramm,swap_Bob_Dole_0002_in_Phil_Gramm_0002.jpg,Bob_Dole_0002.jpg,Phil_Gramm_0002.jpg,0.742607,1,1
1887,Justin_Gatlin,Abid_Hamid_Mahmud_Al-Tikriti,swap_Justin_Gatlin_0001_in_Abid_Hamid_Mahmud_Al-Tikriti_0001.jpg,Justin_Gatlin_0001.jpg,Abid_Hamid_Mahmud_Al-Tikriti_0001.jpg,0.683464,1,1
1888,Carolyn_Dawn_Johnson,Mel_Gibson,swap_Carolyn_Dawn_Johnson_0001_in_Mel_Gibson_0002.jpg,Carolyn_Dawn_Johnson_0001.jpg,Mel_Gibson_0002.jpg,0.685043,1,1
1889,Tim_Allen,Michael_Patrick_King,swap_Tim_Allen_0002_in_Michael_Patrick_King_0002.jpg,Tim_Allen_0002.jpg,Michael_Patrick_King_0002.jpg,0.833272,1,1
1890,Tom_Jones,Petro_Symonenko,swap_Tom_Jones_0001_in_Petro_Symonenko_0002.jpg,Tom_Jones_0001.jpg,Petro_Symonenko_0002.jpg,0.802299,1,1
1891,Arantxa_Sanchez-Vicario,Doris_Schroeder,swap_Arantxa_Sanchez-Vicario_0001_in_Doris_Schroeder_0002.jpg,Arantxa_Sanchez-Vicario_0001.jpg,Doris_Schroeder_0002.jpg,0.652646,1,1
1892,Roger_Clemens,Lindsey_Graham,swap_Roger_Clemens_0002_in_Lindsey_Graham_0001.jpg,Roger_Clemens_0002.jpg,Lindsey_Graham_0001.jpg,0.680495,1,1
1893,Dan_Morales,Robbie_Fowler,swap_Dan_Morales_0001_in_Robbie_Fowler_0001.jpg,Dan_Morales_0001.jpg,Robbie_Fowler_0001.jpg,0.814656,1,1
1894,Ranil_Wickremasinghe,Jim_Edmonds,swap_Ranil_Wickremasinghe_0002_in_Jim_Edmonds_0001.jpg,Ranil_Wickremasinghe_0002.jpg,Jim_Edmonds_0001.jpg,0.731124,1,1
1895,Kevin_Spacey,Gene_Robinson,swap_Kevin_Spacey_0003_in_Gene_Robinson_0005.jpg,Kevin_Spacey_0003.jpg,Gene_Robinson_0005.jpg,0.847949,1,1
1896,William_Hochul,Thomas_Malchow,swap_William_Hochul_0002_in_Thomas_Malchow_0001.jpg,William_Hochul_0002.jpg,Thomas_Malchow_0001.jpg,0.779564,1,1
1897,Byron_Scott,Steve_Waugh,swap_Byron_Scott_0001_in_Steve_Waugh_0001.jpg,Byron_Scott_0001.jpg,Steve_Waugh_0001.jpg,0.681470,1,1
1898,Daisy_Fuentes,Valentino_Rossi,swap_Daisy_Fuentes_0001_in_Valentino_Rossi_0004.jpg,Daisy_Fuentes_0001.jpg,Valentino_Rossi_0004.jpg,0.794839,1,1
1899,Martin_Brodeur,Carolina_Kluft,swap_Martin_Brodeur_0001_in_Carolina_Kluft_0001.jpg,Martin_Brodeur_0001.jpg,Carolina_Kluft_0001.jpg,0.612272,1,1
1900,Sharon_Frey,Kristanna_Loken,swap_Sharon_Frey_0002_in_Kristanna_Loken_0004.jpg,Sharon_Frey_0002.jpg,Kristanna_Loken_0004.jpg,0.758326,1,1
1901,Eddy_Merckx,Sylvester_Stallone,swap_Eddy_Merckx_0002_in_Sylvester_Stallone_0004.jpg,Eddy_Merckx_0002.jpg,Sylvester_Stallone_0004.jpg,0.704389,1,1
1902,Tracee_Ellis_Ross,Carlos_Manuel_Pruneda,swap_Tracee_Ellis_Ross_0002_in_Carlos_Manuel_Pruneda_0001.jpg,Tracee_Ellis_Ross_0002.jpg,Carlos_Manuel_Pruneda_0001.jpg,0.828049,1,1
1903,Brian_Mulroney,Franco_Dragone,swap_Brian_Mulroney_0002_in_Franco_Dragone_0001.jpg,Brian_Mulroney_0002.jpg,Franco_Dragone_0001.jpg,0.725486,1,1
1904,John_Ashcroft,Erika_Harold,swap_John_Ashcroft_0005_in_Erika_Harold_0004.jpg,John_Ashcroft_0005.jpg,Erika_Harold_0004.jpg,0.717045,1,1
1905,Nicole_Kidman,Luis_Horna,swap_Nicole_Kidman_0002_in_Luis_Horna_0004.jpg,Nicole_Kidman_0002.jpg,Luis_Horna_0004.jpg,0.775444,1,1
1906,Ciro_Gomes,Emmanuelle_Beart,swap_Ciro_Gomes_0005_in_Emmanuelle_Beart_0002.jpg,Ciro_Gomes_0005.jpg,Emmanuelle_Beart_0002.jpg,0.809676,1,1
1907,Dennis_Hastert,John_Rosa,swap_Dennis_Hastert_0003_in_John_Rosa_0001.jpg,Dennis_Hastert_0003.jpg,John_Rosa_0001.jpg,0.679945,1,1
1908,Laurent_Gbagbo,Shane_Warne,swap_Laurent_Gbagbo_0001_in_Shane_Warne_0002.jpg,Laurent_Gbagbo_0001.jpg,Shane_Warne_0002.jpg,0.761911,1,1
1909,Goldie_Hawn,Edward_Kennedy,swap_Goldie_Hawn_0003_in_Edward_Kennedy_0001.jpg,Goldie_Hawn_0003.jpg,Edward_Kennedy_0001.jpg,-0.083091,0,0
1910,Amanda_Beard,Rosemarie_Stack,swap_Amanda_Beard_0001_in_Rosemarie_Stack_0002.jpg,Amanda_Beard_0001.jpg,Rosemarie_Stack_0002.jpg,0.795257,1,1
1911,Christian_Fittipaldi,Carlos_Mesa,swap_Christian_Fittipaldi_0002_in_Carlos_Mesa_0002.jpg,Christian_Fittipaldi_0002.jpg,Carlos_Mesa_0002.jpg,0.740096,1,1
1912,Junichiro_Koizumi,David_Nalbandian,swap_Junichiro_Koizumi_0049_in_David_Nalbandian_0006.jpg,Junichiro_Koizumi_0049.jpg,David_Nalbandian_0006.jpg,0.681488,1,1
1913,Erika_Christensen,Heidi_Fleiss,swap_Erika_Christensen_0001_in_Heidi_Fleiss_0002.jpg,Erika_Christensen_0001.jpg,Heidi_Fleiss_0002.jpg,0.787647,1,1
1914,Natasha_McElhone,Mike_Price,swap_Natasha_McElhone_0001_in_Mike_Price_0001.jpg,Natasha_McElhone_0001.jpg,Mike_Price_0001.jpg,0.768692,1,1
1915,Juan_Pablo_Montoya,Mary_Landrieu,swap_Juan_Pablo_Montoya_0008_in_Mary_Landrieu_0001.jpg,Juan_Pablo_Montoya_0008.jpg,Mary_Landrieu_0001.jpg,0.675085,1,1
1916,Olivia_Newton-John,Lindsay_Benko,swap_Olivia_Newton-John_0002_in_Lindsay_Benko_0002.jpg,Olivia_Newton-John_0002.jpg,Lindsay_Benko_0002.jpg,0.694631,1,1
1917,Al_Sharpton,Sonia_Gandhi,swap_Al_Sharpton_0004_in_Sonia_Gandhi_0002.jpg,Al_Sharpton_0004.jpg,Sonia_Gandhi_0002.jpg,0.764226,1,1
1918,Gary_Bergeron,James_Kopp,swap_Gary_Bergeron_0002_in_James_Kopp_0002.jpg,Gary_Bergeron_0002.jpg,James_Kopp_0002.jpg,0.765625,1,1
1919,Olivia_Newton-John,Clint_Eastwood,swap_Olivia_Newton-John_0001_in_Clint_Eastwood_0004.jpg,Olivia_Newton-John_0001.jpg,Clint_Eastwood_0004.jpg,0.774195,1,1
1920,Angelo_Reyes,Andrew_Niccol,swap_Angelo_Reyes_0004_in_Andrew_Niccol_0001.jpg,Angelo_Reyes_0004.jpg,Andrew_Niccol_0001.jpg,-0.068988,0,0
1921,Kathleen_Glynn,Melissa_Etheridge,swap_Kathleen_Glynn_0002_in_Melissa_Etheridge_0002.jpg,Kathleen_Glynn_0002.jpg,Melissa_Etheridge_0002.jpg,-0.030133,0,0
1922,Xavier_Malisse,Wang_Yi,swap_Xavier_Malisse_0001_in_Wang_Yi_0002.jpg,Xavier_Malisse_0001.jpg,Wang_Yi_0002.jpg,0.739802,1,1
1923,Marcelo_Ebrard,Franko_Simatovic,swap_Marcelo_Ebrard_0001_in_Franko_Simatovic_0001.jpg,Marcelo_Ebrard_0001.jpg,Franko_Simatovic_0001.jpg,0.799137,1,1
1924,Roy_Moore,Spencer_Abraham,swap_Roy_Moore_0004_in_Spencer_Abraham_0007.jpg,Roy_Moore_0004.jpg,Spencer_Abraham_0007.jpg,0.773848,1,1
1925,Chita_Rivera,Jerry_Springer,swap_Chita_Rivera_0002_in_Jerry_Springer_0002.jpg,Chita_Rivera_0002.jpg,Jerry_Springer_0002.jpg,0.756560,1,1
1926,Raymond_Odierno,Bob_Stoops,swap_Raymond_Odierno_0001_in_Bob_Stoops_0004.jpg,Raymond_Odierno_0001.jpg,Bob_Stoops_0004.jpg,0.729756,1,1
1927,Rob_Marshall,Hosni_Mubarak,swap_Rob_Marshall_0002_in_Hosni_Mubarak_0008.jpg,Rob_Marshall_0002.jpg,Hosni_Mubarak_0008.jpg,0.823637,1,1
1928,Naji_Sabri,Sylvester_Stallone,swap_Naji_Sabri_0001_in_Sylvester_Stallone_0008.jpg,Naji_Sabri_0001.jpg,Sylvester_Stallone_0008.jpg,0.769054,1,1
1929,Leland_Chapman,Tom_Watson,swap_Leland_Chapman_0001_in_Tom_Watson_0003.jpg,Leland_Chapman_0001.jpg,Tom_Watson_0003.jpg,0.746983,1,1
1930,Jose_Mourinho,Dick_Cheney,swap_Jose_Mourinho_0002_in_Dick_Cheney_0011.jpg,Jose_Mourinho_0002.jpg,Dick_Cheney_0011.jpg,0.729498,1,1
1931,Len_Jenoff,Salman_Rushdie,swap_Len_Jenoff_0001_in_Salman_Rushdie_0003.jpg,Len_Jenoff_0001.jpg,Salman_Rushdie_0003.jpg,0.753145,1,1
1932,Ben_Howland,John_Negroponte,swap_Ben_Howland_0003_in_John_Negroponte_0017.jpg,Ben_Howland_0003.jpg,John_Negroponte_0017.jpg,0.776244,1,1
1933,Amanda_Bynes,Heizo_Takenaka,swap_Amanda_Bynes_0004_in_Heizo_Takenaka_0005.jpg,Amanda_Bynes_0004.jpg,Heizo_Takenaka_0005.jpg,0.726122,1,1
1934,Ruth_Dreifuss,Paul_Patton,swap_Ruth_Dreifuss_0001_in_Paul_Patton_0001.jpg,Ruth_Dreifuss_0001.jpg,Paul_Patton_0001.jpg,0.654712,1,1
1935,Pervez_Musharraf,Janet_Thorpe,swap_Pervez_Musharraf_0002_in_Janet_Thorpe_0002.jpg,Pervez_Musharraf_0002.jpg,Janet_Thorpe_0002.jpg,0.763542,1,1
1936,Antonio_Trillanes,Carlos_Mesa,swap_Antonio_Trillanes_0002_in_Carlos_Mesa_0002.jpg,Antonio_Trillanes_0002.jpg,Carlos_Mesa_0002.jpg,0.741905,1,1
1937,Leon_LaPorte,Pedro_Solbes,swap_Leon_LaPorte_0001_in_Pedro_Solbes_0003.jpg,Leon_LaPorte_0001.jpg,Pedro_Solbes_0003.jpg,0.774431,1,1
1938,Jim_Tressel,Debra_Brown,swap_Jim_Tressel_0001_in_Debra_Brown_0001.jpg,Jim_Tressel_0001.jpg,Debra_Brown_0001.jpg,0.785694,1,1
1939,Christine_Baumgartner,Jane_Pauley,swap_Christine_Baumgartner_0002_in_Jane_Pauley_0001.jpg,Christine_Baumgartner_0002.jpg,Jane_Pauley_0001.jpg,0.813965,1,1
1940,Recep_Tayyip_Erdogan,Liza_Minnelli,swap_Recep_Tayyip_Erdogan_0024_in_Liza_Minnelli_0007.jpg,Recep_Tayyip_Erdogan_0024.jpg,Liza_Minnelli_0007.jpg,0.834178,1,1
1941,Neri_Marcore,Sally_Ride,swap_Neri_Marcore_0001_in_Sally_Ride_0001.jpg,Neri_Marcore_0001.jpg,Sally_Ride_0001.jpg,0.770843,1,1
1942,Jacques_Chirac,Jennifer_Connelly,swap_Jacques_Chirac_0018_in_Jennifer_Connelly_0004.jpg,Jacques_Chirac_0018.jpg,Jennifer_Connelly_0004.jpg,0.772111,1,1
1943,Gro_Harlem_Brundtland,Ariel_Sharon,swap_Gro_Harlem_Brundtland_0001_in_Ariel_Sharon_0048.jpg,Gro_Harlem_Brundtland_0001.jpg,Ariel_Sharon_0048.jpg,-0.095165,0,0
1944,Jean_Brumley,Larry_Johnson,swap_Jean_Brumley_0002_in_Larry_Johnson_0001.jpg,Jean_Brumley_0002.jpg,Larry_Johnson_0001.jpg,0.772232,1,1
1945,Li_Peng,Scott_McClellan,swap_Li_Peng_0009_in_Scott_McClellan_0005.jpg,Li_Peng_0009.jpg,Scott_McClellan_0005.jpg,0.710533,1,1
1946,Hassan_Wirajuda,Larry_Ellison,swap_Hassan_Wirajuda_0002_in_Larry_Ellison_0003.jpg,Hassan_Wirajuda_0002.jpg,Larry_Ellison_0003.jpg,0.832332,1,1
1947,Roy_Moore,Wu_Yi,swap_Roy_Moore_0001_in_Wu_Yi_0001.jpg,Roy_Moore_0001.jpg,Wu_Yi_0001.jpg,0.791543,1,1
1948,Laurent_Gbagbo,Bob_Beauprez,swap_Laurent_Gbagbo_0001_in_Bob_Beauprez_0002.jpg,Laurent_Gbagbo_0001.jpg,Bob_Beauprez_0002.jpg,0.743167,1,1
1949,Dennis_Kucinich,Harbhajan_Singh,swap_Dennis_Kucinich_0001_in_Harbhajan_Singh_0001.jpg,Dennis_Kucinich_0001.jpg,Harbhajan_Singh_0001.jpg,0.836235,1,1
1950,David_Anderson,Gregory_Geoffroy,swap_David_Anderson_0001_in_Gregory_Geoffroy_0001.jpg,David_Anderson_0001.jpg,Gregory_Geoffroy_0001.jpg,0.742334,1,1
1951,Marcelo_Salas,Colin_Montgomerie,swap_Marcelo_Salas_0001_in_Colin_Montgomerie_0005.jpg,Marcelo_Salas_0001.jpg,Colin_Montgomerie_0005.jpg,0.681129,1,1
1952,Phil_Gramm,Alex_Sink,swap_Phil_Gramm_0002_in_Alex_Sink_0002.jpg,Phil_Gramm_0002.jpg,Alex_Sink_0002.jpg,0.655061,1,1
1953,Robin_Cook,Michael_Schumacher,swap_Robin_Cook_0001_in_Michael_Schumacher_0016.jpg,Robin_Cook_0001.jpg,Michael_Schumacher_0016.jpg,0.799431,1,1
1954,Jean_Chretien,Justin_Timberlake,swap_Jean_Chretien_0029_in_Justin_Timberlake_0001.jpg,Jean_Chretien_0029.jpg,Justin_Timberlake_0001.jpg,0.768786,1,1
1955,Hassan_Nasrallah,Don_Nickles,swap_Hassan_Nasrallah_0001_in_Don_Nickles_0001.jpg,Hassan_Nasrallah_0001.jpg,Don_Nickles_0001.jpg,0.717670,1,1
1956,Will_Smith,Fidel_Castro,swap_Will_Smith_0002_in_Fidel_Castro_0014.jpg,Will_Smith_0002.jpg,Fidel_Castro_0014.jpg,0.687086,1,1
1957,Nathan_Lane,Jean-David_Levitte,swap_Nathan_Lane_0002_in_Jean-David_Levitte_0008.jpg,Nathan_Lane_0002.jpg,Jean-David_Levitte_0008.jpg,0.014720,0,0
1958,Orrin_Hatch,Ricky_Martin,swap_Orrin_Hatch_0002_in_Ricky_Martin_0002.jpg,Orrin_Hatch_0002.jpg,Ricky_Martin_0002.jpg,0.703962,1,1
1959,Hootie_Johnson,Muhammad_Ali,swap_Hootie_Johnson_0001_in_Muhammad_Ali_0005.jpg,Hootie_Johnson_0001.jpg,Muhammad_Ali_0005.jpg,0.708782,1,1
1960,David_Spade,Vicente_Fox,swap_David_Spade_0002_in_Vicente_Fox_0015.jpg,David_Spade_0002.jpg,Vicente_Fox_0015.jpg,0.796829,1,1
1961,Luis_Gonzalez_Macchi,Joe_Gatti,swap_Luis_Gonzalez_Macchi_0003_in_Joe_Gatti_0001.jpg,Luis_Gonzalez_Macchi_0003.jpg,Joe_Gatti_0001.jpg,0.761895,1,1
1962,Claudia_Schiffer,Jennifer_Garner,swap_Claudia_Schiffer_0002_in_Jennifer_Garner_0008.jpg,Claudia_Schiffer_0002.jpg,Jennifer_Garner_0008.jpg,0.725786,1,1
1963,David_Caraway,Pedro_Malan,swap_David_Caraway_0001_in_Pedro_Malan_0005.jpg,David_Caraway_0001.jpg,Pedro_Malan_0005.jpg,0.773691,1,1
1964,Hamid_Karzai,Diana_Krall,swap_Hamid_Karzai_0006_in_Diana_Krall_0006.jpg,Hamid_Karzai_0006.jpg,Diana_Krall_0006.jpg,0.786475,1,1
1965,Roy_Jones_Jr,Ricky_Ponting,swap_Roy_Jones_Jr_0001_in_Ricky_Ponting_0001.jpg,Roy_Jones_Jr_0001.jpg,Ricky_Ponting_0001.jpg,0.703333,1,1
1966,Frank_Dunham_Jr,Caroline_Kennedy,swap_Frank_Dunham_Jr_0001_in_Caroline_Kennedy_0002.jpg,Frank_Dunham_Jr_0001.jpg,Caroline_Kennedy_0002.jpg,0.029611,0,0
1967,Naomi_Watts,Charles_Kartman,swap_Naomi_Watts_0015_in_Charles_Kartman_0002.jpg,Naomi_Watts_0015.jpg,Charles_Kartman_0002.jpg,0.712637,1,1
1968,Job_Cohen,Dianne_Feinstein,swap_Job_Cohen_0001_in_Dianne_Feinstein_0003.jpg,Job_Cohen_0001.jpg,Dianne_Feinstein_0003.jpg,0.822196,1,1
1969,Sandra_Bullock,Amer_al-Saadi,swap_Sandra_Bullock_0003_in_Amer_al-Saadi_0003.jpg,Sandra_Bullock_0003.jpg,Amer_al-Saadi_0003.jpg,0.712156,1,1
1970,Claudia_Pechstein,Joe_Mantello,swap_Claudia_Pechstein_0004_in_Joe_Mantello_0001.jpg,Claudia_Pechstein_0004.jpg,Joe_Mantello_0001.jpg,0.728477,1,1
1971,Michael_Bloomberg,Hilmi_Ozkok,swap_Michael_Bloomberg_0004_in_Hilmi_Ozkok_0001.jpg,Michael_Bloomberg_0004.jpg,Hilmi_Ozkok_0001.jpg,0.853298,1,1
1972,Jose_Manuel_Durao_Barroso,Maria_Soledad_Alvear_Valenzuela,swap_Jose_Manuel_Durao_Barroso_0002_in_Maria_Soledad_Alvear_Valenzuela_0004.jpg,Jose_Manuel_Durao_Barroso_0002.jpg,Maria_Soledad_Alvear_Valenzuela_0004.jpg,0.729058,1,1
1973,Jacqueline_Obradors,Cristina_Saralegui,swap_Jacqueline_Obradors_0001_in_Cristina_Saralegui_0002.jpg,Jacqueline_Obradors_0001.jpg,Cristina_Saralegui_0002.jpg,0.804705,1,1
1974,Ray_Romano,Sam_Torrance,swap_Ray_Romano_0005_in_Sam_Torrance_0002.jpg,Ray_Romano_0005.jpg,Sam_Torrance_0002.jpg,0.782829,1,1
1975,Harry_Kalas,Thabo_Mbeki,swap_Harry_Kalas_0001_in_Thabo_Mbeki_0005.jpg,Harry_Kalas_0001.jpg,Thabo_Mbeki_0005.jpg,0.819257,1,1
1976,Silvio_Fernandez,Kjell_Magne_Bondevik,swap_Silvio_Fernandez_0002_in_Kjell_Magne_Bondevik_0003.jpg,Silvio_Fernandez_0002.jpg,Kjell_Magne_Bondevik_0003.jpg,0.769407,1,1
1977,Carlos_Quintanilla_Schmidt,Spencer_Abraham,swap_Carlos_Quintanilla_Schmidt_0002_in_Spencer_Abraham_0002.jpg,Carlos_Quintanilla_Schmidt_0002.jpg,Spencer_Abraham_0002.jpg,0.766156,1,1
1978,Christine_Gregoire,Robert_Mugabe,swap_Christine_Gregoire_0001_in_Robert_Mugabe_0002.jpg,Christine_Gregoire_0001.jpg,Robert_Mugabe_0002.jpg,0.719826,1,1
1979,Alexandra_Stevenson,Jorge_Castaneda,swap_Alexandra_Stevenson_0003_in_Jorge_Castaneda_0001.jpg,Alexandra_Stevenson_0003.jpg,Jorge_Castaneda_0001.jpg,0.667636,1,1
1980,Kurt_Busch,Jeremy_Shockey,swap_Kurt_Busch_0001_in_Jeremy_Shockey_0002.jpg,Kurt_Busch_0001.jpg,Jeremy_Shockey_0002.jpg,0.777844,1,1
1981,Arlen_Specter,Paul_Byrd,swap_Arlen_Specter_0003_in_Paul_Byrd_0001.jpg,Arlen_Specter_0003.jpg,Paul_Byrd_0001.jpg,0.829252,1,1
1982,Nick_Nolte,Matthew_Perry,swap_Nick_Nolte_0002_in_Matthew_Perry_0007.jpg,Nick_Nolte_0002.jpg,Matthew_Perry_0007.jpg,0.737659,1,1
1983,Tom_Crean,Guillaume_Soro,swap_Tom_Crean_0002_in_Guillaume_Soro_0001.jpg,Tom_Crean_0002.jpg,Guillaume_Soro_0001.jpg,0.740594,1,1
1984,Billy_Graham,Michael_Kostelnik,swap_Billy_Graham_0002_in_Michael_Kostelnik_0001.jpg,Billy_Graham_0002.jpg,Michael_Kostelnik_0001.jpg,0.801734,1,1
1985,Marlene_Weingartner,Johnny_Carson,swap_Marlene_Weingartner_0001_in_Johnny_Carson_0002.jpg,Marlene_Weingartner_0001.jpg,Johnny_Carson_0002.jpg,0.767479,1,1
1986,JK_Rowling,Patrick_Ewing,swap_JK_Rowling_0005_in_Patrick_Ewing_0001.jpg,JK_Rowling_0005.jpg,Patrick_Ewing_0001.jpg,0.814960,1,1
1987,Rio_Ferdinand,Jessica_Alba,swap_Rio_Ferdinand_0002_in_Jessica_Alba_0001.jpg,Rio_Ferdinand_0002.jpg,Jessica_Alba_0001.jpg,0.807319,1,1
1988,Sebastien_Grosjean,Katie_Harman,swap_Sebastien_Grosjean_0003_in_Katie_Harman_0002.jpg,Sebastien_Grosjean_0003.jpg,Katie_Harman_0002.jpg,0.697383,1,1
1989,Joe_Mantello,Akbar_Hashemi_Rafsanjani,swap_Joe_Mantello_0002_in_Akbar_Hashemi_Rafsanjani_0002.jpg,Joe_Mantello_0002.jpg,Akbar_Hashemi_Rafsanjani_0002.jpg,0.832709,1,1
1990,Jelena_Dokic,Hugo_Chavez,swap_Jelena_Dokic_0008_in_Hugo_Chavez_0012.jpg,Jelena_Dokic_0008.jpg,Hugo_Chavez_0012.jpg,0.702460,1,1
1991,Emma_Watson,Silvia_Farina_Elia,swap_Emma_Watson_0004_in_Silvia_Farina_Elia_0003.jpg,Emma_Watson_0004.jpg,Silvia_Farina_Elia_0003.jpg,0.737636,1,1
1992,Julianna_Margulies,William_Burns,swap_Julianna_Margulies_0002_in_William_Burns_0002.jpg,Julianna_Margulies_0002.jpg,William_Burns_0002.jpg,0.761848,1,1
1993,Daryl_Hannah,William_Martin,swap_Daryl_Hannah_0002_in_William_Martin_0002.jpg,Daryl_Hannah_0002.jpg,William_Martin_0002.jpg,0.703361,1,1
1994,Christine_Gregoire,Nora_Bendijo,swap_Christine_Gregoire_0001_in_Nora_Bendijo_0001.jpg,Christine_Gregoire_0001.jpg,Nora_Bendijo_0001.jpg,0.741363,1,1
1995,Elinor_Caplan,Holly_Hunter,swap_Elinor_Caplan_0002_in_Holly_Hunter_0007.jpg,Elinor_Caplan_0002.jpg,Holly_Hunter_0007.jpg,0.684556,1,1
1996,Matt_Dillon,Janet_Napolitano,swap_Matt_Dillon_0001_in_Janet_Napolitano_0004.jpg,Matt_Dillon_0001.jpg,Janet_Napolitano_0004.jpg,0.810669,1,1
1997,Bob_Geldof,Adolfo_Aguilar_Zinser,swap_Bob_Geldof_0002_in_Adolfo_Aguilar_Zinser_0003.jpg,Bob_Geldof_0002.jpg,Adolfo_Aguilar_Zinser_0003.jpg,0.824940,1,1
1998,Gray_Davis,Judy_Genshaft,swap_Gray_Davis_0006_in_Judy_Genshaft_0002.jpg,Gray_Davis_0006.jpg,Judy_Genshaft_0002.jpg,0.807451,1,1
1999,Scott_McNealy,Mukesh_Ambani,swap_Scott_McNealy_0001_in_Mukesh_Ambani_0001.jpg,Scott_McNealy_0001.jpg,Mukesh_Ambani_0001.jpg,0.730978,1,1
2000,Dick_Latessa,John_Malkovich,swap_Dick_Latessa_0002_in_John_Malkovich_0003.jpg,Dick_Latessa_0002.jpg,John_Malkovich_0003.jpg,0.802796,1,1
2001,Maggie_Smith,Angela_Bassett,swap_Maggie_Smith_0002_in_Angela_Bassett_0005.jpg,Maggie_Smith_0002.jpg,Angela_Bassett_0005.jpg,0.808137,1,1
2002,Hootie_Johnson,Marat_Safin,swap_Hootie_Johnson_0002_in_Marat_Safin_0001.jpg,Hootie_Johnson_0002.jpg,Marat_Safin_0001.jpg,0.740554,1,1
2003,Ali_Naimi,Vidar_Helgesen,swap_Ali_Naimi_0001_in_Vidar_Helgesen_0001.jpg,Ali_Naimi_0001.jpg,Vidar_Helgesen_0001.jpg,0.652115,1,1
2004,Gerhard_Schroeder,Hideki_Matsui,swap_Gerhard_Schroeder_0082_in_Hideki_Matsui_0002.jpg,Gerhard_Schroeder_0082.jpg,Hideki_Matsui_0002.jpg,0.784308,1,1
2005,Chan_Gailey,Richard_Armitage,swap_Chan_Gailey_0003_in_Richard_Armitage_0005.jpg,Chan_Gailey_0003.jpg,Richard_Armitage_0005.jpg,0.748269,1,1
2006,Julie_Taymor,Dennis_Powell,swap_Julie_Taymor_0002_in_Dennis_Powell_0001.jpg,Julie_Taymor_0002.jpg,Dennis_Powell_0001.jpg,0.785364,1,1
2007,Alison_Lohman,Cate_Blanchett,swap_Alison_Lohman_0002_in_Cate_Blanchett_0004.jpg,Alison_Lohman_0002.jpg,Cate_Blanchett_0004.jpg,0.008097,0,0
2008,Barrett_Jackman,Paris_Hilton,swap_Barrett_Jackman_0002_in_Paris_Hilton_0002.jpg,Barrett_Jackman_0002.jpg,Paris_Hilton_0002.jpg,0.673447,1,1
2009,Morgan_Freeman,Kifah_Ajouri,swap_Morgan_Freeman_0002_in_Kifah_Ajouri_0002.jpg,Morgan_Freeman_0002.jpg,Kifah_Ajouri_0002.jpg,0.787690,1,1
2010,Ruben_Studdard,Zhang_Ziyi,swap_Ruben_Studdard_0001_in_Zhang_Ziyi_0003.jpg,Ruben_Studdard_0001.jpg,Zhang_Ziyi_0003.jpg,0.628020,1,1
2011,Martha_Beatriz_Roque,Stanley_McChrystal,swap_Martha_Beatriz_Roque_0001_in_Stanley_McChrystal_0002.jpg,Martha_Beatriz_Roque_0001.jpg,Stanley_McChrystal_0002.jpg,0.784841,1,1
2012,Darrell_Porter,Nicanor_Duarte_Frutos,swap_Darrell_Porter_0001_in_Nicanor_Duarte_Frutos_0003.jpg,Darrell_Porter_0001.jpg,Nicanor_Duarte_Frutos_0003.jpg,0.743311,1,1
2013,Jackie_Chan,Lech_Walesa,swap_Jackie_Chan_0012_in_Lech_Walesa_0001.jpg,Jackie_Chan_0012.jpg,Lech_Walesa_0001.jpg,0.784056,1,1
2014,Jeremy_Shockey,Darren_Clarke,swap_Jeremy_Shockey_0001_in_Darren_Clarke_0002.jpg,Jeremy_Shockey_0001.jpg,Darren_Clarke_0002.jpg,0.718824,1,1
2015,Jessica_Alba,Justin_Leonard,swap_Jessica_Alba_0002_in_Justin_Leonard_0001.jpg,Jessica_Alba_0002.jpg,Justin_Leonard_0001.jpg,0.752757,1,1
2016,Harry_Kalas,Hassan_Nasrallah,swap_Harry_Kalas_0001_in_Hassan_Nasrallah_0001.jpg,Harry_Kalas_0001.jpg,Hassan_Nasrallah_0001.jpg,0.820500,1,1
2017,Tom_Coverdale,Phil_Vassar,swap_Tom_Coverdale_0001_in_Phil_Vassar_0001.jpg,Tom_Coverdale_0001.jpg,Phil_Vassar_0001.jpg,0.748227,1,1
2018,Paris_Hilton,Terrell_Suggs,swap_Paris_Hilton_0001_in_Terrell_Suggs_0002.jpg,Paris_Hilton_0001.jpg,Terrell_Suggs_0002.jpg,0.751005,1,1
2019,Ismail_Merchant,Rodrigo_Borja,swap_Ismail_Merchant_0002_in_Rodrigo_Borja_0002.jpg,Ismail_Merchant_0002.jpg,Rodrigo_Borja_0002.jpg,-0.020152,0,0
2020,Roger_Clemens,Ruth_Dreifuss,swap_Roger_Clemens_0002_in_Ruth_Dreifuss_0001.jpg,Roger_Clemens_0002.jpg,Ruth_Dreifuss_0001.jpg,0.697994,1,1
2021,Michael_Capellas,Nelson_Mandela,swap_Michael_Capellas_0002_in_Nelson_Mandela_0002.jpg,Michael_Capellas_0002.jpg,Nelson_Mandela_0002.jpg,0.765114,1,1
2022,Al_Davis,Christian_Longo,swap_Al_Davis_0002_in_Christian_Longo_0002.jpg,Al_Davis_0002.jpg,Christian_Longo_0002.jpg,0.743243,1,1
2023,Toshihiko_Fukui,Luiz_Felipe_Scolari,swap_Toshihiko_Fukui_0002_in_Luiz_Felipe_Scolari_0002.jpg,Toshihiko_Fukui_0002.jpg,Luiz_Felipe_Scolari_0002.jpg,0.752559,1,1
2024,Darrell_Porter,Bruce_Weber,swap_Darrell_Porter_0001_in_Bruce_Weber_0001.jpg,Darrell_Porter_0001.jpg,Bruce_Weber_0001.jpg,0.707385,1,1
2025,Mario_Cipollini,Erin_Runnion,swap_Mario_Cipollini_0001_in_Erin_Runnion_0001.jpg,Mario_Cipollini_0001.jpg,Erin_Runnion_0001.jpg,0.755283,1,1
2026,Julie_Taymor,Leander_Paes,swap_Julie_Taymor_0001_in_Leander_Paes_0001.jpg,Julie_Taymor_0001.jpg,Leander_Paes_0001.jpg,0.831613,1,1
2027,Zhu_Rongji,Chen_Shui-bian,swap_Zhu_Rongji_0001_in_Chen_Shui-bian_0004.jpg,Zhu_Rongji_0001.jpg,Chen_Shui-bian_0004.jpg,0.832823,1,1
2028,Jeff_Van_Gundy,Ilan_Ramon,swap_Jeff_Van_Gundy_0003_in_Ilan_Ramon_0002.jpg,Jeff_Van_Gundy_0003.jpg,Ilan_Ramon_0002.jpg,0.850528,1,1
2029,Christine_Ebersole,Zarai_Toledo,swap_Christine_Ebersole_0002_in_Zarai_Toledo_0002.jpg,Christine_Ebersole_0002.jpg,Zarai_Toledo_0002.jpg,0.701112,1,1
2030,David_Stern,Scott_McClellan,swap_David_Stern_0003_in_Scott_McClellan_0001.jpg,David_Stern_0003.jpg,Scott_McClellan_0001.jpg,0.039125,0,0
2031,Susan_Collins,Yu_Shyi-kun,swap_Susan_Collins_0001_in_Yu_Shyi-kun_0002.jpg,Susan_Collins_0001.jpg,Yu_Shyi-kun_0002.jpg,-0.012551,0,0
2032,Charles_Taylor,Ruben_Studdard,swap_Charles_Taylor_0003_in_Ruben_Studdard_0001.jpg,Charles_Taylor_0003.jpg,Ruben_Studdard_0001.jpg,0.772554,1,1
2033,Hugh_Grant,Chang_Dae-whan,swap_Hugh_Grant_0004_in_Chang_Dae-whan_0001.jpg,Hugh_Grant_0004.jpg,Chang_Dae-whan_0001.jpg,0.801356,1,1
2034,Bill_Clinton,Katherine_Harris,swap_Bill_Clinton_0023_in_Katherine_Harris_0001.jpg,Bill_Clinton_0023.jpg,Katherine_Harris_0001.jpg,0.777728,1,1
2035,Bill_Callahan,Aldo_Paredes,swap_Bill_Callahan_0002_in_Aldo_Paredes_0002.jpg,Bill_Callahan_0002.jpg,Aldo_Paredes_0002.jpg,0.023763,0,0
2036,Angela_Lansbury,Duane_Lee_Chapman,swap_Angela_Lansbury_0001_in_Duane_Lee_Chapman_0001.jpg,Angela_Lansbury_0001.jpg,Duane_Lee_Chapman_0001.jpg,0.795908,1,1
2037,Vincent_Brooks,Richard_Virenque,swap_Vincent_Brooks_0005_in_Richard_Virenque_0001.jpg,Vincent_Brooks_0005.jpg,Richard_Virenque_0001.jpg,0.781966,1,1
2038,Leslie_Moonves,Carson_Palmer,swap_Leslie_Moonves_0002_in_Carson_Palmer_0001.jpg,Leslie_Moonves_0002.jpg,Carson_Palmer_0001.jpg,0.773000,1,1
2039,Barbra_Streisand,Hilmi_Ozkok,swap_Barbra_Streisand_0003_in_Hilmi_Ozkok_0001.jpg,Barbra_Streisand_0003.jpg,Hilmi_Ozkok_0001.jpg,0.811215,1,1
2040,Thaksin_Shinawatra,Brian_Cowen,swap_Thaksin_Shinawatra_0001_in_Brian_Cowen_0001.jpg,Thaksin_Shinawatra_0001.jpg,Brian_Cowen_0001.jpg,0.808919,1,1
2041,Norah_Jones,Edmund_Hillary,swap_Norah_Jones_0003_in_Edmund_Hillary_0003.jpg,Norah_Jones_0003.jpg,Edmund_Hillary_0003.jpg,0.691637,1,1
2042,Jelena_Dokic,Allen_Iverson,swap_Jelena_Dokic_0002_in_Allen_Iverson_0001.jpg,Jelena_Dokic_0002.jpg,Allen_Iverson_0001.jpg,0.653687,1,1
2043,Suzanne_Gaudet,Guido_Westerwelle,swap_Suzanne_Gaudet_0002_in_Guido_Westerwelle_0002.jpg,Suzanne_Gaudet_0002.jpg,Guido_Westerwelle_0002.jpg,0.633502,1,1
2044,Dan_Wheldon,Mariangel_Ruiz_Torrealba,swap_Dan_Wheldon_0001_in_Mariangel_Ruiz_Torrealba_0003.jpg,Dan_Wheldon_0001.jpg,Mariangel_Ruiz_Torrealba_0003.jpg,0.807134,1,1
2045,Nadine_Vinzens,Bashar_Assad,swap_Nadine_Vinzens_0001_in_Bashar_Assad_0001.jpg,Nadine_Vinzens_0001.jpg,Bashar_Assad_0001.jpg,0.729025,1,1
2046,Meghann_Shaughnessy,Enrique_Bolanos,swap_Meghann_Shaughnessy_0001_in_Enrique_Bolanos_0003.jpg,Meghann_Shaughnessy_0001.jpg,Enrique_Bolanos_0003.jpg,0.685362,1,1
2047,David_Spade,Thabo_Mbeki,swap_David_Spade_0001_in_Thabo_Mbeki_0001.jpg,David_Spade_0001.jpg,Thabo_Mbeki_0001.jpg,0.704568,1,1
2048,Emile_Lahoud,Mario_Kreutzberger,swap_Emile_Lahoud_0002_in_Mario_Kreutzberger_0002.jpg,Emile_Lahoud_0002.jpg,Mario_Kreutzberger_0002.jpg,0.752595,1,1
2049,Ruth_Dreifuss,Nursultan_Nazarbayev,swap_Ruth_Dreifuss_0001_in_Nursultan_Nazarbayev_0002.jpg,Ruth_Dreifuss_0001.jpg,Nursultan_Nazarbayev_0002.jpg,0.580353,1,0
2050,Robert_DeFraites,Carl_Reiner,swap_Robert_DeFraites_0001_in_Carl_Reiner_0002.jpg,Robert_DeFraites_0001.jpg,Carl_Reiner_0002.jpg,0.769529,1,1
2051,John_Garamendi,Kate_Hudson,swap_John_Garamendi_0001_in_Kate_Hudson_0009.jpg,John_Garamendi_0001.jpg,Kate_Hudson_0009.jpg,0.725533,1,1
2052,Faye_Dunaway,Jose_Viegas_Filho,swap_Faye_Dunaway_0001_in_Jose_Viegas_Filho_0002.jpg,Faye_Dunaway_0001.jpg,Jose_Viegas_Filho_0002.jpg,-0.041292,0,0
2053,Chakib_Khelil,Leonard_Hamilton,swap_Chakib_Khelil_0001_in_Leonard_Hamilton_0001.jpg,Chakib_Khelil_0001.jpg,Leonard_Hamilton_0001.jpg,0.775812,1,1
2054,Marcelo_Rios,Tim_Curry,swap_Marcelo_Rios_0003_in_Tim_Curry_0002.jpg,Marcelo_Rios_0003.jpg,Tim_Curry_0002.jpg,0.731277,1,1
2055,Milo_Djukanovic,Sharon_Osbourne,swap_Milo_Djukanovic_0001_in_Sharon_Osbourne_0001.jpg,Milo_Djukanovic_0001.jpg,Sharon_Osbourne_0001.jpg,0.784149,1,1
2056,James_Maguire,Marat_Safin,swap_James_Maguire_0001_in_Marat_Safin_0002.jpg,James_Maguire_0001.jpg,Marat_Safin_0002.jpg,0.686683,1,1
2057,Habib_Rizieq,Lauren_Hutton,swap_Habib_Rizieq_0005_in_Lauren_Hutton_0002.jpg,Habib_Rizieq_0005.jpg,Lauren_Hutton_0002.jpg,0.790097,1,1
2058,Roh_Moo-hyun,Kosuke_Kitajima,swap_Roh_Moo-hyun_0015_in_Kosuke_Kitajima_0002.jpg,Roh_Moo-hyun_0015.jpg,Kosuke_Kitajima_0002.jpg,0.037489,0,0
2059,Harvey_Weinstein,Keanu_Reeves,swap_Harvey_Weinstein_0001_in_Keanu_Reeves_0002.jpg,Harvey_Weinstein_0001.jpg,Keanu_Reeves_0002.jpg,0.809368,1,1
2060,William_Bratton,Lisa_Gottsegen,swap_William_Bratton_0003_in_Lisa_Gottsegen_0002.jpg,William_Bratton_0003.jpg,Lisa_Gottsegen_0002.jpg,0.795119,1,1
2061,Dennis_Powell,Al_Davis,swap_Dennis_Powell_0002_in_Al_Davis_0001.jpg,Dennis_Powell_0002.jpg,Al_Davis_0001.jpg,0.791008,1,1
2062,Johnson_Panjaitan,Kim_Jin-sun,swap_Johnson_Panjaitan_0001_in_Kim_Jin-sun_0001.jpg,Johnson_Panjaitan_0001.jpg,Kim_Jin-sun_0001.jpg,0.840314,1,1
2063,Chung_Mong-joon,Johnny_Depp,swap_Chung_Mong-joon_0002_in_Johnny_Depp_0001.jpg,Chung_Mong-joon_0002.jpg,Johnny_Depp_0001.jpg,0.778237,1,1
2064,Steven_Seagal,David_Heymann,swap_Steven_Seagal_0001_in_David_Heymann_0003.jpg,Steven_Seagal_0001.jpg,David_Heymann_0003.jpg,0.773482,1,1
2065,Eddy_Merckx,Javier_Solana,swap_Eddy_Merckx_0001_in_Javier_Solana_0010.jpg,Eddy_Merckx_0001.jpg,Javier_Solana_0010.jpg,0.815715,1,1
2066,Jose_Dirceu,Cesar_Gaviria,swap_Jose_Dirceu_0001_in_Cesar_Gaviria_0007.jpg,Jose_Dirceu_0001.jpg,Cesar_Gaviria_0007.jpg,0.758460,1,1
2067,Sheryl_Crow,Maria_Soledad_Alvear_Valenzuela,swap_Sheryl_Crow_0005_in_Maria_Soledad_Alvear_Valenzuela_0005.jpg,Sheryl_Crow_0005.jpg,Maria_Soledad_Alvear_Valenzuela_0005.jpg,0.772531,1,1
2068,Orrin_Hatch,Gray_Davis,swap_Orrin_Hatch_0002_in_Gray_Davis_0012.jpg,Orrin_Hatch_0002.jpg,Gray_Davis_0012.jpg,0.713396,1,1
2069,Lisa_Gottsegen,Rio_Ferdinand,swap_Lisa_Gottsegen_0002_in_Rio_Ferdinand_0002.jpg,Lisa_Gottsegen_0002.jpg,Rio_Ferdinand_0002.jpg,0.684085,1,1
2070,Markus_Naslund,Guillermo_Coria,swap_Markus_Naslund_0001_in_Guillermo_Coria_0025.jpg,Markus_Naslund_0001.jpg,Guillermo_Coria_0025.jpg,0.751265,1,1
2071,Latrell_Sprewell,Carla_Myers,swap_Latrell_Sprewell_0001_in_Carla_Myers_0002.jpg,Latrell_Sprewell_0001.jpg,Carla_Myers_0002.jpg,0.595780,1,0
2072,Madonna,Marcus_Gronholm,swap_Madonna_0002_in_Marcus_Gronholm_0001.jpg,Madonna_0002.jpg,Marcus_Gronholm_0001.jpg,0.653189,1,1
2073,Allison_Janney,Bridgette_Wilson-Sampras,swap_Allison_Janney_0001_in_Bridgette_Wilson-Sampras_0001.jpg,Allison_Janney_0001.jpg,Bridgette_Wilson-Sampras_0001.jpg,0.704747,1,1
2074,Maria_Luisa_Mendonca,Robert_Mugabe,swap_Maria_Luisa_Mendonca_0001_in_Robert_Mugabe_0001.jpg,Maria_Luisa_Mendonca_0001.jpg,Robert_Mugabe_0001.jpg,0.091474,0,0
2075,John_Mayer,Patrick_Roy,swap_John_Mayer_0003_in_Patrick_Roy_0002.jpg,John_Mayer_0003.jpg,Patrick_Roy_0002.jpg,0.844615,1,1
2076,Condoleezza_Rice,Hitomi_Soga,swap_Condoleezza_Rice_0010_in_Hitomi_Soga_0005.jpg,Condoleezza_Rice_0010.jpg,Hitomi_Soga_0005.jpg,0.710727,1,1
2077,Brian_Cowen,Thomas_Wyman,swap_Brian_Cowen_0001_in_Thomas_Wyman_0002.jpg,Brian_Cowen_0001.jpg,Thomas_Wyman_0002.jpg,0.789789,1,1
2078,Vince_Gill,Leonard_Hamilton,swap_Vince_Gill_0001_in_Leonard_Hamilton_0002.jpg,Vince_Gill_0001.jpg,Leonard_Hamilton_0002.jpg,0.795870,1,1
2079,Rick_Dinse,Margaret_Thatcher,swap_Rick_Dinse_0002_in_Margaret_Thatcher_0002.jpg,Rick_Dinse_0002.jpg,Margaret_Thatcher_0002.jpg,0.513620,1,0
2080,Michael_Winterbottom,Jean-Francois_Pontal,swap_Michael_Winterbottom_0003_in_Jean-Francois_Pontal_0003.jpg,Michael_Winterbottom_0003.jpg,Jean-Francois_Pontal_0003.jpg,0.703944,1,1
2081,Alberto_Ruiz_Gallardon,Tim_Henman,swap_Alberto_Ruiz_Gallardon_0001_in_Tim_Henman_0014.jpg,Alberto_Ruiz_Gallardon_0001.jpg,Tim_Henman_0014.jpg,0.795331,1,1
2082,Carson_Palmer,John_McCallum,swap_Carson_Palmer_0004_in_John_McCallum_0002.jpg,Carson_Palmer_0004.jpg,John_McCallum_0002.jpg,0.719617,1,1
2083,John_Banko,Klaus_Zwickel,swap_John_Banko_0002_in_Klaus_Zwickel_0001.jpg,John_Banko_0002.jpg,Klaus_Zwickel_0001.jpg,0.762599,1,1
2084,Amanda_Coetzer,Denise_Johnson,swap_Amanda_Coetzer_0002_in_Denise_Johnson_0001.jpg,Amanda_Coetzer_0002.jpg,Denise_Johnson_0001.jpg,0.754363,1,1
2085,Mahathir_Mohamad,Kemal_Dervis,swap_Mahathir_Mohamad_0003_in_Kemal_Dervis_0002.jpg,Mahathir_Mohamad_0003.jpg,Kemal_Dervis_0002.jpg,0.735719,1,1
2086,Sebastian_Saja,John_Snow,swap_Sebastian_Saja_0002_in_John_Snow_0004.jpg,Sebastian_Saja_0002.jpg,John_Snow_0004.jpg,0.714133,1,1
2087,Nabil_Shaath,Robert_Ehrlich,swap_Nabil_Shaath_0002_in_Robert_Ehrlich_0002.jpg,Nabil_Shaath_0002.jpg,Robert_Ehrlich_0002.jpg,0.687320,1,1
2088,Lisa_Gottsegen,Mohammad_Khatami,swap_Lisa_Gottsegen_0001_in_Mohammad_Khatami_0009.jpg,Lisa_Gottsegen_0001.jpg,Mohammad_Khatami_0009.jpg,0.806892,1,1
2089,Arnaud_Clement,John_Taylor,swap_Arnaud_Clement_0002_in_John_Taylor_0002.jpg,Arnaud_Clement_0002.jpg,John_Taylor_0002.jpg,0.579279,1,0
2090,Olesya_Bonabarenko,John_Brady,swap_Olesya_Bonabarenko_0002_in_John_Brady_0002.jpg,Olesya_Bonabarenko_0002.jpg,John_Brady_0002.jpg,0.544536,1,0
2091,Jacques_Chirac,Ashanti,swap_Jacques_Chirac_0002_in_Ashanti_0005.jpg,Jacques_Chirac_0002.jpg,Ashanti_0005.jpg,0.798653,1,1
2092,Ann_Veneman,Charles_Schumer,swap_Ann_Veneman_0006_in_Charles_Schumer_0002.jpg,Ann_Veneman_0006.jpg,Charles_Schumer_0002.jpg,0.772543,1,1
2093,Xanana_Gusmao,Steven_Spielberg,swap_Xanana_Gusmao_0005_in_Steven_Spielberg_0001.jpg,Xanana_Gusmao_0005.jpg,Steven_Spielberg_0001.jpg,0.697871,1,1
2094,Todd_Haynes,Peter_Struck,swap_Todd_Haynes_0003_in_Peter_Struck_0004.jpg,Todd_Haynes_0003.jpg,Peter_Struck_0004.jpg,0.726966,1,1
2095,Brian_Heidik,Keanu_Reeves,swap_Brian_Heidik_0002_in_Keanu_Reeves_0006.jpg,Brian_Heidik_0002.jpg,Keanu_Reeves_0006.jpg,0.772515,1,1
2096,Juan_Pablo_Montoya,Jelena_Dokic,swap_Juan_Pablo_Montoya_0001_in_Jelena_Dokic_0004.jpg,Juan_Pablo_Montoya_0001.jpg,Jelena_Dokic_0004.jpg,0.751345,1,1
2097,Gary_Bergeron,Frances_Fisher,swap_Gary_Bergeron_0002_in_Frances_Fisher_0001.jpg,Gary_Bergeron_0002.jpg,Frances_Fisher_0001.jpg,0.762641,1,1
2098,Rolf_Eckrodt,Barbara_Walters,swap_Rolf_Eckrodt_0002_in_Barbara_Walters_0001.jpg,Rolf_Eckrodt_0002.jpg,Barbara_Walters_0001.jpg,0.801305,1,1
2099,Jason_Kidd,David_Kelley,swap_Jason_Kidd_0001_in_David_Kelley_0002.jpg,Jason_Kidd_0001.jpg,David_Kelley_0002.jpg,0.754727,1,1
2100,Anders_Ebbeson,Leander_Paes,swap_Anders_Ebbeson_0003_in_Leander_Paes_0002.jpg,Anders_Ebbeson_0003.jpg,Leander_Paes_0002.jpg,0.710099,1,1
2101,Mukesh_Ambani,Martin_Brodeur,swap_Mukesh_Ambani_0002_in_Martin_Brodeur_0002.jpg,Mukesh_Ambani_0002.jpg,Martin_Brodeur_0002.jpg,0.814382,1,1
2102,Alejandro_Avila,Rupert_Murdoch,swap_Alejandro_Avila_0002_in_Rupert_Murdoch_0001.jpg,Alejandro_Avila_0002.jpg,Rupert_Murdoch_0001.jpg,0.728826,1,1
2103,Iva_Majoli,John_Brady,swap_Iva_Majoli_0002_in_John_Brady_0002.jpg,Iva_Majoli_0002.jpg,John_Brady_0002.jpg,0.681173,1,1
2104,Nancy_Reagan,Brian_Mulroney,swap_Nancy_Reagan_0002_in_Brian_Mulroney_0001.jpg,Nancy_Reagan_0002.jpg,Brian_Mulroney_0001.jpg,0.752622,1,1
2105,Ronald_Reagan,Robert_Ehrlich,swap_Ronald_Reagan_0001_in_Robert_Ehrlich_0002.jpg,Ronald_Reagan_0001.jpg,Robert_Ehrlich_0002.jpg,0.821054,1,1
2106,Marco_Antonio_Barrera,Marina_Anissina,swap_Marco_Antonio_Barrera_0006_in_Marina_Anissina_0002.jpg,Marco_Antonio_Barrera_0006.jpg,Marina_Anissina_0002.jpg,0.806231,1,1
2107,David_Caruso,Paul_Wellstone,swap_David_Caruso_0002_in_Paul_Wellstone_0002.jpg,David_Caruso_0002.jpg,Paul_Wellstone_0002.jpg,0.765176,1,1
2108,Kieran_Prendergast,Edward_James_Olmos,swap_Kieran_Prendergast_0002_in_Edward_James_Olmos_0001.jpg,Kieran_Prendergast_0002.jpg,Edward_James_Olmos_0001.jpg,0.713072,1,1
2109,Michael_Douglas,Emile_Lahoud,swap_Michael_Douglas_0003_in_Emile_Lahoud_0002.jpg,Michael_Douglas_0003.jpg,Emile_Lahoud_0002.jpg,0.760210,1,1
2110,Anneli_Jaatteenmaki,Helen_Clark,swap_Anneli_Jaatteenmaki_0002_in_Helen_Clark_0002.jpg,Anneli_Jaatteenmaki_0002.jpg,Helen_Clark_0002.jpg,0.813166,1,1
2111,Peter_Hillary,Strom_Thurmond,swap_Peter_Hillary_0001_in_Strom_Thurmond_0003.jpg,Peter_Hillary_0001.jpg,Strom_Thurmond_0003.jpg,0.842031,1,1
2112,Nathalie_Baye,Brad_Johnson,swap_Nathalie_Baye_0003_in_Brad_Johnson_0003.jpg,Nathalie_Baye_0003.jpg,Brad_Johnson_0003.jpg,0.822165,1,1
2113,Barry_Alvarez,Muammar_Gaddafi,swap_Barry_Alvarez_0002_in_Muammar_Gaddafi_0002.jpg,Barry_Alvarez_0002.jpg,Muammar_Gaddafi_0002.jpg,0.820769,1,1
2114,Elizabeth_Shue,Jeanne_Moreau,swap_Elizabeth_Shue_0001_in_Jeanne_Moreau_0002.jpg,Elizabeth_Shue_0001.jpg,Jeanne_Moreau_0002.jpg,0.787612,1,1
2115,Marisa_Tomei,William_Donaldson,swap_Marisa_Tomei_0002_in_William_Donaldson_0004.jpg,Marisa_Tomei_0002.jpg,William_Donaldson_0004.jpg,0.775186,1,1
2116,Rick_Romley,Michael_Patrick_King,swap_Rick_Romley_0002_in_Michael_Patrick_King_0001.jpg,Rick_Romley_0002.jpg,Michael_Patrick_King_0001.jpg,0.686903,1,1
2117,Judy_Genshaft,Jorge_Rodolfo_Canicoba_Corral,swap_Judy_Genshaft_0002_in_Jorge_Rodolfo_Canicoba_Corral_0002.jpg,Judy_Genshaft_0002.jpg,Jorge_Rodolfo_Canicoba_Corral_0002.jpg,0.769839,1,1
2118,Robert_Blackwill,Tim_Floyd,swap_Robert_Blackwill_0001_in_Tim_Floyd_0001.jpg,Robert_Blackwill_0001.jpg,Tim_Floyd_0001.jpg,0.631104,1,1
2119,Phil_Mickelson,Salma_Hayek,swap_Phil_Mickelson_0001_in_Salma_Hayek_0010.jpg,Phil_Mickelson_0001.jpg,Salma_Hayek_0010.jpg,0.816999,1,1
2120,Maria_Soledad_Alvear_Valenzuela,Elvis_Presley,swap_Maria_Soledad_Alvear_Valenzuela_0004_in_Elvis_Presley_0002.jpg,Maria_Soledad_Alvear_Valenzuela_0004.jpg,Elvis_Presley_0002.jpg,0.809329,1,1
2121,Pupi_Avati,Michael_Ballack,swap_Pupi_Avati_0004_in_Michael_Ballack_0003.jpg,Pupi_Avati_0004.jpg,Michael_Ballack_0003.jpg,0.789041,1,1
2122,Sila_Calderon,Phan_Van_Khai,swap_Sila_Calderon_0001_in_Phan_Van_Khai_0003.jpg,Sila_Calderon_0001.jpg,Phan_Van_Khai_0003.jpg,0.776083,1,1
2123,Edmund_Stoiber,Jim_Furyk,swap_Edmund_Stoiber_0008_in_Jim_Furyk_0002.jpg,Edmund_Stoiber_0008.jpg,Jim_Furyk_0002.jpg,0.700582,1,1
2124,Franko_Simatovic,Colin_Montgomerie,swap_Franko_Simatovic_0002_in_Colin_Montgomerie_0004.jpg,Franko_Simatovic_0002.jpg,Colin_Montgomerie_0004.jpg,0.695285,1,1
2125,Juan_Carlos_Ferrero,Jack_Nicholson,swap_Juan_Carlos_Ferrero_0028_in_Jack_Nicholson_0001.jpg,Juan_Carlos_Ferrero_0028.jpg,Jack_Nicholson_0001.jpg,0.681267,1,1
2126,Prince_William,Edward_Norton,swap_Prince_William_0002_in_Edward_Norton_0002.jpg,Prince_William_0002.jpg,Edward_Norton_0002.jpg,0.803683,1,1
2127,Hannah_Stockbauer,Ray_Allen,swap_Hannah_Stockbauer_0001_in_Ray_Allen_0002.jpg,Hannah_Stockbauer_0001.jpg,Ray_Allen_0002.jpg,0.810878,1,1
2128,Rogerio_Romero,Pat_Cox,swap_Rogerio_Romero_0001_in_Pat_Cox_0002.jpg,Rogerio_Romero_0001.jpg,Pat_Cox_0002.jpg,0.763451,1,1
2129,Frank_Griswold,Carlos_Vives,swap_Frank_Griswold_0001_in_Carlos_Vives_0002.jpg,Frank_Griswold_0001.jpg,Carlos_Vives_0002.jpg,0.751820,1,1
2130,Alicia_Silverstone,Gabriel_Batistuta,swap_Alicia_Silverstone_0002_in_Gabriel_Batistuta_0002.jpg,Alicia_Silverstone_0002.jpg,Gabriel_Batistuta_0002.jpg,0.752610,1,1
2131,Luiz_Inacio_Lula_da_Silva,Mitchell_Daniels,swap_Luiz_Inacio_Lula_da_Silva_0028_in_Mitchell_Daniels_0004.jpg,Luiz_Inacio_Lula_da_Silva_0028.jpg,Mitchell_Daniels_0004.jpg,0.673075,1,1
2132,Ray_Nagin,Anastasia_Myskina,swap_Ray_Nagin_0001_in_Anastasia_Myskina_0001.jpg,Ray_Nagin_0001.jpg,Anastasia_Myskina_0001.jpg,0.711721,1,1
2133,Grant_Hackett,Christian_Fittipaldi,swap_Grant_Hackett_0001_in_Christian_Fittipaldi_0002.jpg,Grant_Hackett_0001.jpg,Christian_Fittipaldi_0002.jpg,0.799713,1,1
2134,Vicki_Zhao_Wei,William_Burns,swap_Vicki_Zhao_Wei_0002_in_William_Burns_0001.jpg,Vicki_Zhao_Wei_0002.jpg,William_Burns_0001.jpg,0.802537,1,1
2135,Ralph_Lauren,Angela_Bassett,swap_Ralph_Lauren_0002_in_Angela_Bassett_0001.jpg,Ralph_Lauren_0002.jpg,Angela_Bassett_0001.jpg,0.804307,1,1
2136,Arminio_Fraga,Billy_Graham,swap_Arminio_Fraga_0003_in_Billy_Graham_0002.jpg,Arminio_Fraga_0003.jpg,Billy_Graham_0002.jpg,0.817199,1,1
2137,Augusto_Roa_Bastos,Jose_Theodore,swap_Augusto_Roa_Bastos_0002_in_Jose_Theodore_0001.jpg,Augusto_Roa_Bastos_0002.jpg,Jose_Theodore_0001.jpg,0.725674,1,1
2138,Jolanta_Kwasniewski,Sheila_Fraser,swap_Jolanta_Kwasniewski_0001_in_Sheila_Fraser_0001.jpg,Jolanta_Kwasniewski_0001.jpg,Sheila_Fraser_0001.jpg,0.706695,1,1
2139,Carlos_Ortega,Nan_Wang,swap_Carlos_Ortega_0003_in_Nan_Wang_0001.jpg,Carlos_Ortega_0003.jpg,Nan_Wang_0001.jpg,0.763380,1,1
2140,Mary_Landrieu,Rick_Stansbury,swap_Mary_Landrieu_0003_in_Rick_Stansbury_0003.jpg,Mary_Landrieu_0003.jpg,Rick_Stansbury_0003.jpg,0.872150,1,1
2141,Geno_Auriemma,Marcelo_Salas,swap_Geno_Auriemma_0001_in_Marcelo_Salas_0001.jpg,Geno_Auriemma_0001.jpg,Marcelo_Salas_0001.jpg,0.766808,1,1
2142,Pascal_Lamy,Celso_Amorim,swap_Pascal_Lamy_0002_in_Celso_Amorim_0002.jpg,Pascal_Lamy_0002.jpg,Celso_Amorim_0002.jpg,0.720049,1,1
2143,Nicolas_Escude,Steve_Backley,swap_Nicolas_Escude_0002_in_Steve_Backley_0001.jpg,Nicolas_Escude_0002.jpg,Steve_Backley_0001.jpg,0.743328,1,1
2144,Karin_Stoiber,Eric_Hinske,swap_Karin_Stoiber_0001_in_Eric_Hinske_0001.jpg,Karin_Stoiber_0001.jpg,Eric_Hinske_0001.jpg,0.716621,1,1
2145,Debra_Brown,Emile_Lahoud,swap_Debra_Brown_0002_in_Emile_Lahoud_0002.jpg,Debra_Brown_0002.jpg,Emile_Lahoud_0002.jpg,0.646258,1,1
2146,Joseph_Blatter,George_Galloway,swap_Joseph_Blatter_0001_in_George_Galloway_0004.jpg,Joseph_Blatter_0001.jpg,George_Galloway_0004.jpg,0.741773,1,1
2147,Michael_Bloomberg,John_Abizaid,swap_Michael_Bloomberg_0004_in_John_Abizaid_0006.jpg,Michael_Bloomberg_0004.jpg,John_Abizaid_0006.jpg,0.830235,1,1
2148,Michelle_Pfeiffer,Kate_Capshaw,swap_Michelle_Pfeiffer_0002_in_Kate_Capshaw_0001.jpg,Michelle_Pfeiffer_0002.jpg,Kate_Capshaw_0001.jpg,-0.016908,0,0
2149,Guido_Westerwelle,Vaclav_Klaus,swap_Guido_Westerwelle_0001_in_Vaclav_Klaus_0002.jpg,Guido_Westerwelle_0001.jpg,Vaclav_Klaus_0002.jpg,0.725267,1,1
2150,Lionel_Richie,Sebastian_Saja,swap_Lionel_Richie_0002_in_Sebastian_Saja_0002.jpg,Lionel_Richie_0002.jpg,Sebastian_Saja_0002.jpg,0.829967,1,1
2151,Aleksander_Kwasniewski,Raoul_Ruiz,swap_Aleksander_Kwasniewski_0001_in_Raoul_Ruiz_0001.jpg,Aleksander_Kwasniewski_0001.jpg,Raoul_Ruiz_0001.jpg,0.830430,1,1
2152,Ronald_Reagan,Vicente_Fernandez,swap_Ronald_Reagan_0003_in_Vicente_Fernandez_0002.jpg,Ronald_Reagan_0003.jpg,Vicente_Fernandez_0002.jpg,-0.049677,0,0
2153,George_Clooney,Mike_Myers,swap_George_Clooney_0007_in_Mike_Myers_0003.jpg,George_Clooney_0007.jpg,Mike_Myers_0003.jpg,0.807372,1,1
2154,Queen_Elizabeth_II,Saddam_Hussein,swap_Queen_Elizabeth_II_0006_in_Saddam_Hussein_0022.jpg,Queen_Elizabeth_II_0006.jpg,Saddam_Hussein_0022.jpg,0.639830,1,1
2155,Celine_Dion,Michael_Chang,swap_Celine_Dion_0004_in_Michael_Chang_0008.jpg,Celine_Dion_0004.jpg,Michael_Chang_0008.jpg,0.802678,1,1
2156,John_Ruiz,Adrian_Nastase,swap_John_Ruiz_0002_in_Adrian_Nastase_0002.jpg,John_Ruiz_0002.jpg,Adrian_Nastase_0002.jpg,0.760738,1,1
2157,Hillary_Clinton,Bob_Huggins,swap_Hillary_Clinton_0014_in_Bob_Huggins_0002.jpg,Hillary_Clinton_0014.jpg,Bob_Huggins_0002.jpg,0.810673,1,1
2158,Henrique_Meirelles,Elizabeth_Smart,swap_Henrique_Meirelles_0001_in_Elizabeth_Smart_0004.jpg,Henrique_Meirelles_0001.jpg,Elizabeth_Smart_0004.jpg,0.681601,1,1
2159,Prince_Claus,JJ_Redick,swap_Prince_Claus_0004_in_JJ_Redick_0001.jpg,Prince_Claus_0004.jpg,JJ_Redick_0001.jpg,0.835057,1,1
2160,Greg_Ostertag,Bill_McBride,swap_Greg_Ostertag_0002_in_Bill_McBride_0008.jpg,Greg_Ostertag_0002.jpg,Bill_McBride_0008.jpg,0.790008,1,1
2161,Steve_Backley,Juanes,swap_Steve_Backley_0002_in_Juanes_0003.jpg,Steve_Backley_0002.jpg,Juanes_0003.jpg,0.756236,1,1
2162,Karen_Mok,Zoran_Djindjic,swap_Karen_Mok_0001_in_Zoran_Djindjic_0002.jpg,Karen_Mok_0001.jpg,Zoran_Djindjic_0002.jpg,0.771685,1,1
2163,Ruth_Harlow,Geraldine_Chaplin,swap_Ruth_Harlow_0001_in_Geraldine_Chaplin_0003.jpg,Ruth_Harlow_0001.jpg,Geraldine_Chaplin_0003.jpg,0.709407,1,1
2164,Justine_Henin,Patricia_Clarkson,swap_Justine_Henin_0003_in_Patricia_Clarkson_0003.jpg,Justine_Henin_0003.jpg,Patricia_Clarkson_0003.jpg,0.724520,1,1
2165,Larry_Lucchino,Rudolph_Giuliani,swap_Larry_Lucchino_0001_in_Rudolph_Giuliani_0025.jpg,Larry_Lucchino_0001.jpg,Rudolph_Giuliani_0025.jpg,0.833387,1,1
2166,Antony_Leung,Rafael_Ramirez,swap_Antony_Leung_0002_in_Rafael_Ramirez_0004.jpg,Antony_Leung_0002.jpg,Rafael_Ramirez_0004.jpg,0.700114,1,1
2167,Vidar_Helgesen,Rachel_Hunter,swap_Vidar_Helgesen_0001_in_Rachel_Hunter_0001.jpg,Vidar_Helgesen_0001.jpg,Rachel_Hunter_0001.jpg,0.629184,1,1
2168,Jorge_Arce,Edmund_Hillary,swap_Jorge_Arce_0002_in_Edmund_Hillary_0002.jpg,Jorge_Arce_0002.jpg,Edmund_Hillary_0002.jpg,0.642063,1,1
2169,Nastassia_Kinski,Bill_Simon,swap_Nastassia_Kinski_0001_in_Bill_Simon_0003.jpg,Nastassia_Kinski_0001.jpg,Bill_Simon_0003.jpg,0.733728,1,1
2170,Gary_Locke,Martin_McCauley,swap_Gary_Locke_0001_in_Martin_McCauley_0002.jpg,Gary_Locke_0001.jpg,Martin_McCauley_0002.jpg,0.705158,1,1
2171,Vince_Gill,Jackie_Chan,swap_Vince_Gill_0002_in_Jackie_Chan_0008.jpg,Vince_Gill_0002.jpg,Jackie_Chan_0008.jpg,0.746331,1,1
2172,Stellan_Skarsgard,Chok_Tong_Goh,swap_Stellan_Skarsgard_0002_in_Chok_Tong_Goh_0001.jpg,Stellan_Skarsgard_0002.jpg,Chok_Tong_Goh_0001.jpg,0.087421,0,0
2173,Roh_Moo-hyun,Orlando_Bloom,swap_Roh_Moo-hyun_0021_in_Orlando_Bloom_0002.jpg,Roh_Moo-hyun_0021.jpg,Orlando_Bloom_0002.jpg,0.665780,1,1
2174,Eddie_Sutton,Billy_Sollie,swap_Eddie_Sutton_0002_in_Billy_Sollie_0002.jpg,Eddie_Sutton_0002.jpg,Billy_Sollie_0002.jpg,0.685482,1,1
2175,Dexter_Jackson,John_Warner,swap_Dexter_Jackson_0002_in_John_Warner_0002.jpg,Dexter_Jackson_0002.jpg,John_Warner_0002.jpg,0.059237,0,0
2176,Alejandro_Toledo,Alexander_Downer,swap_Alejandro_Toledo_0036_in_Alexander_Downer_0002.jpg,Alejandro_Toledo_0036.jpg,Alexander_Downer_0002.jpg,0.782626,1,1
2177,Bob_Graham,Lee_Soo-hyuck,swap_Bob_Graham_0002_in_Lee_Soo-hyuck_0002.jpg,Bob_Graham_0002.jpg,Lee_Soo-hyuck_0002.jpg,-0.003594,0,0
2178,Saeb_Erekat,David_Heymann,swap_Saeb_Erekat_0001_in_David_Heymann_0004.jpg,Saeb_Erekat_0001.jpg,David_Heymann_0004.jpg,0.774691,1,1
2179,Pedro_Almodovar,Keith_Bogans,swap_Pedro_Almodovar_0005_in_Keith_Bogans_0002.jpg,Pedro_Almodovar_0005.jpg,Keith_Bogans_0002.jpg,0.783389,1,1
2180,Clint_Eastwood,Bob_Graham,swap_Clint_Eastwood_0003_in_Bob_Graham_0002.jpg,Clint_Eastwood_0003.jpg,Bob_Graham_0002.jpg,0.661412,1,1
2181,Muhammad_Ali,Carolyn_Dawn_Johnson,swap_Muhammad_Ali_0001_in_Carolyn_Dawn_Johnson_0003.jpg,Muhammad_Ali_0001.jpg,Carolyn_Dawn_Johnson_0003.jpg,0.719523,1,1
2182,Matt_Doherty,Kevin_Stallings,swap_Matt_Doherty_0002_in_Kevin_Stallings_0002.jpg,Matt_Doherty_0002.jpg,Kevin_Stallings_0002.jpg,0.727124,1,1
2183,Carson_Daly,Eva_Dimas,swap_Carson_Daly_0001_in_Eva_Dimas_0001.jpg,Carson_Daly_0001.jpg,Eva_Dimas_0001.jpg,0.821106,1,1
2184,Yoko_Ono,Tyler_Hamilton,swap_Yoko_Ono_0003_in_Tyler_Hamilton_0002.jpg,Yoko_Ono_0003.jpg,Tyler_Hamilton_0002.jpg,0.746448,1,1
2185,Suzanne_Gaudet,Marc-Andre_Fleury,swap_Suzanne_Gaudet_0002_in_Marc-Andre_Fleury_0001.jpg,Suzanne_Gaudet_0002.jpg,Marc-Andre_Fleury_0001.jpg,0.654035,1,1
2186,Ken_Macha,Elijah_Wood,swap_Ken_Macha_0003_in_Elijah_Wood_0001.jpg,Ken_Macha_0003.jpg,Elijah_Wood_0001.jpg,0.672353,1,1
2187,Gwyneth_Paltrow,Sila_Calderon,swap_Gwyneth_Paltrow_0006_in_Sila_Calderon_0002.jpg,Gwyneth_Paltrow_0006.jpg,Sila_Calderon_0002.jpg,0.776560,1,1
2188,Junichiro_Koizumi,Derek_Jeter,swap_Junichiro_Koizumi_0027_in_Derek_Jeter_0002.jpg,Junichiro_Koizumi_0027.jpg,Derek_Jeter_0002.jpg,0.800618,1,1
2189,Alison_Lohman,Harry_Schmidt,swap_Alison_Lohman_0002_in_Harry_Schmidt_0002.jpg,Alison_Lohman_0002.jpg,Harry_Schmidt_0002.jpg,-0.033778,0,0
2190,Pedro_Almodovar,Larry_Brown,swap_Pedro_Almodovar_0002_in_Larry_Brown_0003.jpg,Pedro_Almodovar_0002.jpg,Larry_Brown_0003.jpg,0.775065,1,1
2191,Nicholas_Tse,Rod_Stewart,swap_Nicholas_Tse_0002_in_Rod_Stewart_0001.jpg,Nicholas_Tse_0002.jpg,Rod_Stewart_0001.jpg,0.785024,1,1
2192,Ai_Sugiyama,Leslie_Moonves,swap_Ai_Sugiyama_0002_in_Leslie_Moonves_0002.jpg,Ai_Sugiyama_0002.jpg,Leslie_Moonves_0002.jpg,0.787252,1,1
2193,Roy_Moore,Jon_Gruden,swap_Roy_Moore_0006_in_Jon_Gruden_0002.jpg,Roy_Moore_0006.jpg,Jon_Gruden_0002.jpg,0.740026,1,1
2194,Sean_Astin,John_McCallum,swap_Sean_Astin_0003_in_John_McCallum_0002.jpg,Sean_Astin_0003.jpg,John_McCallum_0002.jpg,0.802468,1,1
2195,Stephen_Daldry,Padraig_Harrington,swap_Stephen_Daldry_0002_in_Padraig_Harrington_0001.jpg,Stephen_Daldry_0002.jpg,Padraig_Harrington_0001.jpg,0.766762,1,1
2196,Branko_Crvenkovski,Mikulas_Dzurinda,swap_Branko_Crvenkovski_0001_in_Mikulas_Dzurinda_0001.jpg,Branko_Crvenkovski_0001.jpg,Mikulas_Dzurinda_0001.jpg,0.803337,1,1
2197,Jan-Michael_Gambill,Frances_Fisher,swap_Jan-Michael_Gambill_0002_in_Frances_Fisher_0002.jpg,Jan-Michael_Gambill_0002.jpg,Frances_Fisher_0002.jpg,0.648128,1,1
2198,Patty_Schnyder,Robbie_Williams,swap_Patty_Schnyder_0001_in_Robbie_Williams_0001.jpg,Patty_Schnyder_0001.jpg,Robbie_Williams_0001.jpg,0.707649,1,1
2199,George_Foreman,Marisa_Tomei,swap_George_Foreman_0002_in_Marisa_Tomei_0002.jpg,George_Foreman_0002.jpg,Marisa_Tomei_0002.jpg,0.746653,1,1
2200,Johnny_Depp,Robby_Ginepri,swap_Johnny_Depp_0002_in_Robby_Ginepri_0001.jpg,Johnny_Depp_0002.jpg,Robby_Ginepri_0001.jpg,0.708491,1,1
2201,Miroljub,Andy_Hebb,swap_Miroljub_0001_in_Andy_Hebb_0002.jpg,Miroljub_0001.jpg,Andy_Hebb_0002.jpg,0.751257,1,1
2202,David_Kelley,Mario_Dumont,swap_David_Kelley_0002_in_Mario_Dumont_0002.jpg,David_Kelley_0002.jpg,Mario_Dumont_0002.jpg,0.816696,1,1
2203,Leslie_Ann_Woodward,Chick_Hearn,swap_Leslie_Ann_Woodward_0001_in_Chick_Hearn_0002.jpg,Leslie_Ann_Woodward_0001.jpg,Chick_Hearn_0002.jpg,0.784553,1,1
2204,Scott_McNealy,Melanie_Griffith,swap_Scott_McNealy_0002_in_Melanie_Griffith_0001.jpg,Scott_McNealy_0002.jpg,Melanie_Griffith_0001.jpg,0.846599,1,1
2205,Georgi_Parvanov,Caroline_Kennedy,swap_Georgi_Parvanov_0002_in_Caroline_Kennedy_0001.jpg,Georgi_Parvanov_0002.jpg,Caroline_Kennedy_0001.jpg,0.854545,1,1
2206,Charles_Moose,Maria_Soledad_Alvear_Valenzuela,swap_Charles_Moose_0005_in_Maria_Soledad_Alvear_Valenzuela_0003.jpg,Charles_Moose_0005.jpg,Maria_Soledad_Alvear_Valenzuela_0003.jpg,0.720393,1,1
2207,Kelly_Clarkson,Gwyneth_Paltrow,swap_Kelly_Clarkson_0002_in_Gwyneth_Paltrow_0005.jpg,Kelly_Clarkson_0002.jpg,Gwyneth_Paltrow_0005.jpg,-0.081658,0,0
2208,Tim_Chapman,Gian_Marco,swap_Tim_Chapman_0002_in_Gian_Marco_0002.jpg,Tim_Chapman_0002.jpg,Gian_Marco_0002.jpg,0.705766,1,1
2209,David_Anderson,Ishaq_Shahryar,swap_David_Anderson_0004_in_Ishaq_Shahryar_0001.jpg,David_Anderson_0004.jpg,Ishaq_Shahryar_0001.jpg,0.051204,0,0
2210,Mikhail_Wehbe,Richard_Krajicek,swap_Mikhail_Wehbe_0004_in_Richard_Krajicek_0001.jpg,Mikhail_Wehbe_0004.jpg,Richard_Krajicek_0001.jpg,0.652928,1,1
2211,Dominique_de_Villepin,Clay_Aiken,swap_Dominique_de_Villepin_0001_in_Clay_Aiken_0002.jpg,Dominique_de_Villepin_0001.jpg,Clay_Aiken_0002.jpg,0.833137,1,1
2212,Diana_Taurasi,Ana_Guevara,swap_Diana_Taurasi_0002_in_Ana_Guevara_0003.jpg,Diana_Taurasi_0002.jpg,Ana_Guevara_0003.jpg,0.802071,1,1
2213,Darren_Clarke,Samira_Makhmalbaf,swap_Darren_Clarke_0002_in_Samira_Makhmalbaf_0002.jpg,Darren_Clarke_0002.jpg,Samira_Makhmalbaf_0002.jpg,0.636150,1,1
2214,Carolina_Kluft,Marc_Grossman,swap_Carolina_Kluft_0001_in_Marc_Grossman_0004.jpg,Carolina_Kluft_0001.jpg,Marc_Grossman_0004.jpg,0.663782,1,1
2215,Jeremy_Greenstock,Sarah_Michelle_Gellar,swap_Jeremy_Greenstock_0018_in_Sarah_Michelle_Gellar_0002.jpg,Jeremy_Greenstock_0018.jpg,Sarah_Michelle_Gellar_0002.jpg,0.690076,1,1
2216,Laurent_Gbagbo,Manfred_Stolpe,swap_Laurent_Gbagbo_0001_in_Manfred_Stolpe_0001.jpg,Laurent_Gbagbo_0001.jpg,Manfred_Stolpe_0001.jpg,0.762605,1,1
2217,Chakib_Khelil,Jeffrey_Archer,swap_Chakib_Khelil_0001_in_Jeffrey_Archer_0001.jpg,Chakib_Khelil_0001.jpg,Jeffrey_Archer_0001.jpg,0.651856,1,1
2218,Hal_Gehman,Derek_Jeter,swap_Hal_Gehman_0002_in_Derek_Jeter_0003.jpg,Hal_Gehman_0002.jpg,Derek_Jeter_0003.jpg,0.766542,1,1
2219,Mohammed_Baqir_al-Hakim,Rick_Romley,swap_Mohammed_Baqir_al-Hakim_0003_in_Rick_Romley_0001.jpg,Mohammed_Baqir_al-Hakim_0003.jpg,Rick_Romley_0001.jpg,0.764874,1,1
2220,Nicolas_Cage,Abel_Pacheco,swap_Nicolas_Cage_0002_in_Abel_Pacheco_0004.jpg,Nicolas_Cage_0002.jpg,Abel_Pacheco_0004.jpg,0.743074,1,1
2221,Biljana_Plavsic,Gao_Qiang,swap_Biljana_Plavsic_0002_in_Gao_Qiang_0001.jpg,Biljana_Plavsic_0002.jpg,Gao_Qiang_0001.jpg,0.673657,1,1
2222,James_Morris,Ali_Khamenei,swap_James_Morris_0002_in_Ali_Khamenei_0003.jpg,James_Morris_0002.jpg,Ali_Khamenei_0003.jpg,0.773424,1,1
2223,Robert_Zoellick,Celine_Dion,swap_Robert_Zoellick_0004_in_Celine_Dion_0006.jpg,Robert_Zoellick_0004.jpg,Celine_Dion_0006.jpg,0.744769,1,1
2224,Oleksandr_Moroz,Candice_Bergen,swap_Oleksandr_Moroz_0002_in_Candice_Bergen_0001.jpg,Oleksandr_Moroz_0002.jpg,Candice_Bergen_0001.jpg,0.753049,1,1
2225,Allen_Iverson,Bill_Parcells,swap_Allen_Iverson_0002_in_Bill_Parcells_0002.jpg,Allen_Iverson_0002.jpg,Bill_Parcells_0002.jpg,0.681389,1,1
2226,Larry_Thompson,Phil_Vassar,swap_Larry_Thompson_0003_in_Phil_Vassar_0001.jpg,Larry_Thompson_0003.jpg,Phil_Vassar_0001.jpg,0.695058,1,1
2227,James_Parker,Angelina_Jolie,swap_James_Parker_0002_in_Angelina_Jolie_0011.jpg,James_Parker_0002.jpg,Angelina_Jolie_0011.jpg,0.611668,1,1
2228,Spencer_Abraham,Stefano_Accorsi,swap_Spencer_Abraham_0005_in_Stefano_Accorsi_0001.jpg,Spencer_Abraham_0005.jpg,Stefano_Accorsi_0001.jpg,0.846574,1,1
2229,Annette_Lu,Wesley_Clark,swap_Annette_Lu_0003_in_Wesley_Clark_0002.jpg,Annette_Lu_0003.jpg,Wesley_Clark_0002.jpg,0.744604,1,1
2230,James_Butts,Wang_Yi,swap_James_Butts_0001_in_Wang_Yi_0001.jpg,James_Butts_0001.jpg,Wang_Yi_0001.jpg,0.750657,1,1
2231,Mick_Jagger,Patricia_Clarkson,swap_Mick_Jagger_0004_in_Patricia_Clarkson_0001.jpg,Mick_Jagger_0004.jpg,Patricia_Clarkson_0001.jpg,0.704818,1,1
2232,Jonathan_Edwards,George_Karl,swap_Jonathan_Edwards_0003_in_George_Karl_0001.jpg,Jonathan_Edwards_0003.jpg,George_Karl_0001.jpg,0.755451,1,1
2233,Tom_Reilly,Jonathan_Edwards,swap_Tom_Reilly_0001_in_Jonathan_Edwards_0001.jpg,Tom_Reilly_0001.jpg,Jonathan_Edwards_0001.jpg,0.725140,1,1
2234,Elisabeth_Schumacher,Darrell_Porter,swap_Elisabeth_Schumacher_0002_in_Darrell_Porter_0002.jpg,Elisabeth_Schumacher_0002.jpg,Darrell_Porter_0002.jpg,0.779734,1,1
2235,Halle_Berry,Ray_Romano,swap_Halle_Berry_0005_in_Ray_Romano_0002.jpg,Halle_Berry_0005.jpg,Ray_Romano_0002.jpg,0.802895,1,1
2236,Hermann_Maier,Magui_Serna,swap_Hermann_Maier_0002_in_Magui_Serna_0002.jpg,Hermann_Maier_0002.jpg,Magui_Serna_0002.jpg,0.724428,1,1
2237,Rodrigo_Borja,Patrick_Ewing,swap_Rodrigo_Borja_0001_in_Patrick_Ewing_0002.jpg,Rodrigo_Borja_0001.jpg,Patrick_Ewing_0002.jpg,0.826650,1,1
2238,Ricky_Barnes,Brendan_Hansen,swap_Ricky_Barnes_0002_in_Brendan_Hansen_0001.jpg,Ricky_Barnes_0002.jpg,Brendan_Hansen_0001.jpg,0.729561,1,1
2239,Madonna,Kristin_Davis,swap_Madonna_0004_in_Kristin_Davis_0002.jpg,Madonna_0004.jpg,Kristin_Davis_0002.jpg,0.758638,1,1
2240,Gloria_Macapagal_Arroyo,Mohammed_Baqir_al-Hakim,swap_Gloria_Macapagal_Arroyo_0039_in_Mohammed_Baqir_al-Hakim_0002.jpg,Gloria_Macapagal_Arroyo_0039.jpg,Mohammed_Baqir_al-Hakim_0002.jpg,0.841954,1,1
2241,Bob_Huggins,Thierry_Falise,swap_Bob_Huggins_0004_in_Thierry_Falise_0002.jpg,Bob_Huggins_0004.jpg,Thierry_Falise_0002.jpg,0.736811,1,1
2242,Paul_Shanley,Dick_Vermeil,swap_Paul_Shanley_0002_in_Dick_Vermeil_0002.jpg,Paul_Shanley_0002.jpg,Dick_Vermeil_0002.jpg,0.102943,0,0
2243,Boris_Becker,Andrew_Niccol,swap_Boris_Becker_0005_in_Andrew_Niccol_0002.jpg,Boris_Becker_0005.jpg,Andrew_Niccol_0002.jpg,0.685324,1,1
2244,Leland_Chapman,Robert_Horan,swap_Leland_Chapman_0001_in_Robert_Horan_0001.jpg,Leland_Chapman_0001.jpg,Robert_Horan_0001.jpg,0.748241,1,1
2245,Marcelo_Ebrard,Maureen_Fanning,swap_Marcelo_Ebrard_0003_in_Maureen_Fanning_0001.jpg,Marcelo_Ebrard_0003.jpg,Maureen_Fanning_0001.jpg,0.763980,1,1
2246,Harvey_Weinstein,Leslie_Ann_Woodward,swap_Harvey_Weinstein_0002_in_Leslie_Ann_Woodward_0001.jpg,Harvey_Weinstein_0002.jpg,Leslie_Ann_Woodward_0001.jpg,0.077385,0,0
2247,Wesley_Clark,Liu_Mingkang,swap_Wesley_Clark_0002_in_Liu_Mingkang_0001.jpg,Wesley_Clark_0002.jpg,Liu_Mingkang_0001.jpg,0.760741,1,1
2248,Charles_Moose,Rod_Stewart,swap_Charles_Moose_0005_in_Rod_Stewart_0001.jpg,Charles_Moose_0005.jpg,Rod_Stewart_0001.jpg,0.785873,1,1
2249,Masahiko_Nagasawa,Katie_Harman,swap_Masahiko_Nagasawa_0002_in_Katie_Harman_0003.jpg,Masahiko_Nagasawa_0002.jpg,Katie_Harman_0003.jpg,0.754601,1,1
2250,Anneli_Jaatteenmaki,Mike_Martz,swap_Anneli_Jaatteenmaki_0001_in_Mike_Martz_0001.jpg,Anneli_Jaatteenmaki_0001.jpg,Mike_Martz_0001.jpg,0.764872,1,1
2251,Martha_Burk,Carla_Del_Ponte,swap_Martha_Burk_0004_in_Carla_Del_Ponte_0004.jpg,Martha_Burk_0004.jpg,Carla_Del_Ponte_0004.jpg,0.017313,0,0
2252,Brad_Garrett,Lennox_Lewis,swap_Brad_Garrett_0003_in_Lennox_Lewis_0002.jpg,Brad_Garrett_0003.jpg,Lennox_Lewis_0002.jpg,0.815929,1,1
2253,George_HW_Bush,Nikki_Reed,swap_George_HW_Bush_0002_in_Nikki_Reed_0001.jpg,George_HW_Bush_0002.jpg,Nikki_Reed_0001.jpg,0.682556,1,1
2254,Carly_Fiorina,Steve_Waugh,swap_Carly_Fiorina_0003_in_Steve_Waugh_0002.jpg,Carly_Fiorina_0003.jpg,Steve_Waugh_0002.jpg,-0.047695,0,0
2255,Dennis_Powell,Valery_Giscard_dEstaing,swap_Dennis_Powell_0001_in_Valery_Giscard_dEstaing_0004.jpg,Dennis_Powell_0001.jpg,Valery_Giscard_dEstaing_0004.jpg,0.790955,1,1
2256,Ann_Veneman,Billy_Crystal,swap_Ann_Veneman_0007_in_Billy_Crystal_0006.jpg,Ann_Veneman_0007.jpg,Billy_Crystal_0006.jpg,0.752832,1,1
2257,Henrique_Meirelles,Intisar_Ajouri,swap_Henrique_Meirelles_0002_in_Intisar_Ajouri_0003.jpg,Henrique_Meirelles_0002.jpg,Intisar_Ajouri_0003.jpg,0.761449,1,1
2258,Lance_Bass,Peter_Greenaway,swap_Lance_Bass_0003_in_Peter_Greenaway_0002.jpg,Lance_Bass_0003.jpg,Peter_Greenaway_0002.jpg,0.812860,1,1
2259,Xavier_Malisse,Dolly_Parton,swap_Xavier_Malisse_0002_in_Dolly_Parton_0001.jpg,Xavier_Malisse_0002.jpg,Dolly_Parton_0001.jpg,0.695289,1,1
2260,Bill_Clinton,Svetlana_Koroleva,swap_Bill_Clinton_0020_in_Svetlana_Koroleva_0002.jpg,Bill_Clinton_0020.jpg,Svetlana_Koroleva_0002.jpg,0.699283,1,1
2261,Robert_DeFraites,Candice_Bergen,swap_Robert_DeFraites_0002_in_Candice_Bergen_0003.jpg,Robert_DeFraites_0002.jpg,Candice_Bergen_0003.jpg,0.771846,1,1
2262,Alberto_Ruiz_Gallardon,Adam_Scott,swap_Alberto_Ruiz_Gallardon_0002_in_Adam_Scott_0001.jpg,Alberto_Ruiz_Gallardon_0002.jpg,Adam_Scott_0001.jpg,0.632380,1,1
2263,Al_Gore,David_Spade,swap_Al_Gore_0008_in_David_Spade_0002.jpg,Al_Gore_0008.jpg,David_Spade_0002.jpg,0.764325,1,1
2264,Roseanne_Barr,Jose_Maria_Aznar,swap_Roseanne_Barr_0003_in_Jose_Maria_Aznar_0020.jpg,Roseanne_Barr_0003.jpg,Jose_Maria_Aznar_0020.jpg,0.807702,1,1
2265,Shia_LaBeouf,Lyle_Vanclief,swap_Shia_LaBeouf_0002_in_Lyle_Vanclief_0002.jpg,Shia_LaBeouf_0002.jpg,Lyle_Vanclief_0002.jpg,0.683398,1,1
2266,Ronald_Reagan,Robert_DeFraites,swap_Ronald_Reagan_0003_in_Robert_DeFraites_0002.jpg,Ronald_Reagan_0003.jpg,Robert_DeFraites_0002.jpg,0.796858,1,1
2267,William_Ford_Jr,Hisao_Oguchi,swap_William_Ford_Jr_0001_in_Hisao_Oguchi_0001.jpg,William_Ford_Jr_0001.jpg,Hisao_Oguchi_0001.jpg,0.758046,1,1
2268,Chris_Cooper,Al_Pacino,swap_Chris_Cooper_0001_in_Al_Pacino_0001.jpg,Chris_Cooper_0001.jpg,Al_Pacino_0001.jpg,0.872144,1,1
2269,Yuri_Malenchenko,Alan_Mulally,swap_Yuri_Malenchenko_0001_in_Alan_Mulally_0001.jpg,Yuri_Malenchenko_0001.jpg,Alan_Mulally_0001.jpg,0.736058,1,1
2270,Elizabeth_Hurley,Luciano_Pavarotti,swap_Elizabeth_Hurley_0002_in_Luciano_Pavarotti_0003.jpg,Elizabeth_Hurley_0002.jpg,Luciano_Pavarotti_0003.jpg,0.762976,1,1
2271,Franz_Muentefering,Kieran_Prendergast,swap_Franz_Muentefering_0002_in_Kieran_Prendergast_0001.jpg,Franz_Muentefering_0002.jpg,Kieran_Prendergast_0001.jpg,0.754309,1,1
2272,Hillary_Clinton,Tom_Harkin,swap_Hillary_Clinton_0008_in_Tom_Harkin_0002.jpg,Hillary_Clinton_0008.jpg,Tom_Harkin_0002.jpg,0.713870,1,1
2273,Lindsay_Davenport,Kamal_Kharrazi,swap_Lindsay_Davenport_0001_in_Kamal_Kharrazi_0001.jpg,Lindsay_Davenport_0001.jpg,Kamal_Kharrazi_0001.jpg,0.568155,1,0
2274,David_Caraway,Condoleezza_Rice,swap_David_Caraway_0002_in_Condoleezza_Rice_0008.jpg,David_Caraway_0002.jpg,Condoleezza_Rice_0008.jpg,0.763555,1,1
2275,Lili_Taylor,Alejandro_Atchugarry,swap_Lili_Taylor_0002_in_Alejandro_Atchugarry_0001.jpg,Lili_Taylor_0002.jpg,Alejandro_Atchugarry_0001.jpg,0.726874,1,1
2276,Eduardo_Duhalde,Hee-Won_Han,swap_Eduardo_Duhalde_0010_in_Hee-Won_Han_0002.jpg,Eduardo_Duhalde_0010.jpg,Hee-Won_Han_0002.jpg,0.704072,1,1
2277,Antonio_Palocci,Jane_Fonda,swap_Antonio_Palocci_0001_in_Jane_Fonda_0001.jpg,Antonio_Palocci_0001.jpg,Jane_Fonda_0001.jpg,0.823070,1,1
2278,Placido_Domingo,Sean_Astin,swap_Placido_Domingo_0002_in_Sean_Astin_0002.jpg,Placido_Domingo_0002.jpg,Sean_Astin_0002.jpg,0.778403,1,1
2279,Marcelo_Rios,Steve_Backley,swap_Marcelo_Rios_0005_in_Steve_Backley_0002.jpg,Marcelo_Rios_0005.jpg,Steve_Backley_0002.jpg,0.806397,1,1
2280,Anastasia_Myskina,Lynn_Redgrave,swap_Anastasia_Myskina_0002_in_Lynn_Redgrave_0002.jpg,Anastasia_Myskina_0002.jpg,Lynn_Redgrave_0002.jpg,0.763904,1,1
2281,Martha_Burk,Olesya_Bonabarenko,swap_Martha_Burk_0004_in_Olesya_Bonabarenko_0001.jpg,Martha_Burk_0004.jpg,Olesya_Bonabarenko_0001.jpg,0.760095,1,1
2282,Sean_OKeefe,Asa_Hutchinson,swap_Sean_OKeefe_0005_in_Asa_Hutchinson_0001.jpg,Sean_OKeefe_0005.jpg,Asa_Hutchinson_0001.jpg,0.785627,1,1
2283,Kamal_Kharrazi,Natalie_Cole,swap_Kamal_Kharrazi_0003_in_Natalie_Cole_0003.jpg,Kamal_Kharrazi_0003.jpg,Natalie_Cole_0003.jpg,0.725465,1,1
2284,Augusto_Roa_Bastos,Gloria_Allred,swap_Augusto_Roa_Bastos_0002_in_Gloria_Allred_0002.jpg,Augusto_Roa_Bastos_0002.jpg,Gloria_Allred_0002.jpg,0.726375,1,1
2285,Caroline_Kennedy,Marc_Grossman,swap_Caroline_Kennedy_0003_in_Marc_Grossman_0003.jpg,Caroline_Kennedy_0003.jpg,Marc_Grossman_0003.jpg,0.750314,1,1
2286,Laila_Ali,Russell_Simmons,swap_Laila_Ali_0002_in_Russell_Simmons_0001.jpg,Laila_Ali_0002.jpg,Russell_Simmons_0001.jpg,0.724491,1,1
2287,Daniel_Radcliffe,Hans_Eichel,swap_Daniel_Radcliffe_0002_in_Hans_Eichel_0002.jpg,Daniel_Radcliffe_0002.jpg,Hans_Eichel_0002.jpg,0.664934,1,1
2288,Jean-Marc_de_La_Sabliere,Kim_Jin-sun,swap_Jean-Marc_de_La_Sabliere_0001_in_Kim_Jin-sun_0001.jpg,Jean-Marc_de_La_Sabliere_0001.jpg,Kim_Jin-sun_0001.jpg,0.728947,1,1
2289,Norah_Jones,Rodrigo_Borja,swap_Norah_Jones_0006_in_Rodrigo_Borja_0002.jpg,Norah_Jones_0006.jpg,Rodrigo_Borja_0002.jpg,0.127043,0,0
2290,Chen_Shui-bian,Heath_Ledger,swap_Chen_Shui-bian_0004_in_Heath_Ledger_0004.jpg,Chen_Shui-bian_0004.jpg,Heath_Ledger_0004.jpg,0.591724,1,0
2291,Robert_Bullock,Ricardo_Monasterio,swap_Robert_Bullock_0002_in_Ricardo_Monasterio_0002.jpg,Robert_Bullock_0002.jpg,Ricardo_Monasterio_0002.jpg,0.727920,1,1
2292,Warren_Buffett,Daniela_Hantuchova,swap_Warren_Buffett_0003_in_Daniela_Hantuchova_0001.jpg,Warren_Buffett_0003.jpg,Daniela_Hantuchova_0001.jpg,0.716110,1,1
2293,Gwendal_Peizerat,Ronald_Reagan,swap_Gwendal_Peizerat_0003_in_Ronald_Reagan_0001.jpg,Gwendal_Peizerat_0003.jpg,Ronald_Reagan_0001.jpg,0.756673,1,1
2294,Rita_Grande,Ludivine_Sagnier,swap_Rita_Grande_0001_in_Ludivine_Sagnier_0002.jpg,Rita_Grande_0001.jpg,Ludivine_Sagnier_0002.jpg,0.766524,1,1
2295,Edie_Falco,Cruz_Bustamante,swap_Edie_Falco_0002_in_Cruz_Bustamante_0001.jpg,Edie_Falco_0002.jpg,Cruz_Bustamante_0001.jpg,0.681633,1,1
2296,Vincent_Gallo,Julianna_Margulies,swap_Vincent_Gallo_0002_in_Julianna_Margulies_0002.jpg,Vincent_Gallo_0002.jpg,Julianna_Margulies_0002.jpg,0.073895,0,0
2297,Frances_Fisher,Elizabeth_Hurley,swap_Frances_Fisher_0001_in_Elizabeth_Hurley_0001.jpg,Frances_Fisher_0001.jpg,Elizabeth_Hurley_0001.jpg,0.708842,1,1
2298,Jerry_Springer,Geraldine_Chaplin,swap_Jerry_Springer_0003_in_Geraldine_Chaplin_0002.jpg,Jerry_Springer_0003.jpg,Geraldine_Chaplin_0002.jpg,0.663181,1,1
2299,Debbie_Reynolds,Mario_Dumont,swap_Debbie_Reynolds_0001_in_Mario_Dumont_0001.jpg,Debbie_Reynolds_0001.jpg,Mario_Dumont_0001.jpg,0.674901,1,1
2300,Jason_Kidd,Kelvin_Sampson,swap_Jason_Kidd_0002_in_Kelvin_Sampson_0003.jpg,Jason_Kidd_0002.jpg,Kelvin_Sampson_0003.jpg,-0.022684,0,0
2301,Fabrice_Santoro,Cathy_Freeman,swap_Fabrice_Santoro_0003_in_Cathy_Freeman_0001.jpg,Fabrice_Santoro_0003.jpg,Cathy_Freeman_0001.jpg,0.695550,1,1
2302,Lyle_Vanclief,George_Roy_Hill,swap_Lyle_Vanclief_0002_in_George_Roy_Hill_0002.jpg,Lyle_Vanclief_0002.jpg,George_Roy_Hill_0002.jpg,0.793802,1,1
2303,Tom_Hanks,Anne_Krueger,swap_Tom_Hanks_0009_in_Anne_Krueger_0002.jpg,Tom_Hanks_0009.jpg,Anne_Krueger_0002.jpg,0.748605,1,1
2304,Colin_Powell,Ron_Howard,swap_Colin_Powell_0224_in_Ron_Howard_0001.jpg,Colin_Powell_0224.jpg,Ron_Howard_0001.jpg,-0.037689,0,0
2305,Sammy_Sosa,Antonio_Banderas,swap_Sammy_Sosa_0002_in_Antonio_Banderas_0004.jpg,Sammy_Sosa_0002.jpg,Antonio_Banderas_0004.jpg,0.643830,1,1
2306,Theodore_Tweed_Roosevelt,Carlos_Mesa,swap_Theodore_Tweed_Roosevelt_0001_in_Carlos_Mesa_0001.jpg,Theodore_Tweed_Roosevelt_0001.jpg,Carlos_Mesa_0001.jpg,0.773176,1,1
2307,Mohammad_Khatami,Andy_Roddick,swap_Mohammad_Khatami_0009_in_Andy_Roddick_0002.jpg,Mohammad_Khatami_0009.jpg,Andy_Roddick_0002.jpg,0.761713,1,1
2308,David_Coulthard,Pierre_Pettigrew,swap_David_Coulthard_0001_in_Pierre_Pettigrew_0001.jpg,David_Coulthard_0001.jpg,Pierre_Pettigrew_0001.jpg,0.689158,1,1
2309,Jessica_Lange,Cyndi_Thompson,swap_Jessica_Lange_0002_in_Cyndi_Thompson_0002.jpg,Jessica_Lange_0002.jpg,Cyndi_Thompson_0002.jpg,0.779738,1,1
2310,Tim_Conway,Mark_Dacey,swap_Tim_Conway_0002_in_Mark_Dacey_0001.jpg,Tim_Conway_0002.jpg,Mark_Dacey_0001.jpg,0.711708,1,1
2311,Corinne_Coman,Ray_Romano,swap_Corinne_Coman_0002_in_Ray_Romano_0006.jpg,Corinne_Coman_0002.jpg,Ray_Romano_0006.jpg,0.735712,1,1
2312,Zico,Christina_Aguilera,swap_Zico_0001_in_Christina_Aguilera_0002.jpg,Zico_0001.jpg,Christina_Aguilera_0002.jpg,0.780778,1,1
2313,Kim_Ryong-sung,Julianna_Margulies,swap_Kim_Ryong-sung_0001_in_Julianna_Margulies_0001.jpg,Kim_Ryong-sung_0001.jpg,Julianna_Margulies_0001.jpg,0.722932,1,1
2314,Xanana_Gusmao,Lindsay_Davenport,swap_Xanana_Gusmao_0003_in_Lindsay_Davenport_0010.jpg,Xanana_Gusmao_0003.jpg,Lindsay_Davenport_0010.jpg,0.747270,1,1
2315,Marissa_Jaret_Winokur,David_Nalbandian,swap_Marissa_Jaret_Winokur_0001_in_David_Nalbandian_0005.jpg,Marissa_Jaret_Winokur_0001.jpg,David_Nalbandian_0005.jpg,0.823398,1,1
2316,Joe_Lieberman,Sean_Penn,swap_Joe_Lieberman_0013_in_Sean_Penn_0002.jpg,Joe_Lieberman_0013.jpg,Sean_Penn_0002.jpg,0.792147,1,1
2317,Jesse_Ventura,Pierre_Boulanger,swap_Jesse_Ventura_0003_in_Pierre_Boulanger_0001.jpg,Jesse_Ventura_0003.jpg,Pierre_Boulanger_0001.jpg,0.810138,1,1
2318,Conan_OBrien,Terry_McAuliffe,swap_Conan_OBrien_0004_in_Terry_McAuliffe_0001.jpg,Conan_OBrien_0004.jpg,Terry_McAuliffe_0001.jpg,0.791482,1,1
2319,Christina_Aguilera,Will_Smith,swap_Christina_Aguilera_0004_in_Will_Smith_0002.jpg,Christina_Aguilera_0004.jpg,Will_Smith_0002.jpg,0.669791,1,1
2320,Joseph_Estrada,Lawrence_MacAulay,swap_Joseph_Estrada_0003_in_Lawrence_MacAulay_0001.jpg,Joseph_Estrada_0003.jpg,Lawrence_MacAulay_0001.jpg,0.733888,1,1
2321,Klaus_Zwickel,Claire_Hentzen,swap_Klaus_Zwickel_0001_in_Claire_Hentzen_0001.jpg,Klaus_Zwickel_0001.jpg,Claire_Hentzen_0001.jpg,0.782640,1,1
2322,Binyamin_Ben-Eliezer,Jason_Lezak,swap_Binyamin_Ben-Eliezer_0003_in_Jason_Lezak_0002.jpg,Binyamin_Ben-Eliezer_0003.jpg,Jason_Lezak_0002.jpg,0.866280,1,1
2323,Tommy_Franks,Dave_Campo,swap_Tommy_Franks_0014_in_Dave_Campo_0001.jpg,Tommy_Franks_0014.jpg,Dave_Campo_0001.jpg,0.814875,1,1
2324,John_Warner,Thomas_OBrien,swap_John_Warner_0001_in_Thomas_OBrien_0003.jpg,John_Warner_0001.jpg,Thomas_OBrien_0003.jpg,0.712270,1,1
2325,Naomi_Watts,Aron_Ralston,swap_Naomi_Watts_0021_in_Aron_Ralston_0002.jpg,Naomi_Watts_0021.jpg,Aron_Ralston_0002.jpg,0.008436,0,0
2326,Justin_Guarini,Jorge_Rodolfo_Canicoba_Corral,swap_Justin_Guarini_0003_in_Jorge_Rodolfo_Canicoba_Corral_0002.jpg,Justin_Guarini_0003.jpg,Jorge_Rodolfo_Canicoba_Corral_0002.jpg,0.662087,1,1
2327,Sharon_Frey,Strom_Thurmond,swap_Sharon_Frey_0002_in_Strom_Thurmond_0002.jpg,Sharon_Frey_0002.jpg,Strom_Thurmond_0002.jpg,0.805109,1,1
2328,Adrian_Nastase,Guillermo_Ortiz,swap_Adrian_Nastase_0001_in_Guillermo_Ortiz_0002.jpg,Adrian_Nastase_0001.jpg,Guillermo_Ortiz_0002.jpg,0.773842,1,1
2329,Kurt_Busch,Ralph_Klein,swap_Kurt_Busch_0001_in_Ralph_Klein_0002.jpg,Kurt_Busch_0001.jpg,Ralph_Klein_0002.jpg,0.766772,1,1
2330,Russell_Simmons,Jean_Brumley,swap_Russell_Simmons_0004_in_Jean_Brumley_0001.jpg,Russell_Simmons_0004.jpg,Jean_Brumley_0001.jpg,0.735594,1,1
2331,Hilmi_Ozkok,Billy_Sollie,swap_Hilmi_Ozkok_0001_in_Billy_Sollie_0002.jpg,Hilmi_Ozkok_0001.jpg,Billy_Sollie_0002.jpg,0.748830,1,1
2332,John_Stallworth,Sheryl_Crow,swap_John_Stallworth_0001_in_Sheryl_Crow_0005.jpg,John_Stallworth_0001.jpg,Sheryl_Crow_0005.jpg,0.731205,1,1
2333,Emanuel_Ginobili,Boris_Becker,swap_Emanuel_Ginobili_0005_in_Boris_Becker_0005.jpg,Emanuel_Ginobili_0005.jpg,Boris_Becker_0005.jpg,0.805548,1,1
2334,Imad_Moustapha,Mary_Carey,swap_Imad_Moustapha_0002_in_Mary_Carey_0002.jpg,Imad_Moustapha_0002.jpg,Mary_Carey_0002.jpg,0.753195,1,1
2335,Alexander_Downer,Alimzhan_Tokhtakhounov,swap_Alexander_Downer_0003_in_Alimzhan_Tokhtakhounov_0001.jpg,Alexander_Downer_0003.jpg,Alimzhan_Tokhtakhounov_0001.jpg,0.800674,1,1
2336,Tomoko_Hagiwara,Hootie_Johnson,swap_Tomoko_Hagiwara_0002_in_Hootie_Johnson_0001.jpg,Tomoko_Hagiwara_0002.jpg,Hootie_Johnson_0001.jpg,0.115650,0,0
2337,Stacy_Dragila,Arturo_Gatti,swap_Stacy_Dragila_0002_in_Arturo_Gatti_0002.jpg,Stacy_Dragila_0002.jpg,Arturo_Gatti_0002.jpg,0.072303,0,0
2338,Phil_Gramm,Mark_Hamister,swap_Phil_Gramm_0002_in_Mark_Hamister_0001.jpg,Phil_Gramm_0002.jpg,Mark_Hamister_0001.jpg,0.661914,1,1
2339,Anneli_Jaatteenmaki,Thierry_Falise,swap_Anneli_Jaatteenmaki_0001_in_Thierry_Falise_0002.jpg,Anneli_Jaatteenmaki_0001.jpg,Thierry_Falise_0002.jpg,0.787220,1,1
2340,Herb_Sendek,Nancy_Reagan,swap_Herb_Sendek_0001_in_Nancy_Reagan_0002.jpg,Herb_Sendek_0001.jpg,Nancy_Reagan_0002.jpg,0.734700,1,1
2341,Javier_Weber,Francis_Mer,swap_Javier_Weber_0003_in_Francis_Mer_0001.jpg,Javier_Weber_0003.jpg,Francis_Mer_0001.jpg,0.726291,1,1
2342,Jeffrey_Jones,Herta_Daeubler-Gmelin,swap_Jeffrey_Jones_0002_in_Herta_Daeubler-Gmelin_0001.jpg,Jeffrey_Jones_0002.jpg,Herta_Daeubler-Gmelin_0001.jpg,0.770403,1,1
2343,Sean_OKeefe,John_Brady,swap_Sean_OKeefe_0005_in_John_Brady_0001.jpg,Sean_OKeefe_0005.jpg,John_Brady_0001.jpg,0.806943,1,1
2344,Cameron_Diaz,James_Maguire,swap_Cameron_Diaz_0005_in_James_Maguire_0001.jpg,Cameron_Diaz_0005.jpg,James_Maguire_0001.jpg,0.669230,1,1
2345,Toshihiko_Fukui,Jessica_Alba,swap_Toshihiko_Fukui_0002_in_Jessica_Alba_0001.jpg,Toshihiko_Fukui_0002.jpg,Jessica_Alba_0001.jpg,0.839463,1,1
2346,Clara_Harris,Scott_Rudin,swap_Clara_Harris_0004_in_Scott_Rudin_0002.jpg,Clara_Harris_0004.jpg,Scott_Rudin_0002.jpg,0.809651,1,1
2347,Bill_Paxton,Bode_Miller,swap_Bill_Paxton_0001_in_Bode_Miller_0002.jpg,Bill_Paxton_0001.jpg,Bode_Miller_0002.jpg,0.680488,1,1
2348,Charlton_Heston,Lisa_Ling,swap_Charlton_Heston_0002_in_Lisa_Ling_0002.jpg,Charlton_Heston_0002.jpg,Lisa_Ling_0002.jpg,0.584778,1,0
2349,Bill_Callahan,Joan_Laporta,swap_Bill_Callahan_0003_in_Joan_Laporta_0009.jpg,Bill_Callahan_0003.jpg,Joan_Laporta_0009.jpg,0.843203,1,1
2350,Jorge_Valdano,Norm_Coleman,swap_Jorge_Valdano_0002_in_Norm_Coleman_0007.jpg,Jorge_Valdano_0002.jpg,Norm_Coleman_0007.jpg,0.747765,1,1
2351,Gian_Marco,Nicolas_Escude,swap_Gian_Marco_0002_in_Nicolas_Escude_0002.jpg,Gian_Marco_0002.jpg,Nicolas_Escude_0002.jpg,0.769529,1,1
2352,Kimi_Raikkonen,Romano_Prodi,swap_Kimi_Raikkonen_0002_in_Romano_Prodi_0006.jpg,Kimi_Raikkonen_0002.jpg,Romano_Prodi_0006.jpg,0.693228,1,1
2353,Julie_Gerberding,Darrell_Porter,swap_Julie_Gerberding_0003_in_Darrell_Porter_0001.jpg,Julie_Gerberding_0003.jpg,Darrell_Porter_0001.jpg,0.693782,1,1
2354,Luis_Horna,Scott_Ritter,swap_Luis_Horna_0004_in_Scott_Ritter_0001.jpg,Luis_Horna_0004.jpg,Scott_Ritter_0001.jpg,0.747356,1,1
2355,Sam_Bith,Martha_Burk,swap_Sam_Bith_0003_in_Martha_Burk_0001.jpg,Sam_Bith_0003.jpg,Martha_Burk_0001.jpg,0.019334,0,0
2356,Rubens_Barrichello,Elton_John,swap_Rubens_Barrichello_0008_in_Elton_John_0004.jpg,Rubens_Barrichello_0008.jpg,Elton_John_0004.jpg,0.786562,1,1
2357,Amanda_Bynes,Suzanne_Gaudet,swap_Amanda_Bynes_0002_in_Suzanne_Gaudet_0002.jpg,Amanda_Bynes_0002.jpg,Suzanne_Gaudet_0002.jpg,0.743709,1,1
2358,Carson_Palmer,Patrice_Chereau,swap_Carson_Palmer_0004_in_Patrice_Chereau_0001.jpg,Carson_Palmer_0004.jpg,Patrice_Chereau_0001.jpg,0.695969,1,1
2359,Cathy_Freeman,Joan_Laporta,swap_Cathy_Freeman_0002_in_Joan_Laporta_0001.jpg,Cathy_Freeman_0002.jpg,Joan_Laporta_0001.jpg,0.675963,1,1
2360,Mary_Tyler_Moore,Constance_Marie,swap_Mary_Tyler_Moore_0001_in_Constance_Marie_0002.jpg,Mary_Tyler_Moore_0001.jpg,Constance_Marie_0002.jpg,0.768446,1,1
2361,Hosni_Mubarak,Joerg_Haider,swap_Hosni_Mubarak_0005_in_Joerg_Haider_0002.jpg,Hosni_Mubarak_0005.jpg,Joerg_Haider_0002.jpg,0.863507,1,1
2362,Luke_Walton,Alimzhan_Tokhtakhounov,swap_Luke_Walton_0001_in_Alimzhan_Tokhtakhounov_0001.jpg,Luke_Walton_0001.jpg,Alimzhan_Tokhtakhounov_0001.jpg,0.810402,1,1
2363,Vaclav_Havel,Nursultan_Nazarbayev,swap_Vaclav_Havel_0007_in_Nursultan_Nazarbayev_0001.jpg,Vaclav_Havel_0007.jpg,Nursultan_Nazarbayev_0001.jpg,0.679032,1,1
2364,Hosni_Mubarak,Habib_Rizieq,swap_Hosni_Mubarak_0004_in_Habib_Rizieq_0002.jpg,Hosni_Mubarak_0004.jpg,Habib_Rizieq_0002.jpg,0.824252,1,1
2365,Zico,Steve_Park,swap_Zico_0002_in_Steve_Park_0001.jpg,Zico_0002.jpg,Steve_Park_0001.jpg,0.809475,1,1
2366,Celso_Amorim,Miguel_Contreras,swap_Celso_Amorim_0002_in_Miguel_Contreras_0001.jpg,Celso_Amorim_0002.jpg,Miguel_Contreras_0001.jpg,0.635509,1,1
2367,Anibal_Ibarra,Julio_Iglesias_Jr,swap_Anibal_Ibarra_0002_in_Julio_Iglesias_Jr_0002.jpg,Anibal_Ibarra_0002.jpg,Julio_Iglesias_Jr_0002.jpg,0.791636,1,1
2368,Morgan_Freeman,Larry_Johnson,swap_Morgan_Freeman_0002_in_Larry_Johnson_0002.jpg,Morgan_Freeman_0002.jpg,Larry_Johnson_0002.jpg,0.701270,1,1
2369,Lionel_Richie,Shane_Warne,swap_Lionel_Richie_0001_in_Shane_Warne_0001.jpg,Lionel_Richie_0001.jpg,Shane_Warne_0001.jpg,0.739869,1,1
2370,Marisa_Tomei,Princess_Masako,swap_Marisa_Tomei_0002_in_Princess_Masako_0002.jpg,Marisa_Tomei_0002.jpg,Princess_Masako_0002.jpg,0.796664,1,1
2371,Rita_Grande,Lana_Clarkson,swap_Rita_Grande_0001_in_Lana_Clarkson_0002.jpg,Rita_Grande_0001.jpg,Lana_Clarkson_0002.jpg,0.768813,1,1
2372,Bob_Graham,Wayne_Ferreira,swap_Bob_Graham_0005_in_Wayne_Ferreira_0005.jpg,Bob_Graham_0005.jpg,Wayne_Ferreira_0005.jpg,0.705478,1,1
2373,Joseph_Estrada,John_Rosa,swap_Joseph_Estrada_0002_in_John_Rosa_0002.jpg,Joseph_Estrada_0002.jpg,John_Rosa_0002.jpg,0.829553,1,1
2374,Javier_Weber,Michael_Powell,swap_Javier_Weber_0001_in_Michael_Powell_0004.jpg,Javier_Weber_0001.jpg,Michael_Powell_0004.jpg,0.720720,1,1
2375,Stephen_Daldry,Guido_Westerwelle,swap_Stephen_Daldry_0001_in_Guido_Westerwelle_0001.jpg,Stephen_Daldry_0001.jpg,Guido_Westerwelle_0001.jpg,0.819711,1,1
2376,Sandra_Bullock,Alexandra_Stevenson,swap_Sandra_Bullock_0003_in_Alexandra_Stevenson_0003.jpg,Sandra_Bullock_0003.jpg,Alexandra_Stevenson_0003.jpg,0.742636,1,1
2377,Raoul_Ruiz,Chakib_Khelil,swap_Raoul_Ruiz_0001_in_Chakib_Khelil_0001.jpg,Raoul_Ruiz_0001.jpg,Chakib_Khelil_0001.jpg,0.766438,1,1
2378,Pedro_Solbes,Michael_Sullivan,swap_Pedro_Solbes_0001_in_Michael_Sullivan_0001.jpg,Pedro_Solbes_0001.jpg,Michael_Sullivan_0001.jpg,0.729382,1,1
2379,Tassos_Papadopoulos,Lisa_Gottsegen,swap_Tassos_Papadopoulos_0003_in_Lisa_Gottsegen_0001.jpg,Tassos_Papadopoulos_0003.jpg,Lisa_Gottsegen_0001.jpg,0.772296,1,1
2380,Catherine_Zeta-Jones,Richard_Norton-Taylor,swap_Catherine_Zeta-Jones_0009_in_Richard_Norton-Taylor_0001.jpg,Catherine_Zeta-Jones_0009.jpg,Richard_Norton-Taylor_0001.jpg,0.753792,1,1
2381,Aldo_Paredes,Greg_Rusedski,swap_Aldo_Paredes_0001_in_Greg_Rusedski_0002.jpg,Aldo_Paredes_0001.jpg,Greg_Rusedski_0002.jpg,0.760954,1,1
2382,Samira_Makhmalbaf,Nebojsa_Pavkovic,swap_Samira_Makhmalbaf_0002_in_Nebojsa_Pavkovic_0001.jpg,Samira_Makhmalbaf_0002.jpg,Nebojsa_Pavkovic_0001.jpg,0.723772,1,1
2383,Win_Aung,Michael_Bloomberg,swap_Win_Aung_0003_in_Michael_Bloomberg_0013.jpg,Win_Aung_0003.jpg,Michael_Bloomberg_0013.jpg,0.803507,1,1
2384,Norodom_Sihanouk,Ann_Veneman,swap_Norodom_Sihanouk_0002_in_Ann_Veneman_0001.jpg,Norodom_Sihanouk_0002.jpg,Ann_Veneman_0001.jpg,0.750772,1,1
2385,Jay_Leno,Kim_Clijsters,swap_Jay_Leno_0001_in_Kim_Clijsters_0007.jpg,Jay_Leno_0001.jpg,Kim_Clijsters_0007.jpg,0.822533,1,1
2386,Alexander_Rumyantsev,Megan_Mullally,swap_Alexander_Rumyantsev_0002_in_Megan_Mullally_0002.jpg,Alexander_Rumyantsev_0002.jpg,Megan_Mullally_0002.jpg,0.754596,1,1
2387,George_Pataki,Bobby_Goldwater,swap_George_Pataki_0001_in_Bobby_Goldwater_0001.jpg,George_Pataki_0001.jpg,Bobby_Goldwater_0001.jpg,0.759055,1,1
2388,Michael_Sullivan,David_Heyman,swap_Michael_Sullivan_0002_in_David_Heyman_0001.jpg,Michael_Sullivan_0002.jpg,David_Heyman_0001.jpg,0.839785,1,1
2389,Diana_Munz,George_Lopez,swap_Diana_Munz_0001_in_George_Lopez_0002.jpg,Diana_Munz_0001.jpg,George_Lopez_0002.jpg,0.806540,1,1
2390,Hu_Jintao,Jose_Viegas_Filho,swap_Hu_Jintao_0011_in_Jose_Viegas_Filho_0001.jpg,Hu_Jintao_0011.jpg,Jose_Viegas_Filho_0001.jpg,0.642120,1,1
2391,Art_Hoffmann,Paul_Tagliabue,swap_Art_Hoffmann_0002_in_Paul_Tagliabue_0002.jpg,Art_Hoffmann_0002.jpg,Paul_Tagliabue_0002.jpg,0.794358,1,1
2392,Alice_Fisher,Sean_Astin,swap_Alice_Fisher_0001_in_Sean_Astin_0002.jpg,Alice_Fisher_0001.jpg,Sean_Astin_0002.jpg,0.738309,1,1
2393,John_Stallworth,Bridget_Fonda,swap_John_Stallworth_0002_in_Bridget_Fonda_0001.jpg,John_Stallworth_0002.jpg,Bridget_Fonda_0001.jpg,0.598689,1,0
2394,Juanes,James_Cameron,swap_Juanes_0002_in_James_Cameron_0002.jpg,Juanes_0002.jpg,James_Cameron_0002.jpg,0.565785,1,0
2395,Cathy_Freeman,Antony_Leung,swap_Cathy_Freeman_0001_in_Antony_Leung_0002.jpg,Cathy_Freeman_0001.jpg,Antony_Leung_0002.jpg,0.737299,1,1
2396,Terje_Roed-Larsen,Ozzy_Osbourne,swap_Terje_Roed-Larsen_0001_in_Ozzy_Osbourne_0002.jpg,Terje_Roed-Larsen_0001.jpg,Ozzy_Osbourne_0002.jpg,0.747028,1,1
2397,Mark_Hurlbert,Terje_Roed-Larsen,swap_Mark_Hurlbert_0005_in_Terje_Roed-Larsen_0002.jpg,Mark_Hurlbert_0005.jpg,Terje_Roed-Larsen_0002.jpg,0.774171,1,1
2398,Carol_Burnett,Goh_Kun,swap_Carol_Burnett_0001_in_Goh_Kun_0002.jpg,Carol_Burnett_0001.jpg,Goh_Kun_0002.jpg,0.762630,1,1
2399,Lennox_Lewis,Mike_Price,swap_Lennox_Lewis_0002_in_Mike_Price_0001.jpg,Lennox_Lewis_0002.jpg,Mike_Price_0001.jpg,0.790556,1,1
2400,Luis_Gonzalez_Macchi,Allen_Iverson,swap_Luis_Gonzalez_Macchi_0004_in_Allen_Iverson_0001.jpg,Luis_Gonzalez_Macchi_0004.jpg,Allen_Iverson_0001.jpg,0.712700,1,1
2401,Aldo_Paredes,Goh_Kun,swap_Aldo_Paredes_0001_in_Goh_Kun_0001.jpg,Aldo_Paredes_0001.jpg,Goh_Kun_0001.jpg,0.810429,1,1
2402,Tim_Duncan,Mikhail_Gorbachev,swap_Tim_Duncan_0002_in_Mikhail_Gorbachev_0002.jpg,Tim_Duncan_0002.jpg,Mikhail_Gorbachev_0002.jpg,0.773461,1,1
2403,Mukesh_Ambani,Jose_Theodore,swap_Mukesh_Ambani_0002_in_Jose_Theodore_0001.jpg,Mukesh_Ambani_0002.jpg,Jose_Theodore_0001.jpg,0.727317,1,1
2404,Princess_Elisabeth,Mariana_Pollack,swap_Princess_Elisabeth_0001_in_Mariana_Pollack_0001.jpg,Princess_Elisabeth_0001.jpg,Mariana_Pollack_0001.jpg,0.787198,1,1
2405,Joe_Nichols,Michael_Phelps,swap_Joe_Nichols_0002_in_Michael_Phelps_0002.jpg,Joe_Nichols_0002.jpg,Michael_Phelps_0002.jpg,0.693564,1,1
2406,Michael_Jordan,Kate_Capshaw,swap_Michael_Jordan_0004_in_Kate_Capshaw_0001.jpg,Michael_Jordan_0004.jpg,Kate_Capshaw_0001.jpg,0.721043,1,1
2407,Abdel_Nasser_Assidi,Yevgeny_Kafelnikov,swap_Abdel_Nasser_Assidi_0002_in_Yevgeny_Kafelnikov_0003.jpg,Abdel_Nasser_Assidi_0002.jpg,Yevgeny_Kafelnikov_0003.jpg,0.789992,1,1
2408,Ricardo_Sanchez,David_Coulthard,swap_Ricardo_Sanchez_0001_in_David_Coulthard_0001.jpg,Ricardo_Sanchez_0001.jpg,David_Coulthard_0001.jpg,0.662048,1,1
2409,Lucy_Liu,Gray_Davis,swap_Lucy_Liu_0005_in_Gray_Davis_0009.jpg,Lucy_Liu_0005.jpg,Gray_Davis_0009.jpg,0.766334,1,1
2410,Robert_Witt,John_Howard,swap_Robert_Witt_0002_in_John_Howard_0007.jpg,Robert_Witt_0002.jpg,John_Howard_0007.jpg,0.785324,1,1
2411,Nicole_Kidman,Mark_Wahlberg,swap_Nicole_Kidman_0010_in_Mark_Wahlberg_0001.jpg,Nicole_Kidman_0010.jpg,Mark_Wahlberg_0001.jpg,0.689684,1,1
2412,Daniel_Radcliffe,Steve_Nash,swap_Daniel_Radcliffe_0001_in_Steve_Nash_0003.jpg,Daniel_Radcliffe_0001.jpg,Steve_Nash_0003.jpg,0.735220,1,1
2413,Bob_Hope,Johnny_Tapia,swap_Bob_Hope_0002_in_Johnny_Tapia_0001.jpg,Bob_Hope_0002.jpg,Johnny_Tapia_0001.jpg,0.085719,0,0
2414,Sheila_Wellstone,Mikhail_Youzhny,swap_Sheila_Wellstone_0002_in_Mikhail_Youzhny_0002.jpg,Sheila_Wellstone_0002.jpg,Mikhail_Youzhny_0002.jpg,0.721629,1,1
2415,Elizabeth_Taylor,Paul_Martin,swap_Elizabeth_Taylor_0002_in_Paul_Martin_0006.jpg,Elizabeth_Taylor_0002.jpg,Paul_Martin_0006.jpg,0.734278,1,1
2416,Princess_Anne,Gerard_Depardieu,swap_Princess_Anne_0002_in_Gerard_Depardieu_0002.jpg,Princess_Anne_0002.jpg,Gerard_Depardieu_0002.jpg,0.748562,1,1
2417,Gabriel_Valdes,Rick_Perry,swap_Gabriel_Valdes_0002_in_Rick_Perry_0003.jpg,Gabriel_Valdes_0002.jpg,Rick_Perry_0003.jpg,0.792258,1,1
2418,Elizabeth_Taylor,LeBron_James,swap_Elizabeth_Taylor_0002_in_LeBron_James_0001.jpg,Elizabeth_Taylor_0002.jpg,LeBron_James_0001.jpg,0.791647,1,1
2419,Roseanne_Barr,Chok_Tong_Goh,swap_Roseanne_Barr_0003_in_Chok_Tong_Goh_0001.jpg,Roseanne_Barr_0003.jpg,Chok_Tong_Goh_0001.jpg,-0.023288,0,0
2420,Paul_Coppin,Lisa_Ling,swap_Paul_Coppin_0001_in_Lisa_Ling_0001.jpg,Paul_Coppin_0001.jpg,Lisa_Ling_0001.jpg,0.690449,1,1
2421,Robert_Bonner,David_Wolf,swap_Robert_Bonner_0002_in_David_Wolf_0002.jpg,Robert_Bonner_0002.jpg,David_Wolf_0002.jpg,0.671334,1,1
2422,Tim_Curry,John_Walsh,swap_Tim_Curry_0001_in_John_Walsh_0001.jpg,Tim_Curry_0001.jpg,John_Walsh_0001.jpg,0.829386,1,1
2423,Michael_Leavitt,Alvaro_Silva_Calderon,swap_Michael_Leavitt_0002_in_Alvaro_Silva_Calderon_0001.jpg,Michael_Leavitt_0002.jpg,Alvaro_Silva_Calderon_0001.jpg,0.708496,1,1
2424,Jennifer_Connelly,Yevgeny_Kafelnikov,swap_Jennifer_Connelly_0004_in_Yevgeny_Kafelnikov_0003.jpg,Jennifer_Connelly_0004.jpg,Yevgeny_Kafelnikov_0003.jpg,0.772332,1,1
2425,John_Rigas,Denise_Johnson,swap_John_Rigas_0001_in_Denise_Johnson_0001.jpg,John_Rigas_0001.jpg,Denise_Johnson_0001.jpg,0.803980,1,1
2426,Lee_Soo-hyuck,Jodie_Foster,swap_Lee_Soo-hyuck_0001_in_Jodie_Foster_0002.jpg,Lee_Soo-hyuck_0001.jpg,Jodie_Foster_0002.jpg,0.712446,1,1
2427,Ahmed_Chalabi,Ernesto_Zedillo,swap_Ahmed_Chalabi_0001_in_Ernesto_Zedillo_0002.jpg,Ahmed_Chalabi_0001.jpg,Ernesto_Zedillo_0002.jpg,0.783983,1,1
2428,Robert_Zoellick,Sarah_Michelle_Gellar,swap_Robert_Zoellick_0003_in_Sarah_Michelle_Gellar_0001.jpg,Robert_Zoellick_0003.jpg,Sarah_Michelle_Gellar_0001.jpg,0.735823,1,1
2429,Bob_Huggins,Yuri_Malenchenko,swap_Bob_Huggins_0003_in_Yuri_Malenchenko_0001.jpg,Bob_Huggins_0003.jpg,Yuri_Malenchenko_0001.jpg,0.714230,1,1
2430,Fran_Drescher,Marat_Safin,swap_Fran_Drescher_0002_in_Marat_Safin_0001.jpg,Fran_Drescher_0002.jpg,Marat_Safin_0001.jpg,0.733281,1,1
2431,Gus_Van_Sant,Manfred_Stolpe,swap_Gus_Van_Sant_0003_in_Manfred_Stolpe_0001.jpg,Gus_Van_Sant_0003.jpg,Manfred_Stolpe_0001.jpg,0.740332,1,1
2432,Adolfo_Rodriguez_Saa,Drew_Barrymore,swap_Adolfo_Rodriguez_Saa_0002_in_Drew_Barrymore_0001.jpg,Adolfo_Rodriguez_Saa_0002.jpg,Drew_Barrymore_0001.jpg,0.715495,1,1
2433,Guido_Westerwelle,Nabil_Shaath,swap_Guido_Westerwelle_0002_in_Nabil_Shaath_0001.jpg,Guido_Westerwelle_0002.jpg,Nabil_Shaath_0001.jpg,0.760622,1,1
2434,Mike_Montgomery,Doris_Schroeder,swap_Mike_Montgomery_0001_in_Doris_Schroeder_0001.jpg,Mike_Montgomery_0001.jpg,Doris_Schroeder_0001.jpg,0.722213,1,1
2435,Norm_Coleman,Charles_Schumer,swap_Norm_Coleman_0006_in_Charles_Schumer_0001.jpg,Norm_Coleman_0006.jpg,Charles_Schumer_0001.jpg,0.779672,1,1
2436,Charles_Mathews,George_Voinovich,swap_Charles_Mathews_0001_in_George_Voinovich_0003.jpg,Charles_Mathews_0001.jpg,George_Voinovich_0003.jpg,0.790857,1,1
2437,Silvio_Fernandez,Tyra_Banks,swap_Silvio_Fernandez_0002_in_Tyra_Banks_0001.jpg,Silvio_Fernandez_0002.jpg,Tyra_Banks_0001.jpg,0.732217,1,1
2438,Robert_Mugabe,Alexander_Downer,swap_Robert_Mugabe_0002_in_Alexander_Downer_0004.jpg,Robert_Mugabe_0002.jpg,Alexander_Downer_0004.jpg,0.685699,1,1
2439,Abdullah,Kathy_Winters,swap_Abdullah_0001_in_Kathy_Winters_0002.jpg,Abdullah_0001.jpg,Kathy_Winters_0002.jpg,0.818641,1,1
2440,Kenneth_Bowersox,Jose_Theodore,swap_Kenneth_Bowersox_0002_in_Jose_Theodore_0001.jpg,Kenneth_Bowersox_0002.jpg,Jose_Theodore_0001.jpg,0.788152,1,1
2441,Robert_Witt,Martin_Verkerk,swap_Robert_Witt_0002_in_Martin_Verkerk_0002.jpg,Robert_Witt_0002.jpg,Martin_Verkerk_0002.jpg,0.784527,1,1
2442,Jessica_Lange,Martin_Scorsese,swap_Jessica_Lange_0001_in_Martin_Scorsese_0006.jpg,Jessica_Lange_0001.jpg,Martin_Scorsese_0006.jpg,0.772732,1,1
2443,Eva_Dimas,Anne_McLellan,swap_Eva_Dimas_0002_in_Anne_McLellan_0002.jpg,Eva_Dimas_0002.jpg,Anne_McLellan_0002.jpg,0.785924,1,1
2444,Mian_Khursheed_Mehmood_Kasuri,Lana_Clarkson,swap_Mian_Khursheed_Mehmood_Kasuri_0003_in_Lana_Clarkson_0001.jpg,Mian_Khursheed_Mehmood_Kasuri_0003.jpg,Lana_Clarkson_0001.jpg,0.693975,1,1
2445,John_Timoney,Doug_Collins,swap_John_Timoney_0002_in_Doug_Collins_0001.jpg,John_Timoney_0002.jpg,Doug_Collins_0001.jpg,0.802728,1,1
2446,Nancy_Pelosi,Wolfgang_Schuessel,swap_Nancy_Pelosi_0001_in_Wolfgang_Schuessel_0002.jpg,Nancy_Pelosi_0001.jpg,Wolfgang_Schuessel_0002.jpg,0.769589,1,1
2447,Ron_Dittemore,Kate_Capshaw,swap_Ron_Dittemore_0002_in_Kate_Capshaw_0001.jpg,Ron_Dittemore_0002.jpg,Kate_Capshaw_0001.jpg,0.764239,1,1
2448,Dwayne_Johnson,Dave_Campo,swap_Dwayne_Johnson_0002_in_Dave_Campo_0002.jpg,Dwayne_Johnson_0002.jpg,Dave_Campo_0002.jpg,0.711780,1,1
2449,Augustin_Calleri,Petro_Symonenko,swap_Augustin_Calleri_0001_in_Petro_Symonenko_0001.jpg,Augustin_Calleri_0001.jpg,Petro_Symonenko_0001.jpg,0.790555,1,1
2450,Lon_Kruger,Ken_Watanabe,swap_Lon_Kruger_0001_in_Ken_Watanabe_0002.jpg,Lon_Kruger_0001.jpg,Ken_Watanabe_0002.jpg,0.747215,1,1
2451,Gary_Williams,Garry_Trudeau,swap_Gary_Williams_0001_in_Garry_Trudeau_0002.jpg,Gary_Williams_0001.jpg,Garry_Trudeau_0002.jpg,0.743906,1,1
2452,Frank_Griswold,Jay_Rasulo,swap_Frank_Griswold_0001_in_Jay_Rasulo_0002.jpg,Frank_Griswold_0001.jpg,Jay_Rasulo_0002.jpg,0.659457,1,1
2453,Marty_Mornhinweg,Vitali_Klitschko,swap_Marty_Mornhinweg_0001_in_Vitali_Klitschko_0001.jpg,Marty_Mornhinweg_0001.jpg,Vitali_Klitschko_0001.jpg,0.732749,1,1
2454,Tony_Blair,Pascal_Lamy,swap_Tony_Blair_0113_in_Pascal_Lamy_0001.jpg,Tony_Blair_0113.jpg,Pascal_Lamy_0001.jpg,0.784811,1,1
2455,Peter_Struck,Kurt_Russell,swap_Peter_Struck_0005_in_Kurt_Russell_0001.jpg,Peter_Struck_0005.jpg,Kurt_Russell_0001.jpg,0.653308,1,1
2456,Blythe_Hartley,Asa_Hutchinson,swap_Blythe_Hartley_0001_in_Asa_Hutchinson_0002.jpg,Blythe_Hartley_0001.jpg,Asa_Hutchinson_0002.jpg,0.812201,1,1
2457,Inocencio_Arias,Roy_Williams,swap_Inocencio_Arias_0001_in_Roy_Williams_0002.jpg,Inocencio_Arias_0001.jpg,Roy_Williams_0002.jpg,0.806707,1,1
2458,Ashton_Kutcher,William_Bratton,swap_Ashton_Kutcher_0002_in_William_Bratton_0001.jpg,Ashton_Kutcher_0002.jpg,William_Bratton_0001.jpg,0.731113,1,1
2459,Hilmi_Ozkok,Paul_Martin,swap_Hilmi_Ozkok_0002_in_Paul_Martin_0002.jpg,Hilmi_Ozkok_0002.jpg,Paul_Martin_0002.jpg,0.797785,1,1
2460,Bruce_Van_De_Velde,Robert_Mueller,swap_Bruce_Van_De_Velde_0001_in_Robert_Mueller_0005.jpg,Bruce_Van_De_Velde_0001.jpg,Robert_Mueller_0005.jpg,0.822940,1,1
2461,Antony_Leung,Hee-Won_Han,swap_Antony_Leung_0004_in_Hee-Won_Han_0002.jpg,Antony_Leung_0004.jpg,Hee-Won_Han_0002.jpg,0.478467,1,0
2462,Brendan_Hansen,Paulo_Cesar_Pinheiro,swap_Brendan_Hansen_0002_in_Paulo_Cesar_Pinheiro_0001.jpg,Brendan_Hansen_0002.jpg,Paulo_Cesar_Pinheiro_0001.jpg,0.728735,1,1
2463,Parris_Glendening,Vanessa_Redgrave,swap_Parris_Glendening_0001_in_Vanessa_Redgrave_0004.jpg,Parris_Glendening_0001.jpg,Vanessa_Redgrave_0004.jpg,0.812235,1,1
2464,John_McCormack,Len_Jenoff,swap_John_McCormack_0002_in_Len_Jenoff_0001.jpg,John_McCormack_0002.jpg,Len_Jenoff_0001.jpg,0.642218,1,1
2465,Jay_Garner,Ricardo_Lagos,swap_Jay_Garner_0006_in_Ricardo_Lagos_0026.jpg,Jay_Garner_0006.jpg,Ricardo_Lagos_0026.jpg,0.778317,1,1
2466,Ali_Khamenei,Larry_Thompson,swap_Ali_Khamenei_0003_in_Larry_Thompson_0003.jpg,Ali_Khamenei_0003.jpg,Larry_Thompson_0003.jpg,0.528095,1,0
2467,Norah_Jones,Donna_Shalala,swap_Norah_Jones_0002_in_Donna_Shalala_0001.jpg,Norah_Jones_0002.jpg,Donna_Shalala_0001.jpg,0.834822,1,1
2468,Akhmed_Zakayev,Oscar_Elias_Biscet,swap_Akhmed_Zakayev_0003_in_Oscar_Elias_Biscet_0001.jpg,Akhmed_Zakayev_0003.jpg,Oscar_Elias_Biscet_0001.jpg,0.802424,1,1
2469,Orlando_Bloom,Vicente_Fox,swap_Orlando_Bloom_0001_in_Vicente_Fox_0009.jpg,Orlando_Bloom_0001.jpg,Vicente_Fox_0009.jpg,0.678333,1,1
2470,Priscilla_Presley,Mark_Philippoussis,swap_Priscilla_Presley_0002_in_Mark_Philippoussis_0006.jpg,Priscilla_Presley_0002.jpg,Mark_Philippoussis_0006.jpg,0.680667,1,1
2471,Justine_Pasek,Luciano_Pavarotti,swap_Justine_Pasek_0006_in_Luciano_Pavarotti_0003.jpg,Justine_Pasek_0006.jpg,Luciano_Pavarotti_0003.jpg,0.682901,1,1
2472,Kristanna_Loken,Dick_Latessa,swap_Kristanna_Loken_0002_in_Dick_Latessa_0001.jpg,Kristanna_Loken_0002.jpg,Dick_Latessa_0001.jpg,0.672344,1,1
2473,Vojislav_Kostunica,Angelo_Reyes,swap_Vojislav_Kostunica_0001_in_Angelo_Reyes_0002.jpg,Vojislav_Kostunica_0001.jpg,Angelo_Reyes_0002.jpg,0.770474,1,1
2474,Ilan_Ramon,Nicolas_Lapentti,swap_Ilan_Ramon_0002_in_Nicolas_Lapentti_0002.jpg,Ilan_Ramon_0002.jpg,Nicolas_Lapentti_0002.jpg,0.777441,1,1
2475,Igor_Ivanov,Nicolas_Cage,swap_Igor_Ivanov_0018_in_Nicolas_Cage_0002.jpg,Igor_Ivanov_0018.jpg,Nicolas_Cage_0002.jpg,0.802240,1,1
2476,Clare_Short,Leszek_Miller,swap_Clare_Short_0003_in_Leszek_Miller_0003.jpg,Clare_Short_0003.jpg,Leszek_Miller_0003.jpg,0.735160,1,1
2477,Jean-David_Levitte,Hashim_Thaci,swap_Jean-David_Levitte_0006_in_Hashim_Thaci_0001.jpg,Jean-David_Levitte_0006.jpg,Hashim_Thaci_0001.jpg,0.727036,1,1
2478,Martin_Sheen,Noelle_Bush,swap_Martin_Sheen_0001_in_Noelle_Bush_0001.jpg,Martin_Sheen_0001.jpg,Noelle_Bush_0001.jpg,0.733146,1,1
2479,Frank_Cassell,Mark_Gottfried,swap_Frank_Cassell_0003_in_Mark_Gottfried_0001.jpg,Frank_Cassell_0003.jpg,Mark_Gottfried_0001.jpg,0.704218,1,1
2480,Kamal_Kharrazi,Jean-Marc_de_La_Sabliere,swap_Kamal_Kharrazi_0002_in_Jean-Marc_de_La_Sabliere_0001.jpg,Kamal_Kharrazi_0002.jpg,Jean-Marc_de_La_Sabliere_0001.jpg,0.037016,0,0
2481,Rachel_Griffiths,Eduardo_Duhalde,swap_Rachel_Griffiths_0001_in_Eduardo_Duhalde_0006.jpg,Rachel_Griffiths_0001.jpg,Eduardo_Duhalde_0006.jpg,0.726913,1,1
2482,Don_Nickles,Rita_Moreno,swap_Don_Nickles_0002_in_Rita_Moreno_0002.jpg,Don_Nickles_0002.jpg,Rita_Moreno_0002.jpg,0.001486,0,0
2483,Pascal_Lamy,Roy_Jones_Jr,swap_Pascal_Lamy_0002_in_Roy_Jones_Jr_0002.jpg,Pascal_Lamy_0002.jpg,Roy_Jones_Jr_0002.jpg,0.796507,1,1
2484,Paul_Wolfowitz,Hichiro_Naemura,swap_Paul_Wolfowitz_0007_in_Hichiro_Naemura_0002.jpg,Paul_Wolfowitz_0007.jpg,Hichiro_Naemura_0002.jpg,0.758348,1,1
2485,Darrell_Issa,Calista_Flockhart,swap_Darrell_Issa_0002_in_Calista_Flockhart_0001.jpg,Darrell_Issa_0002.jpg,Calista_Flockhart_0001.jpg,0.759769,1,1
2486,Marcelo_Rios,Erik_Morales,swap_Marcelo_Rios_0001_in_Erik_Morales_0003.jpg,Marcelo_Rios_0001.jpg,Erik_Morales_0003.jpg,0.820596,1,1
2487,Ernie_Fletcher,Roy_Moore,swap_Ernie_Fletcher_0001_in_Roy_Moore_0004.jpg,Ernie_Fletcher_0001.jpg,Roy_Moore_0004.jpg,0.750568,1,1
2488,Peter_Greenaway,Elvis_Presley,swap_Peter_Greenaway_0001_in_Elvis_Presley_0002.jpg,Peter_Greenaway_0001.jpg,Elvis_Presley_0002.jpg,0.810273,1,1
2489,Steffi_Graf,Tom_Daschle,swap_Steffi_Graf_0003_in_Tom_Daschle_0024.jpg,Steffi_Graf_0003.jpg,Tom_Daschle_0024.jpg,0.766560,1,1
2490,John_Ashcroft,Eileen_Coparropa,swap_John_Ashcroft_0026_in_Eileen_Coparropa_0001.jpg,John_Ashcroft_0026.jpg,Eileen_Coparropa_0001.jpg,0.802584,1,1
2491,Adolfo_Aguilar_Zinser,Jiang_Zemin,swap_Adolfo_Aguilar_Zinser_0001_in_Jiang_Zemin_0003.jpg,Adolfo_Aguilar_Zinser_0001.jpg,Jiang_Zemin_0003.jpg,0.650660,1,1
2492,Jerry_Falwell,Allyson_Felix,swap_Jerry_Falwell_0001_in_Allyson_Felix_0002.jpg,Jerry_Falwell_0001.jpg,Allyson_Felix_0002.jpg,0.809946,1,1
2493,Harvey_Weinstein,Kimi_Raikkonen,swap_Harvey_Weinstein_0001_in_Kimi_Raikkonen_0003.jpg,Harvey_Weinstein_0001.jpg,Kimi_Raikkonen_0003.jpg,0.764092,1,1
2494,Nikki_Reed,Todd_Haynes,swap_Nikki_Reed_0002_in_Todd_Haynes_0001.jpg,Nikki_Reed_0002.jpg,Todd_Haynes_0001.jpg,0.090815,0,0
2495,Allison_Janney,Eddy_Merckx,swap_Allison_Janney_0001_in_Eddy_Merckx_0002.jpg,Allison_Janney_0001.jpg,Eddy_Merckx_0002.jpg,0.795261,1,1
2496,Dean_Barkley,Eric_Rosser,swap_Dean_Barkley_0003_in_Eric_Rosser_0001.jpg,Dean_Barkley_0003.jpg,Eric_Rosser_0001.jpg,0.800081,1,1
2497,Jay_Garner,Mike_Weir,swap_Jay_Garner_0002_in_Mike_Weir_0003.jpg,Jay_Garner_0002.jpg,Mike_Weir_0003.jpg,0.598270,1,0
2498,Drew_Barrymore,Alex_Barros,swap_Drew_Barrymore_0001_in_Alex_Barros_0002.jpg,Drew_Barrymore_0001.jpg,Alex_Barros_0002.jpg,0.747494,1,1
2499,Bruce_Springsteen,Alejandro_Toledo,swap_Bruce_Springsteen_0002_in_Alejandro_Toledo_0025.jpg,Bruce_Springsteen_0002.jpg,Alejandro_Toledo_0025.jpg,0.826081,1,1
2500,Richard_Butler,Vanessa_Redgrave,swap_Richard_Butler_0001_in_Vanessa_Redgrave_0003.jpg,Richard_Butler_0001.jpg,Vanessa_Redgrave_0003.jpg,0.789825,1,1
2501,Elizabeth_Smart,Hosni_Mubarak,swap_Elizabeth_Smart_0004_in_Hosni_Mubarak_0004.jpg,Elizabeth_Smart_0004.jpg,Hosni_Mubarak_0004.jpg,0.733641,1,1
2502,Job_Cohen,Xanana_Gusmao,swap_Job_Cohen_0002_in_Xanana_Gusmao_0002.jpg,Job_Cohen_0002.jpg,Xanana_Gusmao_0002.jpg,-0.027037,0,0
2503,Maureen_Fanning,Warren_Beatty,swap_Maureen_Fanning_0002_in_Warren_Beatty_0001.jpg,Maureen_Fanning_0002.jpg,Warren_Beatty_0001.jpg,0.718892,1,1
2504,Carson_Daly,Cindy_Margolis,swap_Carson_Daly_0001_in_Cindy_Margolis_0001.jpg,Carson_Daly_0001.jpg,Cindy_Margolis_0001.jpg,0.785393,1,1
2505,Donald_Rumsfeld,Mian_Khursheed_Mehmood_Kasuri,swap_Donald_Rumsfeld_0049_in_Mian_Khursheed_Mehmood_Kasuri_0003.jpg,Donald_Rumsfeld_0049.jpg,Mian_Khursheed_Mehmood_Kasuri_0003.jpg,0.734078,1,1
2506,Jack_Grubman,Parris_Glendening,swap_Jack_Grubman_0002_in_Parris_Glendening_0001.jpg,Jack_Grubman_0002.jpg,Parris_Glendening_0001.jpg,0.765338,1,1
2507,Anna_Nicole_Smith,Tim_Duncan,swap_Anna_Nicole_Smith_0001_in_Tim_Duncan_0003.jpg,Anna_Nicole_Smith_0001.jpg,Tim_Duncan_0003.jpg,0.740695,1,1
2508,Vicki_Zhao_Wei,Clay_Aiken,swap_Vicki_Zhao_Wei_0002_in_Clay_Aiken_0002.jpg,Vicki_Zhao_Wei_0002.jpg,Clay_Aiken_0002.jpg,0.756361,1,1
2509,Ari_Fleischer,Pierre_Boulanger,swap_Ari_Fleischer_0013_in_Pierre_Boulanger_0002.jpg,Ari_Fleischer_0013.jpg,Pierre_Boulanger_0002.jpg,0.753643,1,1
2510,Charles_Grassley,Mark_Heller,swap_Charles_Grassley_0002_in_Mark_Heller_0001.jpg,Charles_Grassley_0002.jpg,Mark_Heller_0001.jpg,0.749231,1,1
2511,Silvan_Shalom,Bill_Parcells,swap_Silvan_Shalom_0004_in_Bill_Parcells_0001.jpg,Silvan_Shalom_0004.jpg,Bill_Parcells_0001.jpg,-0.029586,0,0
2512,David_Coulthard,Mark_Hurlbert,swap_David_Coulthard_0002_in_Mark_Hurlbert_0005.jpg,David_Coulthard_0002.jpg,Mark_Hurlbert_0005.jpg,0.829249,1,1
2513,Joerg_Haider,Maria_Shriver,swap_Joerg_Haider_0002_in_Maria_Shriver_0003.jpg,Joerg_Haider_0002.jpg,Maria_Shriver_0003.jpg,0.706775,1,1
2514,Jake_Gyllenhaal,Scott_Wolf,swap_Jake_Gyllenhaal_0003_in_Scott_Wolf_0002.jpg,Jake_Gyllenhaal_0003.jpg,Scott_Wolf_0002.jpg,0.828918,1,1
2515,Sebastian_Saja,Marc_Grossman,swap_Sebastian_Saja_0002_in_Marc_Grossman_0003.jpg,Sebastian_Saja_0002.jpg,Marc_Grossman_0003.jpg,0.664087,1,1
2516,Nia_Vardalos,Jorge_Batlle,swap_Nia_Vardalos_0005_in_Jorge_Batlle_0003.jpg,Nia_Vardalos_0005.jpg,Jorge_Batlle_0003.jpg,0.720092,1,1
2517,Ana_Palacio,Elin_Nordegren,swap_Ana_Palacio_0004_in_Elin_Nordegren_0001.jpg,Ana_Palacio_0004.jpg,Elin_Nordegren_0001.jpg,0.710051,1,1
2518,Larry_Ellison,Frances_Fisher,swap_Larry_Ellison_0002_in_Frances_Fisher_0001.jpg,Larry_Ellison_0002.jpg,Frances_Fisher_0001.jpg,0.777807,1,1
2519,Howard_Schultz,Katherine_Harris,swap_Howard_Schultz_0002_in_Katherine_Harris_0002.jpg,Howard_Schultz_0002.jpg,Katherine_Harris_0002.jpg,0.780405,1,1
2520,Joerg_Haider,George_HW_Bush,swap_Joerg_Haider_0001_in_George_HW_Bush_0003.jpg,Joerg_Haider_0001.jpg,George_HW_Bush_0003.jpg,-0.017777,0,0
2521,Ted_Maher,Billy_Sollie,swap_Ted_Maher_0002_in_Billy_Sollie_0002.jpg,Ted_Maher_0002.jpg,Billy_Sollie_0002.jpg,0.734891,1,1
2522,Martina_Hingis,Jennifer_Aniston,swap_Martina_Hingis_0001_in_Jennifer_Aniston_0019.jpg,Martina_Hingis_0001.jpg,Jennifer_Aniston_0019.jpg,0.745368,1,1
2523,Andy_Hebb,Lenny_Wilkens,swap_Andy_Hebb_0002_in_Lenny_Wilkens_0002.jpg,Andy_Hebb_0002.jpg,Lenny_Wilkens_0002.jpg,0.758840,1,1
2524,Larry_Brown,Lesley_McCulloch,swap_Larry_Brown_0004_in_Lesley_McCulloch_0002.jpg,Larry_Brown_0004.jpg,Lesley_McCulloch_0002.jpg,0.701732,1,1
2525,Jimmy_Kimmel,William_Ford_Jr,swap_Jimmy_Kimmel_0002_in_William_Ford_Jr_0003.jpg,Jimmy_Kimmel_0002.jpg,William_Ford_Jr_0003.jpg,0.820478,1,1
2526,Gray_Davis,John_Mayer,swap_Gray_Davis_0001_in_John_Mayer_0001.jpg,Gray_Davis_0001.jpg,John_Mayer_0001.jpg,0.789840,1,1
2527,Kirk_Johnson,Flor_Montulo,swap_Kirk_Johnson_0002_in_Flor_Montulo_0001.jpg,Kirk_Johnson_0002.jpg,Flor_Montulo_0001.jpg,0.817038,1,1
2528,Jesse_Harris,Bill_Simon,swap_Jesse_Harris_0002_in_Bill_Simon_0014.jpg,Jesse_Harris_0002.jpg,Bill_Simon_0014.jpg,0.782989,1,1
2529,Marieta_Chrousala,Martha_Bowen,swap_Marieta_Chrousala_0003_in_Martha_Bowen_0001.jpg,Marieta_Chrousala_0003.jpg,Martha_Bowen_0001.jpg,0.795193,1,1
2530,Valerie_Harper,Gregory_Hines,swap_Valerie_Harper_0001_in_Gregory_Hines_0001.jpg,Valerie_Harper_0001.jpg,Gregory_Hines_0001.jpg,0.837783,1,1
2531,Carson_Daly,Benjamin_Netanyahu,swap_Carson_Daly_0002_in_Benjamin_Netanyahu_0001.jpg,Carson_Daly_0002.jpg,Benjamin_Netanyahu_0001.jpg,0.764802,1,1
2532,Michelle_Rodriguez,Edmund_Stoiber,swap_Michelle_Rodriguez_0002_in_Edmund_Stoiber_0004.jpg,Michelle_Rodriguez_0002.jpg,Edmund_Stoiber_0004.jpg,0.727946,1,1
2533,Robert_Ehrlich,James_Parker,swap_Robert_Ehrlich_0002_in_James_Parker_0002.jpg,Robert_Ehrlich_0002.jpg,James_Parker_0002.jpg,0.799895,1,1
2534,Susie_Castillo,Yuri_Fedotov,swap_Susie_Castillo_0002_in_Yuri_Fedotov_0001.jpg,Susie_Castillo_0002.jpg,Yuri_Fedotov_0001.jpg,0.797518,1,1
2535,Samira_Makhmalbaf,Patrick_McEnroe,swap_Samira_Makhmalbaf_0001_in_Patrick_McEnroe_0002.jpg,Samira_Makhmalbaf_0001.jpg,Patrick_McEnroe_0002.jpg,0.755617,1,1
2536,Adrien_Brody,Tom_Jones,swap_Adrien_Brody_0005_in_Tom_Jones_0002.jpg,Adrien_Brody_0005.jpg,Tom_Jones_0002.jpg,0.763599,1,1
2537,Jean_Charest,Tyron_Garner,swap_Jean_Charest_0013_in_Tyron_Garner_0002.jpg,Jean_Charest_0013.jpg,Tyron_Garner_0002.jpg,0.800515,1,1
2538,Nelson_Mandela,Thomas_Bjorn,swap_Nelson_Mandela_0001_in_Thomas_Bjorn_0002.jpg,Nelson_Mandela_0001.jpg,Thomas_Bjorn_0002.jpg,-0.010348,0,0
2539,Richard_Armitage,Martha_Beatriz_Roque,swap_Richard_Armitage_0003_in_Martha_Beatriz_Roque_0002.jpg,Richard_Armitage_0003.jpg,Martha_Beatriz_Roque_0002.jpg,0.725057,1,1
2540,Faye_Dunaway,Fabrice_Santoro,swap_Faye_Dunaway_0003_in_Fabrice_Santoro_0003.jpg,Faye_Dunaway_0003.jpg,Fabrice_Santoro_0003.jpg,0.653192,1,1
2541,Elizabeth_Shue,Lindsey_Graham,swap_Elizabeth_Shue_0001_in_Lindsey_Graham_0002.jpg,Elizabeth_Shue_0001.jpg,Lindsey_Graham_0002.jpg,0.749143,1,1
2542,Sharon_Stone,Yossi_Beilin,swap_Sharon_Stone_0004_in_Yossi_Beilin_0002.jpg,Sharon_Stone_0004.jpg,Yossi_Beilin_0002.jpg,0.715517,1,1
2543,Vin_Diesel,Blythe_Hartley,swap_Vin_Diesel_0002_in_Blythe_Hartley_0001.jpg,Vin_Diesel_0002.jpg,Blythe_Hartley_0001.jpg,0.765016,1,1
2544,Keith_Bogans,Tom_Jones,swap_Keith_Bogans_0003_in_Tom_Jones_0002.jpg,Keith_Bogans_0003.jpg,Tom_Jones_0002.jpg,0.719445,1,1
2545,Elizabeth_Shue,Kim_Jong-Il,swap_Elizabeth_Shue_0002_in_Kim_Jong-Il_0001.jpg,Elizabeth_Shue_0002.jpg,Kim_Jong-Il_0001.jpg,0.044189,0,0
2546,John_Abizaid,Christine_Ebersole,swap_John_Abizaid_0003_in_Christine_Ebersole_0002.jpg,John_Abizaid_0003.jpg,Christine_Ebersole_0002.jpg,0.752652,1,1
2547,Steve_Lavin,Ahmed_Chalabi,swap_Steve_Lavin_0004_in_Ahmed_Chalabi_0003.jpg,Steve_Lavin_0004.jpg,Ahmed_Chalabi_0003.jpg,0.758813,1,1
2548,Jay_Garner,Evander_Holyfield,swap_Jay_Garner_0004_in_Evander_Holyfield_0002.jpg,Jay_Garner_0004.jpg,Evander_Holyfield_0002.jpg,0.785740,1,1
2549,Roger_Federer,Terrell_Suggs,swap_Roger_Federer_0007_in_Terrell_Suggs_0002.jpg,Roger_Federer_0007.jpg,Terrell_Suggs_0002.jpg,0.746414,1,1
2550,James_Ivory,Nora_Bendijo,swap_James_Ivory_0001_in_Nora_Bendijo_0001.jpg,James_Ivory_0001.jpg,Nora_Bendijo_0001.jpg,0.695015,1,1
2551,Christine_Ebersole,Coretta_Scott_King,swap_Christine_Ebersole_0002_in_Coretta_Scott_King_0003.jpg,Christine_Ebersole_0002.jpg,Coretta_Scott_King_0003.jpg,0.798487,1,1
2552,Pierre_Boulanger,Warren_Beatty,swap_Pierre_Boulanger_0002_in_Warren_Beatty_0002.jpg,Pierre_Boulanger_0002.jpg,Warren_Beatty_0002.jpg,0.753780,1,1
2553,Edwin_Edwards,John_Swofford,swap_Edwin_Edwards_0001_in_John_Swofford_0003.jpg,Edwin_Edwards_0001.jpg,John_Swofford_0003.jpg,0.786540,1,1
2554,John_Reilly,Dominik_Garcia-Lorido,swap_John_Reilly_0002_in_Dominik_Garcia-Lorido_0001.jpg,John_Reilly_0002.jpg,Dominik_Garcia-Lorido_0001.jpg,0.776521,1,1
2555,James_Morris,Nadia_Petrova,swap_James_Morris_0002_in_Nadia_Petrova_0003.jpg,James_Morris_0002.jpg,Nadia_Petrova_0003.jpg,0.782618,1,1
2556,Boris_Becker,David_Spade,swap_Boris_Becker_0001_in_David_Spade_0001.jpg,Boris_Becker_0001.jpg,David_Spade_0001.jpg,0.725475,1,1
2557,Amanda_Beard,Romano_Prodi,swap_Amanda_Beard_0002_in_Romano_Prodi_0001.jpg,Amanda_Beard_0002.jpg,Romano_Prodi_0001.jpg,-0.049140,0,0
2558,Dino_de_Laurentis,Eddy_Merckx,swap_Dino_de_Laurentis_0001_in_Eddy_Merckx_0002.jpg,Dino_de_Laurentis_0001.jpg,Eddy_Merckx_0002.jpg,0.110936,0,0
2559,Hal_Gehman,Elena_Bovina,swap_Hal_Gehman_0002_in_Elena_Bovina_0002.jpg,Hal_Gehman_0002.jpg,Elena_Bovina_0002.jpg,0.746345,1,1
2560,Richard_Shelby,Mathias_Reichhold,swap_Richard_Shelby_0001_in_Mathias_Reichhold_0002.jpg,Richard_Shelby_0001.jpg,Mathias_Reichhold_0002.jpg,0.827920,1,1
2561,Arnoldo_Aleman,Jo_Dee_Messina,swap_Arnoldo_Aleman_0005_in_Jo_Dee_Messina_0001.jpg,Arnoldo_Aleman_0005.jpg,Jo_Dee_Messina_0001.jpg,0.599658,1,0
2562,David_Spade,James_Kelly,swap_David_Spade_0002_in_James_Kelly_0007.jpg,David_Spade_0002.jpg,James_Kelly_0007.jpg,0.689986,1,1
2563,Cyndi_Thompson,Carlos_Menem,swap_Cyndi_Thompson_0001_in_Carlos_Menem_0018.jpg,Cyndi_Thompson_0001.jpg,Carlos_Menem_0018.jpg,0.725598,1,1
2564,Junichiro_Koizumi,Liza_Minnelli,swap_Junichiro_Koizumi_0048_in_Liza_Minnelli_0001.jpg,Junichiro_Koizumi_0048.jpg,Liza_Minnelli_0001.jpg,0.594056,1,0
2565,John_Snow,Eliane_Karp,swap_John_Snow_0005_in_Eliane_Karp_0002.jpg,John_Snow_0005.jpg,Eliane_Karp_0002.jpg,0.752516,1,1
2566,Ian_Thorpe,Kenneth_Bowersox,swap_Ian_Thorpe_0008_in_Kenneth_Bowersox_0001.jpg,Ian_Thorpe_0008.jpg,Kenneth_Bowersox_0001.jpg,0.777492,1,1
2567,Patrick_Leahy,Naoto_Kan,swap_Patrick_Leahy_0002_in_Naoto_Kan_0002.jpg,Patrick_Leahy_0002.jpg,Naoto_Kan_0002.jpg,0.702336,1,1
2568,Marina_Anissina,Sepp_Blatter,swap_Marina_Anissina_0002_in_Sepp_Blatter_0003.jpg,Marina_Anissina_0002.jpg,Sepp_Blatter_0003.jpg,0.742144,1,1
2569,Edward_James_Olmos,Adrian_McPherson,swap_Edward_James_Olmos_0001_in_Adrian_McPherson_0002.jpg,Edward_James_Olmos_0001.jpg,Adrian_McPherson_0002.jpg,0.839651,1,1
2570,Aung_San_Suu_Kyi,Jonathan_Mostow,swap_Aung_San_Suu_Kyi_0001_in_Jonathan_Mostow_0002.jpg,Aung_San_Suu_Kyi_0001.jpg,Jonathan_Mostow_0002.jpg,0.670220,1,1
2571,Nabil_Shaath,Magui_Serna,swap_Nabil_Shaath_0002_in_Magui_Serna_0002.jpg,Nabil_Shaath_0002.jpg,Magui_Serna_0002.jpg,0.733327,1,1
2572,Nastassia_Kinski,Andrew_Bunner,swap_Nastassia_Kinski_0001_in_Andrew_Bunner_0002.jpg,Nastassia_Kinski_0001.jpg,Andrew_Bunner_0002.jpg,0.749316,1,1
2573,Ray_Allen,Laura_Linney,swap_Ray_Allen_0002_in_Laura_Linney_0003.jpg,Ray_Allen_0002.jpg,Laura_Linney_0003.jpg,0.695958,1,1
2574,John_Swofford,Paul_Pierce,swap_John_Swofford_0001_in_Paul_Pierce_0002.jpg,John_Swofford_0001.jpg,Paul_Pierce_0002.jpg,0.704164,1,1
2575,Gary_Forsee,Dennis_Powell,swap_Gary_Forsee_0002_in_Dennis_Powell_0002.jpg,Gary_Forsee_0002.jpg,Dennis_Powell_0002.jpg,0.832967,1,1
2576,John_McEnroe,Richard_Sambrook,swap_John_McEnroe_0001_in_Richard_Sambrook_0001.jpg,John_McEnroe_0001.jpg,Richard_Sambrook_0001.jpg,0.103020,0,0
2577,John_Warner,Ruth_Harlow,swap_John_Warner_0001_in_Ruth_Harlow_0001.jpg,John_Warner_0001.jpg,Ruth_Harlow_0001.jpg,0.675687,1,1
2578,Daisy_Fuentes,Greg_Gilbert,swap_Daisy_Fuentes_0003_in_Greg_Gilbert_0001.jpg,Daisy_Fuentes_0003.jpg,Greg_Gilbert_0001.jpg,0.755704,1,1
2579,Ruth_Dreifuss,Shimon_Peres,swap_Ruth_Dreifuss_0001_in_Shimon_Peres_0008.jpg,Ruth_Dreifuss_0001.jpg,Shimon_Peres_0008.jpg,0.590095,1,0
2580,Juan_Manuel_Marquez,Tim_Conway,swap_Juan_Manuel_Marquez_0003_in_Tim_Conway_0001.jpg,Juan_Manuel_Marquez_0003.jpg,Tim_Conway_0001.jpg,0.760037,1,1
2581,Joan_Claybrook,Bijan_Namdar_Zangeneh,swap_Joan_Claybrook_0001_in_Bijan_Namdar_Zangeneh_0002.jpg,Joan_Claybrook_0001.jpg,Bijan_Namdar_Zangeneh_0002.jpg,0.672320,1,1
2582,Joseph_Ralston,Larry_Brown,swap_Joseph_Ralston_0001_in_Larry_Brown_0003.jpg,Joseph_Ralston_0001.jpg,Larry_Brown_0003.jpg,0.763040,1,1
2583,Elin_Nordegren,Mark_Dacey,swap_Elin_Nordegren_0001_in_Mark_Dacey_0002.jpg,Elin_Nordegren_0001.jpg,Mark_Dacey_0002.jpg,0.627893,1,1
2584,Ali_Naimi,Bernard_Lord,swap_Ali_Naimi_0008_in_Bernard_Lord_0002.jpg,Ali_Naimi_0008.jpg,Bernard_Lord_0002.jpg,0.683226,1,1
2585,Jean-Francois_Pontal,Susilo_Bambang_Yudhoyono,swap_Jean-Francois_Pontal_0002_in_Susilo_Bambang_Yudhoyono_0002.jpg,Jean-Francois_Pontal_0002.jpg,Susilo_Bambang_Yudhoyono_0002.jpg,0.767603,1,1
2586,Jolanta_Kwasniewski,Anders_Fogh_Rasmussen,swap_Jolanta_Kwasniewski_0001_in_Anders_Fogh_Rasmussen_0003.jpg,Jolanta_Kwasniewski_0001.jpg,Anders_Fogh_Rasmussen_0003.jpg,0.820151,1,1
2587,Carmen_Electra,Sarah_Michelle_Gellar,swap_Carmen_Electra_0002_in_Sarah_Michelle_Gellar_0002.jpg,Carmen_Electra_0002.jpg,Sarah_Michelle_Gellar_0002.jpg,0.755223,1,1
2588,Robbie_Fowler,Tamara_Brooks,swap_Robbie_Fowler_0002_in_Tamara_Brooks_0002.jpg,Robbie_Fowler_0002.jpg,Tamara_Brooks_0002.jpg,0.810220,1,1
2589,Lech_Walesa,Bashar_Assad,swap_Lech_Walesa_0001_in_Bashar_Assad_0002.jpg,Lech_Walesa_0001.jpg,Bashar_Assad_0002.jpg,0.773805,1,1
2590,Sean_Hayes,Kim_Dae-jung,swap_Sean_Hayes_0001_in_Kim_Dae-jung_0008.jpg,Sean_Hayes_0001.jpg,Kim_Dae-jung_0008.jpg,0.837829,1,1
2591,Guillermo_Coria,Daniel_Radcliffe,swap_Guillermo_Coria_0006_in_Daniel_Radcliffe_0001.jpg,Guillermo_Coria_0006.jpg,Daniel_Radcliffe_0001.jpg,0.744262,1,1
2592,Paul_Bremer,Britney_Spears,swap_Paul_Bremer_0006_in_Britney_Spears_0005.jpg,Paul_Bremer_0006.jpg,Britney_Spears_0005.jpg,0.718655,1,1
2593,Chan_Gailey,Michael_Capellas,swap_Chan_Gailey_0003_in_Michael_Capellas_0002.jpg,Chan_Gailey_0003.jpg,Michael_Capellas_0002.jpg,0.753018,1,1
2594,David_Heyman,Bill_Belichick,swap_David_Heyman_0001_in_Bill_Belichick_0002.jpg,David_Heyman_0001.jpg,Bill_Belichick_0002.jpg,0.783178,1,1
2595,Coretta_Scott_King,King_Abdullah_II,swap_Coretta_Scott_King_0002_in_King_Abdullah_II_0002.jpg,Coretta_Scott_King_0002.jpg,King_Abdullah_II_0002.jpg,0.737120,1,1
2596,Emmit_Smith,Sean_Patrick_OMalley,swap_Emmit_Smith_0001_in_Sean_Patrick_OMalley_0003.jpg,Emmit_Smith_0001.jpg,Sean_Patrick_OMalley_0003.jpg,0.725904,1,1
2597,Mian_Khursheed_Mehmood_Kasuri,Emmanuelle_Beart,swap_Mian_Khursheed_Mehmood_Kasuri_0004_in_Emmanuelle_Beart_0003.jpg,Mian_Khursheed_Mehmood_Kasuri_0004.jpg,Emmanuelle_Beart_0003.jpg,0.744431,1,1
2598,Anneli_Jaatteenmaki,Princess_Anne,swap_Anneli_Jaatteenmaki_0001_in_Princess_Anne_0002.jpg,Anneli_Jaatteenmaki_0001.jpg,Princess_Anne_0002.jpg,0.804933,1,1
2599,Ron_Howard,Hun_Sen,swap_Ron_Howard_0002_in_Hun_Sen_0001.jpg,Ron_Howard_0002.jpg,Hun_Sen_0001.jpg,0.738643,1,1
2600,Paradorn_Srichaphan,Abid_Hamid_Mahmud_Al-Tikriti,swap_Paradorn_Srichaphan_0001_in_Abid_Hamid_Mahmud_Al-Tikriti_0002.jpg,Paradorn_Srichaphan_0001.jpg,Abid_Hamid_Mahmud_Al-Tikriti_0002.jpg,0.740817,1,1
2601,Tom_Crean,Edward_James_Olmos,swap_Tom_Crean_0002_in_Edward_James_Olmos_0002.jpg,Tom_Crean_0002.jpg,Edward_James_Olmos_0002.jpg,0.789485,1,1
2602,Frank_Griswold,Edmund_Hillary,swap_Frank_Griswold_0001_in_Edmund_Hillary_0001.jpg,Frank_Griswold_0001.jpg,Edmund_Hillary_0001.jpg,0.728619,1,1
2603,Kalpana_Chawla,Alimzhan_Tokhtakhounov,swap_Kalpana_Chawla_0001_in_Alimzhan_Tokhtakhounov_0002.jpg,Kalpana_Chawla_0001.jpg,Alimzhan_Tokhtakhounov_0002.jpg,0.732056,1,1
2604,Donatella_Versace,Robert_Witt,swap_Donatella_Versace_0003_in_Robert_Witt_0001.jpg,Donatella_Versace_0003.jpg,Robert_Witt_0001.jpg,0.101157,0,0
2605,Erika_Harold,Brian_Cowen,swap_Erika_Harold_0002_in_Brian_Cowen_0001.jpg,Erika_Harold_0002.jpg,Brian_Cowen_0001.jpg,0.754496,1,1
2606,Angelo_Reyes,Julianna_Margulies,swap_Angelo_Reyes_0001_in_Julianna_Margulies_0002.jpg,Angelo_Reyes_0001.jpg,Julianna_Margulies_0002.jpg,0.025718,0,0
2607,James_Blake,Mohammad_Khatami,swap_James_Blake_0011_in_Mohammad_Khatami_0004.jpg,James_Blake_0011.jpg,Mohammad_Khatami_0004.jpg,0.789604,1,1
2608,Peter_Hillary,Elin_Nordegren,swap_Peter_Hillary_0002_in_Elin_Nordegren_0002.jpg,Peter_Hillary_0002.jpg,Elin_Nordegren_0002.jpg,0.806526,1,1
2609,Cathy_Freeman,Fidel_Castro,swap_Cathy_Freeman_0001_in_Fidel_Castro_0004.jpg,Cathy_Freeman_0001.jpg,Fidel_Castro_0004.jpg,0.812322,1,1
2610,Jeremy_Greenstock,James_Caan,swap_Jeremy_Greenstock_0006_in_James_Caan_0001.jpg,Jeremy_Greenstock_0006.jpg,James_Caan_0001.jpg,0.802246,1,1
2611,Jorge_Rodolfo_Canicoba_Corral,Richard_Armitage,swap_Jorge_Rodolfo_Canicoba_Corral_0002_in_Richard_Armitage_0001.jpg,Jorge_Rodolfo_Canicoba_Corral_0002.jpg,Richard_Armitage_0001.jpg,0.806582,1,1
2612,John_Spencer,Elton_John,swap_John_Spencer_0002_in_Elton_John_0002.jpg,John_Spencer_0002.jpg,Elton_John_0002.jpg,0.687832,1,1
2613,Barbra_Streisand,Richard_Myers,swap_Barbra_Streisand_0002_in_Richard_Myers_0012.jpg,Barbra_Streisand_0002.jpg,Richard_Myers_0012.jpg,0.764532,1,1
2614,Angelina_Jolie,Barry_Alvarez,swap_Angelina_Jolie_0007_in_Barry_Alvarez_0002.jpg,Angelina_Jolie_0007.jpg,Barry_Alvarez_0002.jpg,0.806503,1,1
2615,Hilmi_Ozkok,Tom_Crean,swap_Hilmi_Ozkok_0002_in_Tom_Crean_0001.jpg,Hilmi_Ozkok_0002.jpg,Tom_Crean_0001.jpg,0.764203,1,1
2616,Scott_Wolf,Michael_J_Sheehan,swap_Scott_Wolf_0001_in_Michael_J_Sheehan_0002.jpg,Scott_Wolf_0001.jpg,Michael_J_Sheehan_0002.jpg,0.796308,1,1
2617,Brad_Johnson,Pascal_Lamy,swap_Brad_Johnson_0003_in_Pascal_Lamy_0002.jpg,Brad_Johnson_0003.jpg,Pascal_Lamy_0002.jpg,0.763710,1,1
2618,Robert_Mugabe,Tom_Ridge,swap_Robert_Mugabe_0001_in_Tom_Ridge_0022.jpg,Robert_Mugabe_0001.jpg,Tom_Ridge_0022.jpg,0.721362,1,1
2619,Debra_Messing,Princess_Caroline,swap_Debra_Messing_0003_in_Princess_Caroline_0003.jpg,Debra_Messing_0003.jpg,Princess_Caroline_0003.jpg,0.829134,1,1
2620,Ricky_Ponting,Lucy_Liu,swap_Ricky_Ponting_0001_in_Lucy_Liu_0003.jpg,Ricky_Ponting_0001.jpg,Lucy_Liu_0003.jpg,0.747906,1,1
2621,Alberto_Ruiz_Gallardon,Paul_Coppin,swap_Alberto_Ruiz_Gallardon_0002_in_Paul_Coppin_0002.jpg,Alberto_Ruiz_Gallardon_0002.jpg,Paul_Coppin_0002.jpg,0.627721,1,1
2622,Mark_Warner,Rachel_Griffiths,swap_Mark_Warner_0001_in_Rachel_Griffiths_0003.jpg,Mark_Warner_0001.jpg,Rachel_Griffiths_0003.jpg,0.747955,1,1
2623,Norah_Jones,Sam_Mendes,swap_Norah_Jones_0001_in_Sam_Mendes_0001.jpg,Norah_Jones_0001.jpg,Sam_Mendes_0001.jpg,0.800571,1,1
2624,Aleksander_Kwasniewski,Paula_Radcliffe,swap_Aleksander_Kwasniewski_0001_in_Paula_Radcliffe_0003.jpg,Aleksander_Kwasniewski_0001.jpg,Paula_Radcliffe_0003.jpg,0.712697,1,1
2625,Francisco_Flores,Steve_Lavin,swap_Francisco_Flores_0004_in_Steve_Lavin_0002.jpg,Francisco_Flores_0004.jpg,Steve_Lavin_0002.jpg,0.794205,1,1
2626,Penelope_Cruz,Bill_Gates,swap_Penelope_Cruz_0001_in_Bill_Gates_0005.jpg,Penelope_Cruz_0001.jpg,Bill_Gates_0005.jpg,0.782712,1,1
2627,John_Abizaid,Maria_Shriver,swap_John_Abizaid_0005_in_Maria_Shriver_0004.jpg,John_Abizaid_0005.jpg,Maria_Shriver_0004.jpg,0.822957,1,1
2628,Conan_OBrien,John_Ashcroft,swap_Conan_OBrien_0002_in_John_Ashcroft_0042.jpg,Conan_OBrien_0002.jpg,John_Ashcroft_0042.jpg,0.777109,1,1
2629,Anders_Fogh_Rasmussen,Frank_Dunham_Jr,swap_Anders_Fogh_Rasmussen_0004_in_Frank_Dunham_Jr_0002.jpg,Anders_Fogh_Rasmussen_0004.jpg,Frank_Dunham_Jr_0002.jpg,0.674324,1,1
2630,Chris_Bell,Guillaume_Soro,swap_Chris_Bell_0002_in_Guillaume_Soro_0001.jpg,Chris_Bell_0002.jpg,Guillaume_Soro_0001.jpg,0.799121,1,1
2631,Mary-Kate_Olsen,Vin_Diesel,swap_Mary-Kate_Olsen_0002_in_Vin_Diesel_0002.jpg,Mary-Kate_Olsen_0002.jpg,Vin_Diesel_0002.jpg,0.796412,1,1
2632,Tassos_Papadopoulos,Alexander_Losyukov,swap_Tassos_Papadopoulos_0001_in_Alexander_Losyukov_0003.jpg,Tassos_Papadopoulos_0001.jpg,Alexander_Losyukov_0003.jpg,-0.082425,0,0
2633,Jean-Claude_Trichet,Fred_Eckhard,swap_Jean-Claude_Trichet_0001_in_Fred_Eckhard_0003.jpg,Jean-Claude_Trichet_0001.jpg,Fred_Eckhard_0003.jpg,0.793349,1,1
2634,Arianna_Huffington,Rick_Wagoner,swap_Arianna_Huffington_0002_in_Rick_Wagoner_0001.jpg,Arianna_Huffington_0002.jpg,Rick_Wagoner_0001.jpg,0.713814,1,1
2635,Paul_Byrd,John_Malkovich,swap_Paul_Byrd_0002_in_John_Malkovich_0001.jpg,Paul_Byrd_0002.jpg,John_Malkovich_0001.jpg,0.722838,1,1
2636,Kjell_Magne_Bondevik,Pierre_Boulanger,swap_Kjell_Magne_Bondevik_0001_in_Pierre_Boulanger_0001.jpg,Kjell_Magne_Bondevik_0001.jpg,Pierre_Boulanger_0001.jpg,0.815864,1,1
2637,Mahathir_Mohamad,Ben_Glisan,swap_Mahathir_Mohamad_0004_in_Ben_Glisan_0001.jpg,Mahathir_Mohamad_0004.jpg,Ben_Glisan_0001.jpg,0.776348,1,1
2638,Princess_Aiko,Christopher_Walken,swap_Princess_Aiko_0001_in_Christopher_Walken_0002.jpg,Princess_Aiko_0001.jpg,Christopher_Walken_0002.jpg,0.062713,0,0
2639,Bobby_Robson,David_Wolf,swap_Bobby_Robson_0001_in_David_Wolf_0001.jpg,Bobby_Robson_0001.jpg,David_Wolf_0001.jpg,0.734976,1,1
2640,Mark_Hamister,Bill_Clinton,swap_Mark_Hamister_0002_in_Bill_Clinton_0024.jpg,Mark_Hamister_0002.jpg,Bill_Clinton_0024.jpg,0.823548,1,1
2641,Leonid_Kuchma,Igor_Ivanov,swap_Leonid_Kuchma_0002_in_Igor_Ivanov_0007.jpg,Leonid_Kuchma_0002.jpg,Igor_Ivanov_0007.jpg,0.786108,1,1
2642,GL_Peiris,Kate_Hudson,swap_GL_Peiris_0002_in_Kate_Hudson_0004.jpg,GL_Peiris_0002.jpg,Kate_Hudson_0004.jpg,0.739548,1,1
2643,Hitomi_Soga,Hamid_Karzai,swap_Hitomi_Soga_0005_in_Hamid_Karzai_0015.jpg,Hitomi_Soga_0005.jpg,Hamid_Karzai_0015.jpg,0.662253,1,1
2644,Princess_Caroline,Eduardo_Duhalde,swap_Princess_Caroline_0003_in_Eduardo_Duhalde_0014.jpg,Princess_Caroline_0003.jpg,Eduardo_Duhalde_0014.jpg,0.738739,1,1
2645,Tung_Chee-hwa,Luciano_Pavarotti,swap_Tung_Chee-hwa_0002_in_Luciano_Pavarotti_0002.jpg,Tung_Chee-hwa_0002.jpg,Luciano_Pavarotti_0002.jpg,0.702545,1,1
2646,Jon_Voight,John_Brady,swap_Jon_Voight_0001_in_John_Brady_0002.jpg,Jon_Voight_0001.jpg,John_Brady_0002.jpg,0.771559,1,1
2647,Kirk_Ferentz,Karen_Mok,swap_Kirk_Ferentz_0002_in_Karen_Mok_0001.jpg,Kirk_Ferentz_0002.jpg,Karen_Mok_0001.jpg,0.818647,1,1
2648,Zinedine_Zidane,Vincent_Gallo,swap_Zinedine_Zidane_0004_in_Vincent_Gallo_0001.jpg,Zinedine_Zidane_0004.jpg,Vincent_Gallo_0001.jpg,0.754297,1,1
2649,Tim_Conway,John_Malkovich,swap_Tim_Conway_0002_in_John_Malkovich_0001.jpg,Tim_Conway_0002.jpg,John_Malkovich_0001.jpg,0.849737,1,1
2650,Thomas_OBrien,Hideki_Matsui,swap_Thomas_OBrien_0009_in_Hideki_Matsui_0001.jpg,Thomas_OBrien_0009.jpg,Hideki_Matsui_0001.jpg,0.732974,1,1
2651,Mike_Price,Sila_Calderon,swap_Mike_Price_0001_in_Sila_Calderon_0003.jpg,Mike_Price_0001.jpg,Sila_Calderon_0003.jpg,0.714530,1,1
2652,John_Jumper,Leland_Chapman,swap_John_Jumper_0002_in_Leland_Chapman_0002.jpg,John_Jumper_0002.jpg,Leland_Chapman_0002.jpg,0.762436,1,1
2653,Habib_Rizieq,John_Allen_Muhammad,swap_Habib_Rizieq_0005_in_John_Allen_Muhammad_0010.jpg,Habib_Rizieq_0005.jpg,John_Allen_Muhammad_0010.jpg,0.771004,1,1
2654,Lou_Piniella,Bernard_Landry,swap_Lou_Piniella_0002_in_Bernard_Landry_0002.jpg,Lou_Piniella_0002.jpg,Bernard_Landry_0002.jpg,-0.027511,0,0
2655,Sean_Penn,Leszek_Miller,swap_Sean_Penn_0001_in_Leszek_Miller_0001.jpg,Sean_Penn_0001.jpg,Leszek_Miller_0001.jpg,-0.011232,0,0
2656,Don_Siegelman,Abel_Pacheco,swap_Don_Siegelman_0001_in_Abel_Pacheco_0003.jpg,Don_Siegelman_0001.jpg,Abel_Pacheco_0003.jpg,0.569500,1,0
2657,Mahathir_Mohamad,Jose_Manuel_Durao_Barroso,swap_Mahathir_Mohamad_0007_in_Jose_Manuel_Durao_Barroso_0004.jpg,Mahathir_Mohamad_0007.jpg,Jose_Manuel_Durao_Barroso_0004.jpg,0.754354,1,1
2658,Stockard_Channing,Joe_Nichols,swap_Stockard_Channing_0002_in_Joe_Nichols_0004.jpg,Stockard_Channing_0002.jpg,Joe_Nichols_0004.jpg,0.778863,1,1
2659,Hugo_Chavez,Rachel_Hunter,swap_Hugo_Chavez_0010_in_Rachel_Hunter_0004.jpg,Hugo_Chavez_0010.jpg,Rachel_Hunter_0004.jpg,0.784923,1,1
2660,Andrei_Mikhnevich,Chan_Gailey,swap_Andrei_Mikhnevich_0002_in_Chan_Gailey_0003.jpg,Andrei_Mikhnevich_0002.jpg,Chan_Gailey_0003.jpg,0.792651,1,1
2661,Darrell_Issa,Dorthy_Moxley,swap_Darrell_Issa_0002_in_Dorthy_Moxley_0002.jpg,Darrell_Issa_0002.jpg,Dorthy_Moxley_0002.jpg,-0.018850,0,0
2662,Tom_Ridge,Ted_Maher,swap_Tom_Ridge_0023_in_Ted_Maher_0002.jpg,Tom_Ridge_0023.jpg,Ted_Maher_0002.jpg,0.776415,1,1
2663,Princess_Anne,Roman_Polanski,swap_Princess_Anne_0002_in_Roman_Polanski_0006.jpg,Princess_Anne_0002.jpg,Roman_Polanski_0006.jpg,0.771217,1,1
2664,Aron_Ralston,Ricardo_Lagos,swap_Aron_Ralston_0002_in_Ricardo_Lagos_0014.jpg,Aron_Ralston_0002.jpg,Ricardo_Lagos_0014.jpg,0.084430,0,0
2665,Stephen_Ambrose,Garry_Kasparov,swap_Stephen_Ambrose_0001_in_Garry_Kasparov_0002.jpg,Stephen_Ambrose_0001.jpg,Garry_Kasparov_0002.jpg,0.698441,1,1
2666,Amelie_Mauresmo,Yoko_Ono,swap_Amelie_Mauresmo_0012_in_Yoko_Ono_0006.jpg,Amelie_Mauresmo_0012.jpg,Yoko_Ono_0006.jpg,0.733910,1,1
2667,Samuel_Waksal,Robert_Horan,swap_Samuel_Waksal_0001_in_Robert_Horan_0001.jpg,Samuel_Waksal_0001.jpg,Robert_Horan_0001.jpg,0.792116,1,1
2668,Gerard_Depardieu,Patrick_Stewart,swap_Gerard_Depardieu_0002_in_Patrick_Stewart_0001.jpg,Gerard_Depardieu_0002.jpg,Patrick_Stewart_0001.jpg,0.761432,1,1
2669,George_Galloway,Garry_Trudeau,swap_George_Galloway_0002_in_Garry_Trudeau_0001.jpg,George_Galloway_0002.jpg,Garry_Trudeau_0001.jpg,0.746864,1,1
2670,Caroline_Kennedy,Tom_Reilly,swap_Caroline_Kennedy_0001_in_Tom_Reilly_0003.jpg,Caroline_Kennedy_0001.jpg,Tom_Reilly_0003.jpg,0.804047,1,1
2671,Scott_Rudin,John_McEnroe,swap_Scott_Rudin_0002_in_John_McEnroe_0001.jpg,Scott_Rudin_0002.jpg,John_McEnroe_0001.jpg,0.224974,0,0
2672,Martin_Verkerk,Dominique_de_Villepin,swap_Martin_Verkerk_0002_in_Dominique_de_Villepin_0003.jpg,Martin_Verkerk_0002.jpg,Dominique_de_Villepin_0003.jpg,0.789126,1,1
2673,Kathy_Winters,George_Brumley,swap_Kathy_Winters_0002_in_George_Brumley_0002.jpg,Kathy_Winters_0002.jpg,George_Brumley_0002.jpg,0.714324,1,1
2674,Noah_Wyle,Hugo_Chavez,swap_Noah_Wyle_0003_in_Hugo_Chavez_0053.jpg,Noah_Wyle_0003.jpg,Hugo_Chavez_0053.jpg,0.807803,1,1
2675,Terrell_Suggs,Silvia_Farina_Elia,swap_Terrell_Suggs_0001_in_Silvia_Farina_Elia_0001.jpg,Terrell_Suggs_0001.jpg,Silvia_Farina_Elia_0001.jpg,0.754839,1,1
2676,Princess_Elisabeth,Nancy_Reagan,swap_Princess_Elisabeth_0002_in_Nancy_Reagan_0001.jpg,Princess_Elisabeth_0002.jpg,Nancy_Reagan_0001.jpg,0.774101,1,1
2677,Gloria_Trevi,Tamara_Brooks,swap_Gloria_Trevi_0002_in_Tamara_Brooks_0002.jpg,Gloria_Trevi_0002.jpg,Tamara_Brooks_0002.jpg,0.767344,1,1
2678,S_Jayakumar,Hugo_Chavez,swap_S_Jayakumar_0001_in_Hugo_Chavez_0022.jpg,S_Jayakumar_0001.jpg,Hugo_Chavez_0022.jpg,0.735557,1,1
2679,Yuri_Malenchenko,Mahmoud_Abbas,swap_Yuri_Malenchenko_0001_in_Mahmoud_Abbas_0004.jpg,Yuri_Malenchenko_0001.jpg,Mahmoud_Abbas_0004.jpg,0.691505,1,1
2680,Ben_Glisan,Tommy_Thompson,swap_Ben_Glisan_0002_in_Tommy_Thompson_0009.jpg,Ben_Glisan_0002.jpg,Tommy_Thompson_0009.jpg,0.840247,1,1
2681,Julie_Gerberding,Richard_Branson,swap_Julie_Gerberding_0005_in_Richard_Branson_0002.jpg,Julie_Gerberding_0005.jpg,Richard_Branson_0002.jpg,0.776133,1,1
2682,David_Myers,Demi_Moore,swap_David_Myers_0002_in_Demi_Moore_0002.jpg,David_Myers_0002.jpg,Demi_Moore_0002.jpg,0.770108,1,1
2683,Salman_Rushdie,Chris_Byrd,swap_Salman_Rushdie_0001_in_Chris_Byrd_0002.jpg,Salman_Rushdie_0001.jpg,Chris_Byrd_0002.jpg,0.691767,1,1
2684,Dexter_Jackson,Marina_Anissina,swap_Dexter_Jackson_0001_in_Marina_Anissina_0002.jpg,Dexter_Jackson_0001.jpg,Marina_Anissina_0002.jpg,0.665489,1,1
2685,Muhammad_Ali,Yossi_Beilin,swap_Muhammad_Ali_0004_in_Yossi_Beilin_0001.jpg,Muhammad_Ali_0004.jpg,Yossi_Beilin_0001.jpg,0.809534,1,1
2686,Eduard_Shevardnadze,Art_Hoffmann,swap_Eduard_Shevardnadze_0002_in_Art_Hoffmann_0001.jpg,Eduard_Shevardnadze_0002.jpg,Art_Hoffmann_0001.jpg,0.026610,0,0
2687,George_Voinovich,Joseph_Deiss,swap_George_Voinovich_0002_in_Joseph_Deiss_0003.jpg,George_Voinovich_0002.jpg,Joseph_Deiss_0003.jpg,0.735270,1,1
2688,Peter_Harrison,Carlos_Bianchi,swap_Peter_Harrison_0001_in_Carlos_Bianchi_0001.jpg,Peter_Harrison_0001.jpg,Carlos_Bianchi_0001.jpg,0.671567,1,1
2689,Heath_Ledger,Blythe_Hartley,swap_Heath_Ledger_0004_in_Blythe_Hartley_0001.jpg,Heath_Ledger_0004.jpg,Blythe_Hartley_0001.jpg,0.711926,1,1
2690,Gregory_Hines,Aung_San_Suu_Kyi,swap_Gregory_Hines_0002_in_Aung_San_Suu_Kyi_0001.jpg,Gregory_Hines_0002.jpg,Aung_San_Suu_Kyi_0001.jpg,0.785534,1,1
2691,Nikki_Reed,Frances_Fisher,swap_Nikki_Reed_0002_in_Frances_Fisher_0002.jpg,Nikki_Reed_0002.jpg,Frances_Fisher_0002.jpg,0.784105,1,1
2692,Robert_Bonner,Tiger_Woods,swap_Robert_Bonner_0001_in_Tiger_Woods_0001.jpg,Robert_Bonner_0001.jpg,Tiger_Woods_0001.jpg,0.747373,1,1
2693,Ashanti,Gillian_Anderson,swap_Ashanti_0001_in_Gillian_Anderson_0001.jpg,Ashanti_0001.jpg,Gillian_Anderson_0001.jpg,0.794465,1,1
2694,Brian_Griese,Ellen_DeGeneres,swap_Brian_Griese_0001_in_Ellen_DeGeneres_0002.jpg,Brian_Griese_0001.jpg,Ellen_DeGeneres_0002.jpg,0.761846,1,1
2695,Patricia_Heaton,Marwan_Barghouthi,swap_Patricia_Heaton_0002_in_Marwan_Barghouthi_0002.jpg,Patricia_Heaton_0002.jpg,Marwan_Barghouthi_0002.jpg,0.778492,1,1
2696,Lindsay_Benko,Thomas_Birmingham,swap_Lindsay_Benko_0002_in_Thomas_Birmingham_0002.jpg,Lindsay_Benko_0002.jpg,Thomas_Birmingham_0002.jpg,0.660023,1,1
2697,Jason_Alexander,Joe_Calzaghe,swap_Jason_Alexander_0002_in_Joe_Calzaghe_0002.jpg,Jason_Alexander_0002.jpg,Joe_Calzaghe_0002.jpg,0.789516,1,1
2698,Zafarullah_Khan_Jamali,Frank_Solich,swap_Zafarullah_Khan_Jamali_0002_in_Frank_Solich_0004.jpg,Zafarullah_Khan_Jamali_0002.jpg,Frank_Solich_0004.jpg,0.792679,1,1
2699,John_Edwards,Paul_Martin,swap_John_Edwards_0001_in_Paul_Martin_0006.jpg,John_Edwards_0001.jpg,Paul_Martin_0006.jpg,0.793800,1,1
2700,James_Smith,William_Rehnquist,swap_James_Smith_0001_in_William_Rehnquist_0001.jpg,James_Smith_0001.jpg,William_Rehnquist_0001.jpg,0.797926,1,1
2701,Lauren_Hutton,Ruth_Harlow,swap_Lauren_Hutton_0002_in_Ruth_Harlow_0001.jpg,Lauren_Hutton_0002.jpg,Ruth_Harlow_0001.jpg,0.721740,1,1
2702,Ali_Abbas,Patrice_Chereau,swap_Ali_Abbas_0001_in_Patrice_Chereau_0002.jpg,Ali_Abbas_0001.jpg,Patrice_Chereau_0002.jpg,0.818739,1,1
2703,Saburo_Kawabuchi,Taufik_Hidayat,swap_Saburo_Kawabuchi_0001_in_Taufik_Hidayat_0002.jpg,Saburo_Kawabuchi_0001.jpg,Taufik_Hidayat_0002.jpg,0.753398,1,1
2704,Larry_Ellison,Pedro_Malan,swap_Larry_Ellison_0003_in_Pedro_Malan_0004.jpg,Larry_Ellison_0003.jpg,Pedro_Malan_0004.jpg,0.824360,1,1
2705,Martin_Brodeur,Jude_Law,swap_Martin_Brodeur_0001_in_Jude_Law_0001.jpg,Martin_Brodeur_0001.jpg,Jude_Law_0001.jpg,0.001643,0,0
2706,Pupi_Avati,Yevgeny_Kafelnikov,swap_Pupi_Avati_0003_in_Yevgeny_Kafelnikov_0001.jpg,Pupi_Avati_0003.jpg,Yevgeny_Kafelnikov_0001.jpg,0.729100,1,1
2707,Prince_Willem-Alexander,Jesse_James_Leija,swap_Prince_Willem-Alexander_0001_in_Jesse_James_Leija_0002.jpg,Prince_Willem-Alexander_0001.jpg,Jesse_James_Leija_0002.jpg,0.006378,0,0
2708,Robert_Mugabe,Kosuke_Kitajima,swap_Robert_Mugabe_0001_in_Kosuke_Kitajima_0002.jpg,Robert_Mugabe_0001.jpg,Kosuke_Kitajima_0002.jpg,0.099368,0,0
2709,Jong_Wook_Lee,Steve_Nash,swap_Jong_Wook_Lee_0001_in_Steve_Nash_0003.jpg,Jong_Wook_Lee_0001.jpg,Steve_Nash_0003.jpg,0.785909,1,1
2710,Keanu_Reeves,Lisa_Ling,swap_Keanu_Reeves_0011_in_Lisa_Ling_0001.jpg,Keanu_Reeves_0011.jpg,Lisa_Ling_0001.jpg,0.581070,1,0
2711,Stefano_Accorsi,John_Negroponte,swap_Stefano_Accorsi_0002_in_John_Negroponte_0020.jpg,Stefano_Accorsi_0002.jpg,John_Negroponte_0020.jpg,0.730222,1,1
2712,Doug_Duncan,Scott_Sullivan,swap_Doug_Duncan_0001_in_Scott_Sullivan_0001.jpg,Doug_Duncan_0001.jpg,Scott_Sullivan_0001.jpg,-0.066066,0,0
2713,Charles_Moose,Margaret_Thatcher,swap_Charles_Moose_0013_in_Margaret_Thatcher_0001.jpg,Charles_Moose_0013.jpg,Margaret_Thatcher_0001.jpg,0.685736,1,1
2714,Hilmi_Ozkok,Robert_Bullock,swap_Hilmi_Ozkok_0002_in_Robert_Bullock_0001.jpg,Hilmi_Ozkok_0002.jpg,Robert_Bullock_0001.jpg,0.698114,1,1
2715,Kurt_Busch,Carol_Moseley_Braun,swap_Kurt_Busch_0002_in_Carol_Moseley_Braun_0001.jpg,Kurt_Busch_0002.jpg,Carol_Moseley_Braun_0001.jpg,0.844874,1,1
2716,Fred_Thompson,Ellen_Engleman,swap_Fred_Thompson_0001_in_Ellen_Engleman_0001.jpg,Fred_Thompson_0001.jpg,Ellen_Engleman_0001.jpg,0.762313,1,1
2717,Camilla_Parker_Bowles,Kevin_Spacey,swap_Camilla_Parker_Bowles_0001_in_Kevin_Spacey_0002.jpg,Camilla_Parker_Bowles_0001.jpg,Kevin_Spacey_0002.jpg,0.767445,1,1
2718,James_Jones,John_McCallum,swap_James_Jones_0002_in_John_McCallum_0001.jpg,James_Jones_0002.jpg,John_McCallum_0001.jpg,0.784905,1,1
2719,Sergio_Vieira_De_Mello,George_Robertson,swap_Sergio_Vieira_De_Mello_0011_in_George_Robertson_0016.jpg,Sergio_Vieira_De_Mello_0011.jpg,George_Robertson_0016.jpg,0.731633,1,1
2720,Robbie_Williams,Cesar_Maia,swap_Robbie_Williams_0003_in_Cesar_Maia_0001.jpg,Robbie_Williams_0003.jpg,Cesar_Maia_0001.jpg,0.689846,1,1
2721,Michael_Capellas,Prince_Willem-Alexander,swap_Michael_Capellas_0002_in_Prince_Willem-Alexander_0001.jpg,Michael_Capellas_0002.jpg,Prince_Willem-Alexander_0001.jpg,0.769744,1,1
2722,Vladimir_Spidla,Roseanne_Barr,swap_Vladimir_Spidla_0002_in_Roseanne_Barr_0001.jpg,Vladimir_Spidla_0002.jpg,Roseanne_Barr_0001.jpg,0.666597,1,1
2723,Nastassia_Kinski,Tom_Coverdale,swap_Nastassia_Kinski_0001_in_Tom_Coverdale_0002.jpg,Nastassia_Kinski_0001.jpg,Tom_Coverdale_0002.jpg,0.686688,1,1
2724,John_Bolton,Sergei_Ivanov,swap_John_Bolton_0013_in_Sergei_Ivanov_0005.jpg,John_Bolton_0013.jpg,Sergei_Ivanov_0005.jpg,0.693372,1,1
2725,Kiki_Vandeweghe,Woody_Allen,swap_Kiki_Vandeweghe_0001_in_Woody_Allen_0002.jpg,Kiki_Vandeweghe_0001.jpg,Woody_Allen_0002.jpg,0.794966,1,1
2726,George_Tenet,Carol_Moseley_Braun,swap_George_Tenet_0002_in_Carol_Moseley_Braun_0001.jpg,George_Tenet_0002.jpg,Carol_Moseley_Braun_0001.jpg,0.799338,1,1
2727,Carlos_Moya,Bob_Graham,swap_Carlos_Moya_0011_in_Bob_Graham_0006.jpg,Carlos_Moya_0011.jpg,Bob_Graham_0006.jpg,0.727158,1,1
2728,Omar_Sharif,Dominik_Garcia-Lorido,swap_Omar_Sharif_0001_in_Dominik_Garcia-Lorido_0002.jpg,Omar_Sharif_0001.jpg,Dominik_Garcia-Lorido_0002.jpg,0.774562,1,1
2729,Charles_Mathews,Inocencio_Arias,swap_Charles_Mathews_0002_in_Inocencio_Arias_0001.jpg,Charles_Mathews_0002.jpg,Inocencio_Arias_0001.jpg,-0.017100,0,0
2730,Ibrahim_Jaafari,Ashton_Kutcher,swap_Ibrahim_Jaafari_0001_in_Ashton_Kutcher_0002.jpg,Ibrahim_Jaafari_0001.jpg,Ashton_Kutcher_0002.jpg,-0.012415,0,0
2731,Kate_Capshaw,Jackie_Chan,swap_Kate_Capshaw_0002_in_Jackie_Chan_0013.jpg,Kate_Capshaw_0002.jpg,Jackie_Chan_0013.jpg,0.677071,1,1
2732,Robert_Torricelli,Vladimiro_Montesinos,swap_Robert_Torricelli_0001_in_Vladimiro_Montesinos_0003.jpg,Robert_Torricelli_0001.jpg,Vladimiro_Montesinos_0003.jpg,-0.054202,0,0
2733,Rick_Santorum,Patrice_Chereau,swap_Rick_Santorum_0003_in_Patrice_Chereau_0001.jpg,Rick_Santorum_0003.jpg,Patrice_Chereau_0001.jpg,0.804010,1,1
2734,Candie_Kung,Johnny_Tapia,swap_Candie_Kung_0001_in_Johnny_Tapia_0003.jpg,Candie_Kung_0001.jpg,Johnny_Tapia_0003.jpg,0.669352,1,1
2735,Leander_Paes,Ismail_Merchant,swap_Leander_Paes_0001_in_Ismail_Merchant_0002.jpg,Leander_Paes_0001.jpg,Ismail_Merchant_0002.jpg,0.767877,1,1
2736,Eric_Rosser,Mariah_Carey,swap_Eric_Rosser_0002_in_Mariah_Carey_0002.jpg,Eric_Rosser_0002.jpg,Mariah_Carey_0002.jpg,0.619317,1,1
2737,Pat_Cox,Habib_Rizieq,swap_Pat_Cox_0001_in_Habib_Rizieq_0001.jpg,Pat_Cox_0001.jpg,Habib_Rizieq_0001.jpg,0.830054,1,1
2738,Paris_Hilton,Jacqueline_Obradors,swap_Paris_Hilton_0002_in_Jacqueline_Obradors_0001.jpg,Paris_Hilton_0002.jpg,Jacqueline_Obradors_0001.jpg,0.761151,1,1
2739,Greg_Gilbert,Sammy_Sosa,swap_Greg_Gilbert_0002_in_Sammy_Sosa_0001.jpg,Greg_Gilbert_0002.jpg,Sammy_Sosa_0001.jpg,0.795808,1,1
2740,Marc_Grossman,Hashim_Thaci,swap_Marc_Grossman_0004_in_Hashim_Thaci_0001.jpg,Marc_Grossman_0004.jpg,Hashim_Thaci_0001.jpg,0.786550,1,1
2741,Yann_Martel,Jan_Ullrich,swap_Yann_Martel_0001_in_Jan_Ullrich_0006.jpg,Yann_Martel_0001.jpg,Jan_Ullrich_0006.jpg,0.845725,1,1
2742,Elizabeth_Taylor,Stan_Heath,swap_Elizabeth_Taylor_0001_in_Stan_Heath_0001.jpg,Elizabeth_Taylor_0001.jpg,Stan_Heath_0001.jpg,0.736715,1,1
2743,Tony_Curtis,Dennis_Kucinich,swap_Tony_Curtis_0002_in_Dennis_Kucinich_0006.jpg,Tony_Curtis_0002.jpg,Dennis_Kucinich_0006.jpg,0.786176,1,1
2744,John_Timoney,Herta_Daeubler-Gmelin,swap_John_Timoney_0001_in_Herta_Daeubler-Gmelin_0001.jpg,John_Timoney_0001.jpg,Herta_Daeubler-Gmelin_0001.jpg,0.786752,1,1
2745,Miguel_Estrada,John_Travolta,swap_Miguel_Estrada_0002_in_John_Travolta_0004.jpg,Miguel_Estrada_0002.jpg,John_Travolta_0004.jpg,0.831856,1,1
2746,Robert_Mugabe,Lindsay_Benko,swap_Robert_Mugabe_0002_in_Lindsay_Benko_0002.jpg,Robert_Mugabe_0002.jpg,Lindsay_Benko_0002.jpg,0.757210,1,1
2747,John_Swofford,Bernard_Landry,swap_John_Swofford_0003_in_Bernard_Landry_0003.jpg,John_Swofford_0003.jpg,Bernard_Landry_0003.jpg,0.779373,1,1
2748,Gwendal_Peizerat,Russell_Coutts,swap_Gwendal_Peizerat_0001_in_Russell_Coutts_0002.jpg,Gwendal_Peizerat_0001.jpg,Russell_Coutts_0002.jpg,0.694626,1,1
2749,Brian_Heidik,Chen_Shui-bian,swap_Brian_Heidik_0002_in_Chen_Shui-bian_0005.jpg,Brian_Heidik_0002.jpg,Chen_Shui-bian_0005.jpg,0.793352,1,1
2750,William_Hochul,Arianna_Huffington,swap_William_Hochul_0002_in_Arianna_Huffington_0004.jpg,William_Hochul_0002.jpg,Arianna_Huffington_0004.jpg,0.725659,1,1
2751,Richard_Branson,Daryl_Hannah,swap_Richard_Branson_0001_in_Daryl_Hannah_0002.jpg,Richard_Branson_0001.jpg,Daryl_Hannah_0002.jpg,0.665387,1,1
2752,Rupert_Murdoch,Ludivine_Sagnier,swap_Rupert_Murdoch_0002_in_Ludivine_Sagnier_0002.jpg,Rupert_Murdoch_0002.jpg,Ludivine_Sagnier_0002.jpg,0.663962,1,1
2753,Elizabeth_Shue,Eric_Hinske,swap_Elizabeth_Shue_0001_in_Eric_Hinske_0001.jpg,Elizabeth_Shue_0001.jpg,Eric_Hinske_0001.jpg,0.700836,1,1
2754,Jessica_Lynch,Shia_LaBeouf,swap_Jessica_Lynch_0001_in_Shia_LaBeouf_0001.jpg,Jessica_Lynch_0001.jpg,Shia_LaBeouf_0001.jpg,0.714369,1,1
2755,John_Blaney,Kathy_Winters,swap_John_Blaney_0001_in_Kathy_Winters_0001.jpg,John_Blaney_0001.jpg,Kathy_Winters_0001.jpg,0.727453,1,1
2756,Brendan_Hansen,Jennifer_Thompson,swap_Brendan_Hansen_0002_in_Jennifer_Thompson_0001.jpg,Brendan_Hansen_0002.jpg,Jennifer_Thompson_0001.jpg,0.727766,1,1
2757,Anwar_Ibrahim,Carolyn_Dawn_Johnson,swap_Anwar_Ibrahim_0002_in_Carolyn_Dawn_Johnson_0003.jpg,Anwar_Ibrahim_0002.jpg,Carolyn_Dawn_Johnson_0003.jpg,0.686803,1,1
2758,Kent_Rominger,Clay_Aiken,swap_Kent_Rominger_0002_in_Clay_Aiken_0002.jpg,Kent_Rominger_0002.jpg,Clay_Aiken_0002.jpg,0.762077,1,1
2759,Amelia_Vega,Carson_Palmer,swap_Amelia_Vega_0002_in_Carson_Palmer_0004.jpg,Amelia_Vega_0002.jpg,Carson_Palmer_0004.jpg,0.748151,1,1
2760,Mack_Brown,Hisao_Oguchi,swap_Mack_Brown_0001_in_Hisao_Oguchi_0002.jpg,Mack_Brown_0001.jpg,Hisao_Oguchi_0002.jpg,0.779086,1,1
2761,Tony_Blair,Roseanne_Barr,swap_Tony_Blair_0023_in_Roseanne_Barr_0002.jpg,Tony_Blair_0023.jpg,Roseanne_Barr_0002.jpg,0.778885,1,1
2762,Zhang_Ziyi,Reggie_Miller,swap_Zhang_Ziyi_0004_in_Reggie_Miller_0002.jpg,Zhang_Ziyi_0004.jpg,Reggie_Miller_0002.jpg,0.661742,1,1
2763,Prince_Harry,Ricardo_Sanchez,swap_Prince_Harry_0002_in_Ricardo_Sanchez_0003.jpg,Prince_Harry_0002.jpg,Ricardo_Sanchez_0003.jpg,0.725287,1,1
2764,Aitor_Gonzalez,Catherine_Deneuve,swap_Aitor_Gonzalez_0001_in_Catherine_Deneuve_0001.jpg,Aitor_Gonzalez_0001.jpg,Catherine_Deneuve_0001.jpg,0.759540,1,1
2765,Celine_Dion,Madeleine_Albright,swap_Celine_Dion_0004_in_Madeleine_Albright_0001.jpg,Celine_Dion_0004.jpg,Madeleine_Albright_0001.jpg,0.833769,1,1
2766,Noelle_Bush,Nancy_Sinatra,swap_Noelle_Bush_0004_in_Nancy_Sinatra_0002.jpg,Noelle_Bush_0004.jpg,Nancy_Sinatra_0002.jpg,0.755353,1,1
2767,Roy_Williams,Susie_Castillo,swap_Roy_Williams_0001_in_Susie_Castillo_0001.jpg,Roy_Williams_0001.jpg,Susie_Castillo_0001.jpg,0.764095,1,1
2768,John_McCormack,Luis_Gonzalez_Macchi,swap_John_McCormack_0002_in_Luis_Gonzalez_Macchi_0003.jpg,John_McCormack_0002.jpg,Luis_Gonzalez_Macchi_0003.jpg,0.684371,1,1
2769,Nancy_Demme,Chang_Dae-whan,swap_Nancy_Demme_0001_in_Chang_Dae-whan_0002.jpg,Nancy_Demme_0001.jpg,Chang_Dae-whan_0002.jpg,0.766658,1,1
2770,Augusto_Roa_Bastos,Sean_Hayes,swap_Augusto_Roa_Bastos_0001_in_Sean_Hayes_0002.jpg,Augusto_Roa_Bastos_0001.jpg,Sean_Hayes_0002.jpg,0.670070,1,1
2771,Yevgeny_Kafelnikov,Sadie_Frost,swap_Yevgeny_Kafelnikov_0001_in_Sadie_Frost_0002.jpg,Yevgeny_Kafelnikov_0001.jpg,Sadie_Frost_0002.jpg,0.708054,1,1
2772,Mikhail_Wehbe,Zhang_Wenkang,swap_Mikhail_Wehbe_0004_in_Zhang_Wenkang_0001.jpg,Mikhail_Wehbe_0004.jpg,Zhang_Wenkang_0001.jpg,0.746546,1,1
2773,Martina_Hingis,Nicolas_Lapentti,swap_Martina_Hingis_0003_in_Nicolas_Lapentti_0001.jpg,Martina_Hingis_0003.jpg,Nicolas_Lapentti_0001.jpg,0.767179,1,1
2774,Terry_Stotts,Terry_McAuliffe,swap_Terry_Stotts_0001_in_Terry_McAuliffe_0003.jpg,Terry_Stotts_0001.jpg,Terry_McAuliffe_0003.jpg,0.746943,1,1
2775,Carolyn_Dawn_Johnson,Derek_Lowe,swap_Carolyn_Dawn_Johnson_0003_in_Derek_Lowe_0001.jpg,Carolyn_Dawn_Johnson_0003.jpg,Derek_Lowe_0001.jpg,0.741150,1,1
2776,Adam_Sandler,Mikhail_Gorbachev,swap_Adam_Sandler_0004_in_Mikhail_Gorbachev_0002.jpg,Adam_Sandler_0004.jpg,Mikhail_Gorbachev_0002.jpg,0.793149,1,1
2777,Cesar_Gaviria,Andrew_Bunner,swap_Cesar_Gaviria_0003_in_Andrew_Bunner_0001.jpg,Cesar_Gaviria_0003.jpg,Andrew_Bunner_0001.jpg,0.827437,1,1
2778,Ricardo_Monasterio,Daniel_Radcliffe,swap_Ricardo_Monasterio_0001_in_Daniel_Radcliffe_0003.jpg,Ricardo_Monasterio_0001.jpg,Daniel_Radcliffe_0003.jpg,0.829152,1,1
2779,Terry_McAuliffe,Amer_al-Saadi,swap_Terry_McAuliffe_0001_in_Amer_al-Saadi_0001.jpg,Terry_McAuliffe_0001.jpg,Amer_al-Saadi_0001.jpg,0.656401,1,1
2780,Mark_Dacey,Hermann_Maier,swap_Mark_Dacey_0002_in_Hermann_Maier_0001.jpg,Mark_Dacey_0002.jpg,Hermann_Maier_0001.jpg,0.719141,1,1
2781,Karin_Stoiber,Richard_Myers,swap_Karin_Stoiber_0001_in_Richard_Myers_0008.jpg,Karin_Stoiber_0001.jpg,Richard_Myers_0008.jpg,0.772172,1,1
2782,Hilary_Duff,Anna_Nicole_Smith,swap_Hilary_Duff_0003_in_Anna_Nicole_Smith_0002.jpg,Hilary_Duff_0003.jpg,Anna_Nicole_Smith_0002.jpg,0.807926,1,1
2783,Richard_Sambrook,Michael_Caine,swap_Richard_Sambrook_0002_in_Michael_Caine_0002.jpg,Richard_Sambrook_0002.jpg,Michael_Caine_0002.jpg,0.825681,1,1
2784,Natalie_Coughlin,Maggie_Smith,swap_Natalie_Coughlin_0006_in_Maggie_Smith_0002.jpg,Natalie_Coughlin_0006.jpg,Maggie_Smith_0002.jpg,0.855189,1,1
2785,Mary_Tyler_Moore,Jennifer_Capriati,swap_Mary_Tyler_Moore_0001_in_Jennifer_Capriati_0007.jpg,Mary_Tyler_Moore_0001.jpg,Jennifer_Capriati_0007.jpg,0.679263,1,1
2786,Rick_Pitino,Zinedine_Zidane,swap_Rick_Pitino_0001_in_Zinedine_Zidane_0002.jpg,Rick_Pitino_0001.jpg,Zinedine_Zidane_0002.jpg,0.731607,1,1
2787,Anastasia_Myskina,Dominik_Garcia-Lorido,swap_Anastasia_Myskina_0001_in_Dominik_Garcia-Lorido_0002.jpg,Anastasia_Myskina_0001.jpg,Dominik_Garcia-Lorido_0002.jpg,0.738281,1,1
2788,Emma_Thompson,Chris_Bell,swap_Emma_Thompson_0003_in_Chris_Bell_0001.jpg,Emma_Thompson_0003.jpg,Chris_Bell_0001.jpg,0.726224,1,1
2789,Olivia_Newton-John,Jesse_Harris,swap_Olivia_Newton-John_0002_in_Jesse_Harris_0001.jpg,Olivia_Newton-John_0002.jpg,Jesse_Harris_0001.jpg,0.673643,1,1
2790,Simon_Cowell,Peter_Arnett,swap_Simon_Cowell_0002_in_Peter_Arnett_0001.jpg,Simon_Cowell_0002.jpg,Peter_Arnett_0001.jpg,0.776815,1,1
2791,Mike_Holmgren,George_Karl,swap_Mike_Holmgren_0002_in_George_Karl_0002.jpg,Mike_Holmgren_0002.jpg,George_Karl_0002.jpg,0.807128,1,1
2792,Reese_Witherspoon,Darren_Clarke,swap_Reese_Witherspoon_0004_in_Darren_Clarke_0002.jpg,Reese_Witherspoon_0004.jpg,Darren_Clarke_0002.jpg,0.693580,1,1
2793,Billy_Crystal,George_Galloway,swap_Billy_Crystal_0006_in_George_Galloway_0004.jpg,Billy_Crystal_0006.jpg,George_Galloway_0004.jpg,0.805571,1,1
2794,Rubens_Barrichello,Chung_Mong-joon,swap_Rubens_Barrichello_0009_in_Chung_Mong-joon_0001.jpg,Rubens_Barrichello_0009.jpg,Chung_Mong-joon_0001.jpg,0.707616,1,1
2795,Ben_Howland,Pierre_Boulanger,swap_Ben_Howland_0003_in_Pierre_Boulanger_0001.jpg,Ben_Howland_0003.jpg,Pierre_Boulanger_0001.jpg,0.784830,1,1
2796,Sean_Patrick_OMalley,Joe_Lieberman,swap_Sean_Patrick_OMalley_0003_in_Joe_Lieberman_0011.jpg,Sean_Patrick_OMalley_0003.jpg,Joe_Lieberman_0011.jpg,0.706978,1,1
2797,Raymond_Odierno,Markus_Naslund,swap_Raymond_Odierno_0001_in_Markus_Naslund_0002.jpg,Raymond_Odierno_0001.jpg,Markus_Naslund_0002.jpg,0.796498,1,1
2798,Coretta_Scott_King,Ismail_Merchant,swap_Coretta_Scott_King_0002_in_Ismail_Merchant_0002.jpg,Coretta_Scott_King_0002.jpg,Ismail_Merchant_0002.jpg,0.776846,1,1
2799,Ali_Khamenei,Patrick_Leahy,swap_Ali_Khamenei_0001_in_Patrick_Leahy_0001.jpg,Ali_Khamenei_0001.jpg,Patrick_Leahy_0001.jpg,0.503909,1,0
2800,Gonzalo_Sanchez_de_Lozada,Chanda_Rubin,swap_Gonzalo_Sanchez_de_Lozada_0009_in_Chanda_Rubin_0001.jpg,Gonzalo_Sanchez_de_Lozada_0009.jpg,Chanda_Rubin_0001.jpg,0.752843,1,1
2801,Rod_Blagojevich,Mike_Babcock,swap_Rod_Blagojevich_0002_in_Mike_Babcock_0001.jpg,Rod_Blagojevich_0002.jpg,Mike_Babcock_0001.jpg,0.808627,1,1
2802,James_Parker,Rachel_Griffiths,swap_James_Parker_0001_in_Rachel_Griffiths_0002.jpg,James_Parker_0001.jpg,Rachel_Griffiths_0002.jpg,0.701200,1,1
2803,Jane_Fonda,Torri_Edwards,swap_Jane_Fonda_0002_in_Torri_Edwards_0001.jpg,Jane_Fonda_0002.jpg,Torri_Edwards_0001.jpg,0.703122,1,1
2804,Wang_Yi,Eve_Pelletier,swap_Wang_Yi_0002_in_Eve_Pelletier_0001.jpg,Wang_Yi_0002.jpg,Eve_Pelletier_0001.jpg,0.738075,1,1
2805,Brian_Mulroney,John_Bolton,swap_Brian_Mulroney_0001_in_John_Bolton_0013.jpg,Brian_Mulroney_0001.jpg,John_Bolton_0013.jpg,0.772298,1,1
2806,Cameron_Diaz,Tyron_Garner,swap_Cameron_Diaz_0001_in_Tyron_Garner_0001.jpg,Cameron_Diaz_0001.jpg,Tyron_Garner_0001.jpg,0.734655,1,1
2807,Matthew_Perry,Silvio_Berlusconi,swap_Matthew_Perry_0003_in_Silvio_Berlusconi_0032.jpg,Matthew_Perry_0003.jpg,Silvio_Berlusconi_0032.jpg,0.726581,1,1
2808,Branko_Crvenkovski,Meghann_Shaughnessy,swap_Branko_Crvenkovski_0002_in_Meghann_Shaughnessy_0002.jpg,Branko_Crvenkovski_0002.jpg,Meghann_Shaughnessy_0002.jpg,0.696066,1,1
2809,Mike_Miller,Gordon_Brown,swap_Mike_Miller_0001_in_Gordon_Brown_0001.jpg,Mike_Miller_0001.jpg,Gordon_Brown_0001.jpg,0.699037,1,1
2810,David_Myers,Jack_Grubman,swap_David_Myers_0002_in_Jack_Grubman_0001.jpg,David_Myers_0002.jpg,Jack_Grubman_0001.jpg,0.770782,1,1
2811,Jean-Sebastien_Giguere,William_Martin,swap_Jean-Sebastien_Giguere_0002_in_William_Martin_0002.jpg,Jean-Sebastien_Giguere_0002.jpg,William_Martin_0002.jpg,0.652078,1,1
2812,Oprah_Winfrey,Charles_Moose,swap_Oprah_Winfrey_0003_in_Charles_Moose_0001.jpg,Oprah_Winfrey_0003.jpg,Charles_Moose_0001.jpg,0.752891,1,1
2813,Rogerio_Romero,Martha_Burk,swap_Rogerio_Romero_0001_in_Martha_Burk_0002.jpg,Rogerio_Romero_0001.jpg,Martha_Burk_0002.jpg,0.719990,1,1
2814,Chung_Mong-hun,John_Edwards,swap_Chung_Mong-hun_0002_in_John_Edwards_0001.jpg,Chung_Mong-hun_0002.jpg,John_Edwards_0001.jpg,0.063511,0,0
2815,Sheryl_Crow,Queen_Latifah,swap_Sheryl_Crow_0006_in_Queen_Latifah_0002.jpg,Sheryl_Crow_0006.jpg,Queen_Latifah_0002.jpg,0.807351,1,1
2816,Robert_Mugabe,Paul_Coppin,swap_Robert_Mugabe_0002_in_Paul_Coppin_0002.jpg,Robert_Mugabe_0002.jpg,Paul_Coppin_0002.jpg,0.761193,1,1
2817,Diana_Munz,Kim_Jong-Il,swap_Diana_Munz_0002_in_Kim_Jong-Il_0004.jpg,Diana_Munz_0002.jpg,Kim_Jong-Il_0004.jpg,0.764208,1,1
2818,Marilyn_Monroe,Hannah_Stockbauer,swap_Marilyn_Monroe_0002_in_Hannah_Stockbauer_0002.jpg,Marilyn_Monroe_0002.jpg,Hannah_Stockbauer_0002.jpg,0.673463,1,1
2819,Mary-Kate_Olsen,Sergio_Garcia,swap_Mary-Kate_Olsen_0001_in_Sergio_Garcia_0002.jpg,Mary-Kate_Olsen_0001.jpg,Sergio_Garcia_0002.jpg,0.806531,1,1
2820,Princess_Caroline,Bob_Beauprez,swap_Princess_Caroline_0003_in_Bob_Beauprez_0002.jpg,Princess_Caroline_0003.jpg,Bob_Beauprez_0002.jpg,0.726775,1,1
2821,Tom_Reilly,Inam-ul-Haq,swap_Tom_Reilly_0001_in_Inam-ul-Haq_0001.jpg,Tom_Reilly_0001.jpg,Inam-ul-Haq_0001.jpg,0.600783,1,1
2822,Biljana_Plavsic,Slobodan_Milosevic,swap_Biljana_Plavsic_0001_in_Slobodan_Milosevic_0001.jpg,Biljana_Plavsic_0001.jpg,Slobodan_Milosevic_0001.jpg,0.691760,1,1
2823,David_Beckham,Nasser_al-Kidwa,swap_David_Beckham_0002_in_Nasser_al-Kidwa_0001.jpg,David_Beckham_0002.jpg,Nasser_al-Kidwa_0001.jpg,0.638705,1,1
2824,Sue_Wicks,Hamzah_Haz,swap_Sue_Wicks_0002_in_Hamzah_Haz_0001.jpg,Sue_Wicks_0002.jpg,Hamzah_Haz_0001.jpg,0.809393,1,1
2825,Kate_Hudson,Robert_Kocharian,swap_Kate_Hudson_0009_in_Robert_Kocharian_0002.jpg,Kate_Hudson_0009.jpg,Robert_Kocharian_0002.jpg,0.695448,1,1
2826,Lon_Kruger,Margaret_Thatcher,swap_Lon_Kruger_0001_in_Margaret_Thatcher_0002.jpg,Lon_Kruger_0001.jpg,Margaret_Thatcher_0002.jpg,0.774070,1,1
2827,Al_Pacino,Paula_Radcliffe,swap_Al_Pacino_0001_in_Paula_Radcliffe_0006.jpg,Al_Pacino_0001.jpg,Paula_Radcliffe_0006.jpg,0.694298,1,1
2828,Adolfo_Rodriguez_Saa,Sean_OKeefe,swap_Adolfo_Rodriguez_Saa_0002_in_Sean_OKeefe_0005.jpg,Adolfo_Rodriguez_Saa_0002.jpg,Sean_OKeefe_0005.jpg,0.673318,1,1
2829,Tang_Jiaxuan,Jean-Sebastien_Giguere,swap_Tang_Jiaxuan_0004_in_Jean-Sebastien_Giguere_0001.jpg,Tang_Jiaxuan_0004.jpg,Jean-Sebastien_Giguere_0001.jpg,0.779709,1,1
2830,Paul_Bremer,Laila_Ali,swap_Paul_Bremer_0006_in_Laila_Ali_0003.jpg,Paul_Bremer_0006.jpg,Laila_Ali_0003.jpg,0.662798,1,1
2831,Tim_Henman,Masum_Turker,swap_Tim_Henman_0008_in_Masum_Turker_0001.jpg,Tim_Henman_0008.jpg,Masum_Turker_0001.jpg,0.781274,1,1
2832,Beth_Jones,Jimmy_Carter,swap_Beth_Jones_0001_in_Jimmy_Carter_0009.jpg,Beth_Jones_0001.jpg,Jimmy_Carter_0009.jpg,0.649585,1,1
2833,Jennifer_Garner,Antonio_Palocci,swap_Jennifer_Garner_0007_in_Antonio_Palocci_0008.jpg,Jennifer_Garner_0007.jpg,Antonio_Palocci_0008.jpg,0.828529,1,1
2834,John_F_Kennedy_Jr,David_Myers,swap_John_F_Kennedy_Jr_0002_in_David_Myers_0001.jpg,John_F_Kennedy_Jr_0002.jpg,David_Myers_0001.jpg,0.794228,1,1
2835,Jason_Lezak,Robert_Stack,swap_Jason_Lezak_0001_in_Robert_Stack_0001.jpg,Jason_Lezak_0001.jpg,Robert_Stack_0001.jpg,0.771355,1,1
2836,Harry_Schmidt,Herta_Daeubler-Gmelin,swap_Harry_Schmidt_0004_in_Herta_Daeubler-Gmelin_0002.jpg,Harry_Schmidt_0004.jpg,Herta_Daeubler-Gmelin_0002.jpg,0.708328,1,1
2837,Gil_de_Ferran,Elvis_Presley,swap_Gil_de_Ferran_0001_in_Elvis_Presley_0002.jpg,Gil_de_Ferran_0001.jpg,Elvis_Presley_0002.jpg,0.764934,1,1
2838,Eric_Clapton,Hosni_Mubarak,swap_Eric_Clapton_0001_in_Hosni_Mubarak_0008.jpg,Eric_Clapton_0001.jpg,Hosni_Mubarak_0008.jpg,0.592609,1,0
2839,Pedro_Almodovar,Lynne_Cheney,swap_Pedro_Almodovar_0001_in_Lynne_Cheney_0002.jpg,Pedro_Almodovar_0001.jpg,Lynne_Cheney_0002.jpg,0.801023,1,1
2840,Adel_Al-Jubeir,Paul_William_Hurley,swap_Adel_Al-Jubeir_0002_in_Paul_William_Hurley_0002.jpg,Adel_Al-Jubeir_0002.jpg,Paul_William_Hurley_0002.jpg,0.788690,1,1
2841,Hermann_Maier,Jennifer_Keller,swap_Hermann_Maier_0001_in_Jennifer_Keller_0001.jpg,Hermann_Maier_0001.jpg,Jennifer_Keller_0001.jpg,0.741941,1,1
2842,Jeffrey_Immelt,Sharon_Stone,swap_Jeffrey_Immelt_0001_in_Sharon_Stone_0004.jpg,Jeffrey_Immelt_0001.jpg,Sharon_Stone_0004.jpg,0.804307,1,1
2843,Jennifer_Reilly,Ahmad_Masood,swap_Jennifer_Reilly_0001_in_Ahmad_Masood_0002.jpg,Jennifer_Reilly_0001.jpg,Ahmad_Masood_0002.jpg,0.794662,1,1
2844,Mahmoud_Abbas,Ed_Rosenthal,swap_Mahmoud_Abbas_0003_in_Ed_Rosenthal_0003.jpg,Mahmoud_Abbas_0003.jpg,Ed_Rosenthal_0003.jpg,0.758742,1,1
2845,Martha_Stewart,Coretta_Scott_King,swap_Martha_Stewart_0004_in_Coretta_Scott_King_0001.jpg,Martha_Stewart_0004.jpg,Coretta_Scott_King_0001.jpg,0.790849,1,1
2846,Lynn_Redgrave,Adolfo_Rodriguez_Saa,swap_Lynn_Redgrave_0001_in_Adolfo_Rodriguez_Saa_0002.jpg,Lynn_Redgrave_0001.jpg,Adolfo_Rodriguez_Saa_0002.jpg,0.787486,1,1
2847,Fabiola_Zuluaga,Li_Zhaoxing,swap_Fabiola_Zuluaga_0002_in_Li_Zhaoxing_0006.jpg,Fabiola_Zuluaga_0002.jpg,Li_Zhaoxing_0006.jpg,0.663525,1,1
2848,Herta_Daeubler-Gmelin,Jim_Furyk,swap_Herta_Daeubler-Gmelin_0002_in_Jim_Furyk_0002.jpg,Herta_Daeubler-Gmelin_0002.jpg,Jim_Furyk_0002.jpg,0.618668,1,1
2849,Michael_J_Sheehan,Yashwant_Sinha,swap_Michael_J_Sheehan_0002_in_Yashwant_Sinha_0001.jpg,Michael_J_Sheehan_0002.jpg,Yashwant_Sinha_0001.jpg,0.761718,1,1
2850,Kim_Jong-Il,Richard_Gere,swap_Kim_Jong-Il_0004_in_Richard_Gere_0003.jpg,Kim_Jong-Il_0004.jpg,Richard_Gere_0003.jpg,0.733292,1,1
2851,Christine_Todd_Whitman,Jennifer_Keller,swap_Christine_Todd_Whitman_0006_in_Jennifer_Keller_0004.jpg,Christine_Todd_Whitman_0006.jpg,Jennifer_Keller_0004.jpg,0.800296,1,1
2852,Adam_Scott,Jesse_Harris,swap_Adam_Scott_0001_in_Jesse_Harris_0001.jpg,Adam_Scott_0001.jpg,Jesse_Harris_0001.jpg,0.554622,1,0
2853,Don_Siegelman,Halle_Berry,swap_Don_Siegelman_0001_in_Halle_Berry_0005.jpg,Don_Siegelman_0001.jpg,Halle_Berry_0005.jpg,0.721316,1,1
2854,Johnny_Depp,Justine_Pasek,swap_Johnny_Depp_0002_in_Justine_Pasek_0001.jpg,Johnny_Depp_0002.jpg,Justine_Pasek_0001.jpg,0.755081,1,1
2855,Dan_Wheldon,Ricky_Ponting,swap_Dan_Wheldon_0001_in_Ricky_Ponting_0002.jpg,Dan_Wheldon_0001.jpg,Ricky_Ponting_0002.jpg,0.795281,1,1
2856,Ricky_Barnes,Gillian_Anderson,swap_Ricky_Barnes_0001_in_Gillian_Anderson_0002.jpg,Ricky_Barnes_0001.jpg,Gillian_Anderson_0002.jpg,0.747344,1,1
2857,Madeleine_Albright,Mike_Holmgren,swap_Madeleine_Albright_0002_in_Mike_Holmgren_0001.jpg,Madeleine_Albright_0002.jpg,Mike_Holmgren_0001.jpg,0.741679,1,1
2858,James_Franco,Taufik_Hidayat,swap_James_Franco_0002_in_Taufik_Hidayat_0003.jpg,James_Franco_0002.jpg,Taufik_Hidayat_0003.jpg,0.760152,1,1
2859,Shia_LaBeouf,Steven_Spielberg,swap_Shia_LaBeouf_0002_in_Steven_Spielberg_0002.jpg,Shia_LaBeouf_0002.jpg,Steven_Spielberg_0002.jpg,0.067821,0,0
2860,Carlos_Ghosn,Carla_Del_Ponte,swap_Carlos_Ghosn_0001_in_Carla_Del_Ponte_0002.jpg,Carlos_Ghosn_0001.jpg,Carla_Del_Ponte_0002.jpg,0.734698,1,1
2861,Cristina_Fernandez,Jean-Marc_de_La_Sabliere,swap_Cristina_Fernandez_0001_in_Jean-Marc_de_La_Sabliere_0001.jpg,Cristina_Fernandez_0001.jpg,Jean-Marc_de_La_Sabliere_0001.jpg,0.624669,1,1
2862,Antony_Leung,Robert_Redford,swap_Antony_Leung_0003_in_Robert_Redford_0007.jpg,Antony_Leung_0003.jpg,Robert_Redford_0007.jpg,0.543083,1,0
2863,Ozzy_Osbourne,Steve_Ballmer,swap_Ozzy_Osbourne_0001_in_Steve_Ballmer_0002.jpg,Ozzy_Osbourne_0001.jpg,Steve_Ballmer_0002.jpg,0.712724,1,1
2864,Lord_Hutton,Harry_Belafonte,swap_Lord_Hutton_0002_in_Harry_Belafonte_0002.jpg,Lord_Hutton_0002.jpg,Harry_Belafonte_0002.jpg,0.836600,1,1
2865,Bill_Sizemore,Tim_Allen,swap_Bill_Sizemore_0002_in_Tim_Allen_0002.jpg,Bill_Sizemore_0002.jpg,Tim_Allen_0002.jpg,0.784303,1,1
2866,Paulo_Cesar_Pinheiro,Condoleezza_Rice,swap_Paulo_Cesar_Pinheiro_0001_in_Condoleezza_Rice_0004.jpg,Paulo_Cesar_Pinheiro_0001.jpg,Condoleezza_Rice_0004.jpg,-0.113515,0,0
2867,Gustavo_Kuerten,Tom_Craddick,swap_Gustavo_Kuerten_0001_in_Tom_Craddick_0003.jpg,Gustavo_Kuerten_0001.jpg,Tom_Craddick_0003.jpg,0.689399,1,1
2868,Sadie_Frost,Garry_Trudeau,swap_Sadie_Frost_0003_in_Garry_Trudeau_0002.jpg,Sadie_Frost_0003.jpg,Garry_Trudeau_0002.jpg,0.720078,1,1
2869,Eddie_Sutton,Lindsay_Davenport,swap_Eddie_Sutton_0001_in_Lindsay_Davenport_0017.jpg,Eddie_Sutton_0001.jpg,Lindsay_Davenport_0017.jpg,0.843502,1,1
2870,Paul_McCartney,Desiree_Lemosi,swap_Paul_McCartney_0002_in_Desiree_Lemosi_0001.jpg,Paul_McCartney_0002.jpg,Desiree_Lemosi_0001.jpg,0.821777,1,1
2871,Felipe_Perez_Roque,Catherine_Zeta-Jones,swap_Felipe_Perez_Roque_0002_in_Catherine_Zeta-Jones_0007.jpg,Felipe_Perez_Roque_0002.jpg,Catherine_Zeta-Jones_0007.jpg,0.749992,1,1
2872,Andre_Agassi,Greg_Gilbert,swap_Andre_Agassi_0013_in_Greg_Gilbert_0001.jpg,Andre_Agassi_0013.jpg,Greg_Gilbert_0001.jpg,0.651900,1,1
2873,Kathryn_Bigelow,Alberto_Ruiz_Gallardon,swap_Kathryn_Bigelow_0001_in_Alberto_Ruiz_Gallardon_0001.jpg,Kathryn_Bigelow_0001.jpg,Alberto_Ruiz_Gallardon_0001.jpg,0.761237,1,1
2874,Antonio_Palocci,John_Howard,swap_Antonio_Palocci_0007_in_John_Howard_0017.jpg,Antonio_Palocci_0007.jpg,John_Howard_0017.jpg,0.750191,1,1
2875,Howard_Smith,Sachiko_Yamada,swap_Howard_Smith_0001_in_Sachiko_Yamada_0002.jpg,Howard_Smith_0001.jpg,Sachiko_Yamada_0002.jpg,0.735553,1,1
2876,Janica_Kostelic,Kathleen_Kennedy_Townsend,swap_Janica_Kostelic_0002_in_Kathleen_Kennedy_Townsend_0001.jpg,Janica_Kostelic_0002.jpg,Kathleen_Kennedy_Townsend_0001.jpg,0.759698,1,1
2877,Mark_Schweiker,Kathy_Winters,swap_Mark_Schweiker_0001_in_Kathy_Winters_0002.jpg,Mark_Schweiker_0001.jpg,Kathy_Winters_0002.jpg,0.786260,1,1
2878,Carlos_Manuel_Pruneda,Goh_Kun,swap_Carlos_Manuel_Pruneda_0002_in_Goh_Kun_0002.jpg,Carlos_Manuel_Pruneda_0002.jpg,Goh_Kun_0002.jpg,0.737161,1,1
2879,Jeffrey_Scott_Postell,Scott_Rudin,swap_Jeffrey_Scott_Postell_0002_in_Scott_Rudin_0001.jpg,Jeffrey_Scott_Postell_0002.jpg,Scott_Rudin_0001.jpg,0.722927,1,1
2880,Jacqueline_Obradors,Anneli_Jaatteenmaki,swap_Jacqueline_Obradors_0001_in_Anneli_Jaatteenmaki_0001.jpg,Jacqueline_Obradors_0001.jpg,Anneli_Jaatteenmaki_0001.jpg,0.778263,1,1
2881,Aaron_Sorkin,Antony_Leung,swap_Aaron_Sorkin_0002_in_Antony_Leung_0002.jpg,Aaron_Sorkin_0002.jpg,Antony_Leung_0002.jpg,0.746925,1,1
2882,Hamid_Karzai,Lily_Tomlin,swap_Hamid_Karzai_0009_in_Lily_Tomlin_0001.jpg,Hamid_Karzai_0009.jpg,Lily_Tomlin_0001.jpg,0.725422,1,1
2883,Kemal_Dervis,Dick_Cheney,swap_Kemal_Dervis_0002_in_Dick_Cheney_0008.jpg,Kemal_Dervis_0002.jpg,Dick_Cheney_0008.jpg,0.789083,1,1
2884,Jim_Carrey,Jane_Kaczmarek,swap_Jim_Carrey_0002_in_Jane_Kaczmarek_0001.jpg,Jim_Carrey_0002.jpg,Jane_Kaczmarek_0001.jpg,0.653416,1,1
2885,Brian_Griese,Rob_Marshall,swap_Brian_Griese_0001_in_Rob_Marshall_0006.jpg,Brian_Griese_0001.jpg,Rob_Marshall_0006.jpg,0.809346,1,1
2886,Mike_Montgomery,Tom_Jones,swap_Mike_Montgomery_0001_in_Tom_Jones_0002.jpg,Mike_Montgomery_0001.jpg,Tom_Jones_0002.jpg,0.824499,1,1
2887,Jesse_Ventura,Steven_Seagal,swap_Jesse_Ventura_0002_in_Steven_Seagal_0002.jpg,Jesse_Ventura_0002.jpg,Steven_Seagal_0002.jpg,0.786953,1,1
2888,Frank_Dunham_Jr,Reggie_Miller,swap_Frank_Dunham_Jr_0002_in_Reggie_Miller_0001.jpg,Frank_Dunham_Jr_0002.jpg,Reggie_Miller_0001.jpg,0.754237,1,1
2889,Nicolas_Escude,John_McCormack,swap_Nicolas_Escude_0001_in_John_McCormack_0001.jpg,Nicolas_Escude_0001.jpg,John_McCormack_0001.jpg,-0.004771,0,0
2890,Chen_Liang_Yu,Pierre_Boulanger,swap_Chen_Liang_Yu_0001_in_Pierre_Boulanger_0001.jpg,Chen_Liang_Yu_0001.jpg,Pierre_Boulanger_0001.jpg,0.722027,1,1
2891,Noelle_Bush,Richard_Branson,swap_Noelle_Bush_0002_in_Richard_Branson_0001.jpg,Noelle_Bush_0002.jpg,Richard_Branson_0001.jpg,0.054790,0,0
2892,Sam_Mendes,Kristin_Davis,swap_Sam_Mendes_0001_in_Kristin_Davis_0001.jpg,Sam_Mendes_0001.jpg,Kristin_Davis_0001.jpg,0.828284,1,1
2893,Michelle_Yeoh,Pedro_Solbes,swap_Michelle_Yeoh_0003_in_Pedro_Solbes_0003.jpg,Michelle_Yeoh_0003.jpg,Pedro_Solbes_0003.jpg,0.794585,1,1
2894,Sheryl_Crow,Lindsey_Graham,swap_Sheryl_Crow_0004_in_Lindsey_Graham_0001.jpg,Sheryl_Crow_0004.jpg,Lindsey_Graham_0001.jpg,0.799498,1,1
2895,Angelina_Jolie,Charles_Moose,swap_Angelina_Jolie_0007_in_Charles_Moose_0007.jpg,Angelina_Jolie_0007.jpg,Charles_Moose_0007.jpg,0.037111,0,0
2896,Mike_Krzyzewski,Scott_Rudin,swap_Mike_Krzyzewski_0003_in_Scott_Rudin_0002.jpg,Mike_Krzyzewski_0003.jpg,Scott_Rudin_0002.jpg,0.805535,1,1
2897,Jim_OBrien,Laila_Ali,swap_Jim_OBrien_0003_in_Laila_Ali_0003.jpg,Jim_OBrien_0003.jpg,Laila_Ali_0003.jpg,0.608101,1,1
2898,Carolyn_Dawn_Johnson,Kifah_Ajouri,swap_Carolyn_Dawn_Johnson_0001_in_Kifah_Ajouri_0002.jpg,Carolyn_Dawn_Johnson_0001.jpg,Kifah_Ajouri_0002.jpg,0.807372,1,1
2899,Justin_Guarini,Masum_Turker,swap_Justin_Guarini_0003_in_Masum_Turker_0001.jpg,Justin_Guarini_0003.jpg,Masum_Turker_0001.jpg,0.712435,1,1
2900,David_Caruso,Parris_Glendening,swap_David_Caruso_0002_in_Parris_Glendening_0001.jpg,David_Caruso_0002.jpg,Parris_Glendening_0001.jpg,0.817936,1,1
2901,Harry_Kalas,Anna_Kournikova,swap_Harry_Kalas_0001_in_Anna_Kournikova_0012.jpg,Harry_Kalas_0001.jpg,Anna_Kournikova_0012.jpg,0.783413,1,1
2902,Donald_Evans,Steve_Waugh,swap_Donald_Evans_0002_in_Steve_Waugh_0002.jpg,Donald_Evans_0002.jpg,Steve_Waugh_0002.jpg,-0.021501,0,0
2903,Rodrigo_Borja,Mian_Khursheed_Mehmood_Kasuri,swap_Rodrigo_Borja_0001_in_Mian_Khursheed_Mehmood_Kasuri_0002.jpg,Rodrigo_Borja_0001.jpg,Mian_Khursheed_Mehmood_Kasuri_0002.jpg,0.762322,1,1
2904,Kim_Dae-jung,Tassos_Papadopoulos,swap_Kim_Dae-jung_0007_in_Tassos_Papadopoulos_0003.jpg,Kim_Dae-jung_0007.jpg,Tassos_Papadopoulos_0003.jpg,0.776952,1,1
2905,Tracy_McGrady,John_Stockton,swap_Tracy_McGrady_0002_in_John_Stockton_0005.jpg,Tracy_McGrady_0002.jpg,John_Stockton_0005.jpg,0.630851,1,1
2906,Gordon_Campbell,Elijah_Wood,swap_Gordon_Campbell_0001_in_Elijah_Wood_0001.jpg,Gordon_Campbell_0001.jpg,Elijah_Wood_0001.jpg,0.781973,1,1
2907,Dan_Morales,Nancy_Pelosi,swap_Dan_Morales_0001_in_Nancy_Pelosi_0010.jpg,Dan_Morales_0001.jpg,Nancy_Pelosi_0010.jpg,0.821196,1,1
2908,Russell_Coutts,Ahmad_Masood,swap_Russell_Coutts_0002_in_Ahmad_Masood_0002.jpg,Russell_Coutts_0002.jpg,Ahmad_Masood_0002.jpg,0.756713,1,1
2909,Holly_Hunter,Erika_Harold,swap_Holly_Hunter_0003_in_Erika_Harold_0003.jpg,Holly_Hunter_0003.jpg,Erika_Harold_0003.jpg,0.113109,0,0
2910,Mike_Montgomery,Carson_Palmer,swap_Mike_Montgomery_0001_in_Carson_Palmer_0002.jpg,Mike_Montgomery_0001.jpg,Carson_Palmer_0002.jpg,0.808202,1,1
2911,Anna_Kournikova,Michael_Bloomberg,swap_Anna_Kournikova_0004_in_Michael_Bloomberg_0010.jpg,Anna_Kournikova_0004.jpg,Michael_Bloomberg_0010.jpg,0.725011,1,1
2912,Andrew_Bunner,Queen_Latifah,swap_Andrew_Bunner_0001_in_Queen_Latifah_0003.jpg,Andrew_Bunner_0001.jpg,Queen_Latifah_0003.jpg,0.014878,0,0
2913,Choi_Sung-hong,Gonzalo_Sanchez_de_Lozada,swap_Choi_Sung-hong_0001_in_Gonzalo_Sanchez_de_Lozada_0011.jpg,Choi_Sung-hong_0001.jpg,Gonzalo_Sanchez_de_Lozada_0011.jpg,0.685306,1,1
2914,Gary_Doer,Elizabeth_Smart,swap_Gary_Doer_0003_in_Elizabeth_Smart_0001.jpg,Gary_Doer_0003.jpg,Elizabeth_Smart_0001.jpg,0.090523,0,0
2915,Abdel_Nasser_Assidi,Rebekah_Chantay_Revels,swap_Abdel_Nasser_Assidi_0002_in_Rebekah_Chantay_Revels_0003.jpg,Abdel_Nasser_Assidi_0002.jpg,Rebekah_Chantay_Revels_0003.jpg,0.778478,1,1
2916,James_Cunningham,Billy_Crystal,swap_James_Cunningham_0003_in_Billy_Crystal_0005.jpg,James_Cunningham_0003.jpg,Billy_Crystal_0005.jpg,0.842591,1,1
2917,Gian_Marco,Sharon_Osbourne,swap_Gian_Marco_0001_in_Sharon_Osbourne_0002.jpg,Gian_Marco_0001.jpg,Sharon_Osbourne_0002.jpg,0.746306,1,1
2918,Paul_McNulty,Hee-Won_Han,swap_Paul_McNulty_0002_in_Hee-Won_Han_0001.jpg,Paul_McNulty_0002.jpg,Hee-Won_Han_0001.jpg,0.649112,1,1
2919,Petria_Thomas,Yuri_Malenchenko,swap_Petria_Thomas_0001_in_Yuri_Malenchenko_0002.jpg,Petria_Thomas_0001.jpg,Yuri_Malenchenko_0002.jpg,0.815268,1,1
2920,Erik_Morales,Sophia_Loren,swap_Erik_Morales_0002_in_Sophia_Loren_0002.jpg,Erik_Morales_0002.jpg,Sophia_Loren_0002.jpg,0.784050,1,1
2921,George_P_Bush,Alan_Mulally,swap_George_P_Bush_0001_in_Alan_Mulally_0002.jpg,George_P_Bush_0001.jpg,Alan_Mulally_0002.jpg,0.811813,1,1
2922,Richard_Armitage,George_Robertson,swap_Richard_Armitage_0009_in_George_Robertson_0007.jpg,Richard_Armitage_0009.jpg,George_Robertson_0007.jpg,0.755073,1,1
2923,Zafarullah_Khan_Jamali,Kjell_Magne_Bondevik,swap_Zafarullah_Khan_Jamali_0001_in_Kjell_Magne_Bondevik_0002.jpg,Zafarullah_Khan_Jamali_0001.jpg,Kjell_Magne_Bondevik_0002.jpg,0.679787,1,1
2924,Gloria_Trevi,Edward_Said,swap_Gloria_Trevi_0004_in_Edward_Said_0001.jpg,Gloria_Trevi_0004.jpg,Edward_Said_0001.jpg,0.814541,1,1
2925,Kurt_Busch,Fernando_Vargas,swap_Kurt_Busch_0002_in_Fernando_Vargas_0003.jpg,Kurt_Busch_0002.jpg,Fernando_Vargas_0003.jpg,0.752914,1,1
2926,Claudia_Schiffer,Lloyd_Ward,swap_Claudia_Schiffer_0001_in_Lloyd_Ward_0002.jpg,Claudia_Schiffer_0001.jpg,Lloyd_Ward_0002.jpg,0.690723,1,1
2927,Desiree_Lemosi,LeAnn_Rimes,swap_Desiree_Lemosi_0001_in_LeAnn_Rimes_0001.jpg,Desiree_Lemosi_0001.jpg,LeAnn_Rimes_0001.jpg,0.766538,1,1
2928,Dominique_de_Villepin,Nadia_Petrova,swap_Dominique_de_Villepin_0008_in_Nadia_Petrova_0002.jpg,Dominique_de_Villepin_0008.jpg,Nadia_Petrova_0002.jpg,0.687958,1,1
2929,Raymond_Odierno,Guy_Ritchie,swap_Raymond_Odierno_0001_in_Guy_Ritchie_0002.jpg,Raymond_Odierno_0001.jpg,Guy_Ritchie_0002.jpg,0.772616,1,1
2930,Darrell_Porter,Dennis_Erickson,swap_Darrell_Porter_0002_in_Dennis_Erickson_0001.jpg,Darrell_Porter_0002.jpg,Dennis_Erickson_0001.jpg,0.708315,1,1
2931,Ben_Curtis,Chung_Mong-joon,swap_Ben_Curtis_0001_in_Chung_Mong-joon_0002.jpg,Ben_Curtis_0001.jpg,Chung_Mong-joon_0002.jpg,0.104552,0,0
2932,Gabriel_Batistuta,Latrell_Sprewell,swap_Gabriel_Batistuta_0002_in_Latrell_Sprewell_0001.jpg,Gabriel_Batistuta_0002.jpg,Latrell_Sprewell_0001.jpg,0.799210,1,1
2933,Sheila_Fraser,Matthew_Perry,swap_Sheila_Fraser_0001_in_Matthew_Perry_0006.jpg,Sheila_Fraser_0001.jpg,Matthew_Perry_0006.jpg,0.769958,1,1
2934,Tariq_Aziz,Wolfgang_Schuessel,swap_Tariq_Aziz_0001_in_Wolfgang_Schuessel_0001.jpg,Tariq_Aziz_0001.jpg,Wolfgang_Schuessel_0001.jpg,-0.009802,0,0
2935,John_Brady,John_McCormack,swap_John_Brady_0001_in_John_McCormack_0001.jpg,John_Brady_0001.jpg,John_McCormack_0001.jpg,-0.011310,0,0
2936,Al_Gore,Tim_Floyd,swap_Al_Gore_0001_in_Tim_Floyd_0001.jpg,Al_Gore_0001.jpg,Tim_Floyd_0001.jpg,0.799108,1,1
2937,Gary_Carter,Tom_Jones,swap_Gary_Carter_0001_in_Tom_Jones_0002.jpg,Gary_Carter_0001.jpg,Tom_Jones_0002.jpg,0.760175,1,1
2938,Chung_Mong-hun,Phil_Gramm,swap_Chung_Mong-hun_0001_in_Phil_Gramm_0001.jpg,Chung_Mong-hun_0001.jpg,Phil_Gramm_0001.jpg,0.569607,1,0
2939,Vin_Diesel,Candice_Bergen,swap_Vin_Diesel_0002_in_Candice_Bergen_0003.jpg,Vin_Diesel_0002.jpg,Candice_Bergen_0003.jpg,0.756627,1,1
2940,Blythe_Danner,Edward_Kennedy,swap_Blythe_Danner_0001_in_Edward_Kennedy_0002.jpg,Blythe_Danner_0001.jpg,Edward_Kennedy_0002.jpg,0.775699,1,1
2941,Thomas_Rupprath,Mohammed_Al-Douri,swap_Thomas_Rupprath_0002_in_Mohammed_Al-Douri_0014.jpg,Thomas_Rupprath_0002.jpg,Mohammed_Al-Douri_0014.jpg,0.724199,1,1
2942,Darren_Clarke,Hugh_Grant,swap_Darren_Clarke_0002_in_Hugh_Grant_0008.jpg,Darren_Clarke_0002.jpg,Hugh_Grant_0008.jpg,0.158584,0,0
2943,Costas_Simitis,Freddy_Garcia,swap_Costas_Simitis_0001_in_Freddy_Garcia_0002.jpg,Costas_Simitis_0001.jpg,Freddy_Garcia_0002.jpg,0.031803,0,0
2944,Phil_Mickelson,Michel_Therrien,swap_Phil_Mickelson_0001_in_Michel_Therrien_0001.jpg,Phil_Mickelson_0001.jpg,Michel_Therrien_0001.jpg,0.735074,1,1
2945,Anibal_Ibarra,Bud_Selig,swap_Anibal_Ibarra_0003_in_Bud_Selig_0003.jpg,Anibal_Ibarra_0003.jpg,Bud_Selig_0003.jpg,0.738386,1,1
2946,Bud_Selig,Markus_Naslund,swap_Bud_Selig_0004_in_Markus_Naslund_0001.jpg,Bud_Selig_0004.jpg,Markus_Naslund_0001.jpg,0.791209,1,1
2947,Abdel_Nasser_Assidi,Eva_Dimas,swap_Abdel_Nasser_Assidi_0001_in_Eva_Dimas_0001.jpg,Abdel_Nasser_Assidi_0001.jpg,Eva_Dimas_0001.jpg,0.099751,0,0
2948,Kathy_Winters,John_Paul_II,swap_Kathy_Winters_0001_in_John_Paul_II_0006.jpg,Kathy_Winters_0001.jpg,John_Paul_II_0006.jpg,0.737837,1,1
2949,Richard_Crenna,Hannah_Stockbauer,swap_Richard_Crenna_0001_in_Hannah_Stockbauer_0002.jpg,Richard_Crenna_0001.jpg,Hannah_Stockbauer_0002.jpg,0.807733,1,1
2950,Rogerio_Romero,Sean_Penn,swap_Rogerio_Romero_0001_in_Sean_Penn_0002.jpg,Rogerio_Romero_0001.jpg,Sean_Penn_0002.jpg,0.775688,1,1
2951,David_Kelley,Carlos_Manuel_Pruneda,swap_David_Kelley_0001_in_Carlos_Manuel_Pruneda_0001.jpg,David_Kelley_0001.jpg,Carlos_Manuel_Pruneda_0001.jpg,0.772393,1,1
2952,Guy_Ritchie,Jeremy_Shockey,swap_Guy_Ritchie_0001_in_Jeremy_Shockey_0002.jpg,Guy_Ritchie_0001.jpg,Jeremy_Shockey_0002.jpg,0.789590,1,1
2953,Carson_Daly,Jesse_Ventura,swap_Carson_Daly_0001_in_Jesse_Ventura_0001.jpg,Carson_Daly_0001.jpg,Jesse_Ventura_0001.jpg,0.749658,1,1
2954,Patrick_Roy,Colin_Powell,swap_Patrick_Roy_0001_in_Colin_Powell_0110.jpg,Patrick_Roy_0001.jpg,Colin_Powell_0110.jpg,0.757910,1,1
2955,Melanie_Griffith,Jane_Pauley,swap_Melanie_Griffith_0003_in_Jane_Pauley_0001.jpg,Melanie_Griffith_0003.jpg,Jane_Pauley_0001.jpg,0.779874,1,1
2956,Robert_Torricelli,Katherine_Harris,swap_Robert_Torricelli_0001_in_Katherine_Harris_0003.jpg,Robert_Torricelli_0001.jpg,Katherine_Harris_0003.jpg,0.812931,1,1
2957,Peter_Hillary,Zhang_Wenkang,swap_Peter_Hillary_0002_in_Zhang_Wenkang_0002.jpg,Peter_Hillary_0002.jpg,Zhang_Wenkang_0002.jpg,0.843171,1,1
2958,Butch_Davis,Gordon_Brown,swap_Butch_Davis_0002_in_Gordon_Brown_0011.jpg,Butch_Davis_0002.jpg,Gordon_Brown_0011.jpg,0.840586,1,1
2959,Joan_Claybrook,Gilberto_Rodriguez_Orejuela,swap_Joan_Claybrook_0001_in_Gilberto_Rodriguez_Orejuela_0001.jpg,Joan_Claybrook_0001.jpg,Gilberto_Rodriguez_Orejuela_0001.jpg,0.739875,1,1
2960,Clay_Aiken,Tony_Stewart,swap_Clay_Aiken_0006_in_Tony_Stewart_0002.jpg,Clay_Aiken_0006.jpg,Tony_Stewart_0002.jpg,0.807703,1,1
2961,Jacqueline_Obradors,Claudia_Pechstein,swap_Jacqueline_Obradors_0002_in_Claudia_Pechstein_0004.jpg,Jacqueline_Obradors_0002.jpg,Claudia_Pechstein_0004.jpg,0.771059,1,1
2962,Sharon_Frey,Vladimiro_Montesinos,swap_Sharon_Frey_0002_in_Vladimiro_Montesinos_0001.jpg,Sharon_Frey_0002.jpg,Vladimiro_Montesinos_0001.jpg,0.781457,1,1
2963,Carlos_Ruiz,Natasha_McElhone,swap_Carlos_Ruiz_0002_in_Natasha_McElhone_0003.jpg,Carlos_Ruiz_0002.jpg,Natasha_McElhone_0003.jpg,0.762307,1,1
2964,Guillermo_Canas,Ciro_Gomes,swap_Guillermo_Canas_0001_in_Ciro_Gomes_0003.jpg,Guillermo_Canas_0001.jpg,Ciro_Gomes_0003.jpg,0.694551,1,1
2965,Charles_Moose,Dexter_Jackson,swap_Charles_Moose_0013_in_Dexter_Jackson_0002.jpg,Charles_Moose_0013.jpg,Dexter_Jackson_0002.jpg,0.815313,1,1
2966,Jennifer_Connelly,Jack_Straw,swap_Jennifer_Connelly_0004_in_Jack_Straw_0014.jpg,Jennifer_Connelly_0004.jpg,Jack_Straw_0014.jpg,0.708897,1,1
2967,Luciano_Pavarotti,Roy_Williams,swap_Luciano_Pavarotti_0002_in_Roy_Williams_0003.jpg,Luciano_Pavarotti_0002.jpg,Roy_Williams_0003.jpg,0.820173,1,1
2968,Christine_Baumgartner,Will_Smith,swap_Christine_Baumgartner_0002_in_Will_Smith_0002.jpg,Christine_Baumgartner_0002.jpg,Will_Smith_0002.jpg,0.691598,1,1
2969,Justin_Gatlin,Mike_Helton,swap_Justin_Gatlin_0002_in_Mike_Helton_0002.jpg,Justin_Gatlin_0002.jpg,Mike_Helton_0002.jpg,0.709133,1,1
2970,Mian_Khursheed_Mehmood_Kasuri,Michael_J_Sheehan,swap_Mian_Khursheed_Mehmood_Kasuri_0002_in_Michael_J_Sheehan_0002.jpg,Mian_Khursheed_Mehmood_Kasuri_0002.jpg,Michael_J_Sheehan_0002.jpg,0.772112,1,1
2971,Billy_Graham,Nestor_Kirchner,swap_Billy_Graham_0002_in_Nestor_Kirchner_0034.jpg,Billy_Graham_0002.jpg,Nestor_Kirchner_0034.jpg,-0.088000,0,0
2972,Natasha_McElhone,Tony_Parker,swap_Natasha_McElhone_0003_in_Tony_Parker_0001.jpg,Natasha_McElhone_0003.jpg,Tony_Parker_0001.jpg,0.801385,1,1
2973,Sally_Ride,Bob_Beauprez,swap_Sally_Ride_0001_in_Bob_Beauprez_0002.jpg,Sally_Ride_0001.jpg,Bob_Beauprez_0002.jpg,0.754040,1,1
2974,Abdullah_Gul,Edward_Norton,swap_Abdullah_Gul_0001_in_Edward_Norton_0002.jpg,Abdullah_Gul_0001.jpg,Edward_Norton_0002.jpg,0.750724,1,1
2975,Minnie_Driver,Lindsay_Davenport,swap_Minnie_Driver_0001_in_Lindsay_Davenport_0004.jpg,Minnie_Driver_0001.jpg,Lindsay_Davenport_0004.jpg,0.790885,1,1
2976,Arturo_Gatti,Jeffrey_Archer,swap_Arturo_Gatti_0002_in_Jeffrey_Archer_0001.jpg,Arturo_Gatti_0002.jpg,Jeffrey_Archer_0001.jpg,-0.029294,0,0
2977,Hee-Won_Han,Lea_Fastow,swap_Hee-Won_Han_0001_in_Lea_Fastow_0002.jpg,Hee-Won_Han_0001.jpg,Lea_Fastow_0002.jpg,0.615422,1,1
2978,Fred_Eckhard,Elizabeth_Taylor,swap_Fred_Eckhard_0001_in_Elizabeth_Taylor_0001.jpg,Fred_Eckhard_0001.jpg,Elizabeth_Taylor_0001.jpg,0.816721,1,1
2979,Svetlana_Koroleva,Christina_Aguilera,swap_Svetlana_Koroleva_0001_in_Christina_Aguilera_0002.jpg,Svetlana_Koroleva_0001.jpg,Christina_Aguilera_0002.jpg,0.806414,1,1
2980,John_Brady,Stanley_McChrystal,swap_John_Brady_0001_in_Stanley_McChrystal_0003.jpg,John_Brady_0001.jpg,Stanley_McChrystal_0003.jpg,0.790989,1,1
2981,Kate_Winslet,Joe_Gatti,swap_Kate_Winslet_0001_in_Joe_Gatti_0001.jpg,Kate_Winslet_0001.jpg,Joe_Gatti_0001.jpg,0.713340,1,1
2982,Rick_Pitino,Nicanor_Duarte_Frutos,swap_Rick_Pitino_0001_in_Nicanor_Duarte_Frutos_0008.jpg,Rick_Pitino_0001.jpg,Nicanor_Duarte_Frutos_0008.jpg,0.798975,1,1
2983,Osama_bin_Laden,Daisy_Fuentes,swap_Osama_bin_Laden_0001_in_Daisy_Fuentes_0002.jpg,Osama_bin_Laden_0001.jpg,Daisy_Fuentes_0002.jpg,0.701727,1,1
2984,Jim_Harrick,Christopher_Walken,swap_Jim_Harrick_0001_in_Christopher_Walken_0002.jpg,Jim_Harrick_0001.jpg,Christopher_Walken_0002.jpg,0.699734,1,1
2985,Biljana_Plavsic,Akhmed_Zakayev,swap_Biljana_Plavsic_0003_in_Akhmed_Zakayev_0002.jpg,Biljana_Plavsic_0003.jpg,Akhmed_Zakayev_0002.jpg,0.802116,1,1
2986,Colin_Farrell,Todd_Haynes,swap_Colin_Farrell_0003_in_Todd_Haynes_0004.jpg,Colin_Farrell_0003.jpg,Todd_Haynes_0004.jpg,-0.030322,0,0
2987,Sue_Wicks,Christine_Todd_Whitman,swap_Sue_Wicks_0002_in_Christine_Todd_Whitman_0004.jpg,Sue_Wicks_0002.jpg,Christine_Todd_Whitman_0004.jpg,0.738221,1,1
2988,Juan_Manuel_Marquez,Sharon_Stone,swap_Juan_Manuel_Marquez_0002_in_Sharon_Stone_0004.jpg,Juan_Manuel_Marquez_0002.jpg,Sharon_Stone_0004.jpg,0.751298,1,1
2989,Tung_Chee-hwa,Ranil_Wickremasinghe,swap_Tung_Chee-hwa_0001_in_Ranil_Wickremasinghe_0002.jpg,Tung_Chee-hwa_0001.jpg,Ranil_Wickremasinghe_0002.jpg,-0.031067,0,0
2990,Carlos_Mesa,Cristina_Saralegui,swap_Carlos_Mesa_0001_in_Cristina_Saralegui_0001.jpg,Carlos_Mesa_0001.jpg,Cristina_Saralegui_0001.jpg,-0.038573,0,0
2991,Patrick_McEnroe,Taufik_Hidayat,swap_Patrick_McEnroe_0001_in_Taufik_Hidayat_0003.jpg,Patrick_McEnroe_0001.jpg,Taufik_Hidayat_0003.jpg,0.747520,1,1
2992,Dan_Wheldon,Aicha_El_Ouafi,swap_Dan_Wheldon_0002_in_Aicha_El_Ouafi_0002.jpg,Dan_Wheldon_0002.jpg,Aicha_El_Ouafi_0002.jpg,0.831659,1,1
2993,Robert_Witt,Lars_Von_Trier,swap_Robert_Witt_0002_in_Lars_Von_Trier_0003.jpg,Robert_Witt_0002.jpg,Lars_Von_Trier_0003.jpg,0.808081,1,1
2994,Marieta_Chrousala,Howard_Schultz,swap_Marieta_Chrousala_0003_in_Howard_Schultz_0001.jpg,Marieta_Chrousala_0003.jpg,Howard_Schultz_0001.jpg,0.839496,1,1
2995,Kate_Capshaw,Cyndi_Thompson,swap_Kate_Capshaw_0002_in_Cyndi_Thompson_0001.jpg,Kate_Capshaw_0002.jpg,Cyndi_Thompson_0001.jpg,0.569835,1,0
2996,Mary_Landrieu,John_Brady,swap_Mary_Landrieu_0001_in_John_Brady_0001.jpg,Mary_Landrieu_0001.jpg,John_Brady_0001.jpg,0.730815,1,1
2997,Jorge_Arce,Pedro_Solbes,swap_Jorge_Arce_0001_in_Pedro_Solbes_0002.jpg,Jorge_Arce_0001.jpg,Pedro_Solbes_0002.jpg,0.707459,1,1
2998,John_Travolta,Diane_Green,swap_John_Travolta_0007_in_Diane_Green_0001.jpg,John_Travolta_0007.jpg,Diane_Green_0001.jpg,0.798065,1,1
2999,Zafarullah_Khan_Jamali,Roy_Jones_Jr,swap_Zafarullah_Khan_Jamali_0002_in_Roy_Jones_Jr_0002.jpg,Zafarullah_Khan_Jamali_0002.jpg,Roy_Jones_Jr_0002.jpg,0.747919,1,1
