pair_id,label,score
0,1,0.666417
1,1,0.829112
2,1,0.781022
3,1,0.745434
4,1,0.718543
5,1,0.649725
6,1,0.687674
7,1,0.518860
8,1,-0.031054
9,1,0.792144
10,1,0.699697
11,1,0.500687
12,1,0.797746
13,1,0.701380
14,1,0.673106
15,1,0.589621
16,1,0.866748
17,1,0.623106
18,1,0.694504
19,1,0.691817
20,1,0.522892
21,1,0.687433
22,1,0.669203
23,1,0.659822
24,1,0.588017
25,1,0.572474
26,1,0.617987
27,1,0.524088
28,1,0.607520
29,1,0.640248
30,1,0.539927
31,1,0.716689
32,1,0.529628
33,1,0.769551
34,1,0.665025
35,1,0.695030
36,1,0.539941
37,1,0.564194
38,1,0.699406
39,1,0.607274
40,1,0.589802
41,1,0.594795
42,1,0.791558
43,1,0.681123
44,1,0.512051
45,1,0.617080
46,1,0.527305
47,1,0.371341
48,1,0.720366
49,1,0.705065
50,1,0.411981
51,1,0.633301
52,1,0.626181
53,1,0.470113
54,1,0.677782
55,1,0.754453
56,1,0.683942
57,1,0.859206
58,1,0.559285
59,1,0.539501
60,1,0.825954
61,1,0.635456
62,1,0.666984
63,1,0.665069
64,1,0.721298
65,1,0.698100
66,1,0.602026
67,1,0.726704
68,1,0.631924
69,1,0.567455
70,1,0.537381
71,1,0.844712
72,1,0.546273
73,1,0.784774
74,1,0.628141
75,1,0.828072
76,1,0.696629
77,1,0.711255
78,1,0.575196
79,1,0.534871
80,1,0.701311
81,1,0.647026
82,1,0.822892
83,1,0.793498
84,1,0.739503
85,1,0.725031
86,1,0.630982
87,1,0.675529
88,1,0.629596
89,1,0.540893
90,1,0.675385
91,1,0.631801
92,1,0.550331
93,1,0.642631
94,1,0.616691
95,1,0.727321
96,1,0.718598
97,1,0.673337
98,1,0.064547
99,1,0.841113
100,1,0.647025
101,1,0.733939
102,1,0.761597
103,1,0.733419
104,1,0.652700
105,1,0.643086
106,1,0.619794
107,1,0.725339
108,1,0.685532
109,1,0.763375
110,1,0.615554
111,1,0.725256
112,1,0.142389
113,1,-0.091982
114,1,0.735670
115,1,0.535963
116,1,0.679156
117,1,0.613200
118,1,0.732409
119,1,0.670392
120,1,0.578533
121,1,0.620876
122,1,0.498824
123,1,0.570530
124,1,0.668674
125,1,0.660748
126,1,0.576524
127,1,0.103180
128,1,0.754510
129,1,0.740483
130,1,0.680808
131,1,0.524483
132,1,0.483820
133,1,0.780918
134,1,0.657316
135,1,0.666265
136,1,0.632924
137,1,0.700777
138,1,0.765173
139,1,0.730756
140,1,0.855720
141,1,0.658286
142,1,0.718681
143,1,0.734896
144,1,0.620846
145,1,0.563038
146,1,0.775535
147,1,0.506292
148,1,0.624464
149,1,0.700105
150,1,0.388659
151,1,0.567510
152,1,0.537142
153,1,0.758966
154,1,0.580131
155,1,0.749866
156,1,0.500913
157,1,0.718631
158,1,0.627736
159,1,0.734756
160,1,0.671775
161,1,0.871195
162,1,0.706614
163,1,0.645077
164,1,0.812257
165,1,0.860805
166,1,0.738191
167,1,0.682889
168,1,0.494231
169,1,0.565627
170,1,0.543102
171,1,0.469479
172,1,0.698016
173,1,0.656680
174,1,0.681186
175,1,0.732902
176,1,0.782954
177,1,0.611233
178,1,0.645600
179,1,0.546677
180,1,0.518365
181,1,0.384093
182,1,0.637714
183,1,0.699609
184,1,0.404597
185,1,0.154260
186,1,0.795927
187,1,0.530825
188,1,0.729391
189,1,0.488612
190,1,0.650729
191,1,0.644312
192,1,0.593816
193,1,0.107850
194,1,0.115285
195,1,0.644068
196,1,0.675509
197,1,0.812746
198,1,0.783715
199,1,0.702032
200,1,0.690805
201,1,0.171472
202,1,0.517271
203,1,0.540984
204,1,0.070925
205,1,0.639703
206,1,0.559771
207,1,0.465015
208,1,0.694776
209,1,0.479459
210,1,0.624161
211,1,0.757964
212,1,0.744702
213,1,0.582345
214,1,0.573520
215,1,0.723122
216,1,-0.124694
217,1,0.697449
218,1,0.697920
219,1,0.751736
220,1,0.729419
221,1,0.041149
222,1,0.016061
223,1,0.592320
224,1,0.567827
225,1,0.776519
226,1,0.685176
227,1,0.778502
228,1,0.752223
229,1,0.689844
230,1,0.614787
231,1,0.651320
232,1,0.783583
233,1,0.701951
234,1,-0.067345
235,1,0.759086
236,1,0.451776
237,1,0.131062
238,1,0.520662
239,1,0.660152
240,1,0.465331
241,1,0.729171
242,1,0.469877
243,1,0.601562
244,1,0.749427
245,1,0.050525
246,1,0.077421
247,1,0.800815
248,1,0.657989
249,1,0.696504
250,1,0.602185
251,1,0.569050
252,1,0.637246
253,1,0.576208
254,1,0.552301
255,1,0.625580
256,1,0.452907
257,1,0.644116
258,1,0.631468
259,1,0.640514
260,1,0.653792
261,1,-0.017235
262,1,0.542584
263,1,0.607856
264,1,0.613716
265,1,0.734411
266,1,0.744559
267,1,0.691496
268,1,0.082883
269,1,0.685082
270,1,0.632641
271,1,0.682762
272,1,0.660568
273,1,0.021289
274,1,0.697688
275,1,0.754426
276,1,0.524558
277,1,0.653414
278,1,0.664859
279,1,0.606527
280,1,0.695762
281,1,0.733140
282,1,0.768427
283,1,0.654756
284,1,0.660682
285,1,0.805497
286,1,0.778789
287,1,0.788637
288,1,0.671277
289,1,0.760938
290,1,0.606684
291,1,0.564078
292,1,0.752938
293,1,0.570817
294,1,0.909772
295,1,-0.045299
296,1,0.691298
297,1,0.399893
298,1,0.791160
299,1,0.772818
300,0,0.034770
301,0,-0.014804
302,0,-0.115356
303,0,-0.008531
304,0,0.051457
305,0,-0.073603
306,0,0.049091
307,0,-0.142247
308,0,-0.021908
309,0,0.100763
310,0,-0.081958
311,0,-0.035559
312,0,0.089825
313,0,-0.063963
314,0,-0.114289
315,0,0.029672
316,0,-0.106697
317,0,0.097184
318,0,0.019671
319,0,-0.097186
320,0,0.104657
321,0,0.006234
322,0,-0.002602
323,0,0.116203
324,0,-0.106079
325,0,-0.003987
326,0,0.036140
327,0,-0.037277
328,0,-0.022955
329,0,0.036869
330,0,-0.064120
331,0,-0.006221
332,0,-0.014734
333,0,-0.044416
334,0,-0.009168
335,0,0.005739
336,0,-0.069837
337,0,-0.040281
338,0,0.034714
339,0,0.041735
340,0,-0.096689
341,0,-0.006881
342,0,0.054048
343,0,-0.013134
344,0,0.060705
345,0,0.004953
346,0,0.011827
347,0,0.098157
348,0,-0.087505
349,0,-0.061079
350,0,0.039621
351,0,0.025503
352,0,0.057322
353,0,0.024075
354,0,0.011264
355,0,0.031097
356,0,-0.042833
357,0,0.025583
358,0,0.045983
359,0,-0.044979
360,0,-0.001388
361,0,0.096662
362,0,-0.115291
363,0,0.120999
364,0,0.175198
365,0,0.022031
366,0,0.025730
367,0,0.030742
368,0,-0.065078
369,0,0.048766
370,0,0.028667
371,0,-0.114472
372,0,-0.074047
373,0,-0.000725
374,0,-0.019922
375,0,0.070422
376,0,-0.069847
377,0,-0.040199
378,0,-0.096789
379,0,-0.047736
380,0,0.000471
381,0,0.061996
382,0,0.037032
383,0,0.078852
384,0,-0.149226
385,0,-0.059789
386,0,0.013409
387,0,-0.032588
388,0,0.048399
389,0,0.036485
390,0,0.004610
391,0,0.042559
392,0,-0.010306
393,0,0.032793
394,0,0.016634
395,0,0.008645
396,0,0.063765
397,0,-0.049943
398,0,0.034887
399,0,0.007996
400,0,-0.046257
401,0,0.005093
402,0,0.022421
403,0,-0.037298
404,0,0.078893
405,0,0.096781
406,0,0.053991
407,0,0.103506
408,0,0.066889
409,0,0.055072
410,0,0.101928
411,0,-0.010654
412,0,-0.021996
413,0,-0.020966
414,0,0.015076
415,0,0.004927
416,0,0.098900
417,0,0.020664
418,0,-0.060929
419,0,-0.125452
420,0,0.001670
421,0,-0.120065
422,0,-0.062251
423,0,-0.056116
424,0,0.079826
425,0,0.084324
426,0,-0.012510
427,0,0.117054
428,0,-0.107314
429,0,0.007812
430,0,-0.038588
431,0,0.049208
432,0,-0.024481
433,0,-0.006739
434,0,0.030144
435,0,0.079824
436,0,-0.042325
437,0,0.123056
438,0,-0.082664
439,0,-0.016015
440,0,-0.001165
441,0,0.058186
442,0,-0.084732
443,0,0.029154
444,0,-0.098388
445,0,0.053215
446,0,0.036596
447,0,0.054303
448,0,0.090655
449,0,0.068236
450,0,-0.086529
451,0,0.025490
452,0,-0.102031
453,0,0.010563
454,0,0.045831
455,0,0.024979
456,0,0.019946
457,0,0.061987
458,0,-0.054465
459,0,0.004033
460,0,0.054519
461,0,0.055528
462,0,0.045808
463,0,0.044309
464,0,-0.000509
465,0,0.029947
466,0,-0.028954
467,0,0.047914
468,0,-0.034903
469,0,-0.051249
470,0,-0.033552
471,0,-0.039400
472,0,0.030270
473,0,0.067764
474,0,0.053543
475,0,-0.016438
476,0,0.178076
477,0,-0.011699
478,0,0.009915
479,0,0.044647
480,0,0.024308
481,0,0.114340
482,0,0.000287
483,0,0.018978
484,0,0.051655
485,0,0.024673
486,0,-0.039711
487,0,-0.057903
488,0,0.019577
489,0,0.033266
490,0,-0.006350
491,0,0.043160
492,0,-0.031603
493,0,0.100504
494,0,-0.045075
495,0,-0.005660
496,0,-0.065128
497,0,-0.050381
498,0,0.084083
499,0,0.090465
500,0,0.104769
501,0,-0.037865
502,0,0.092822
503,0,-0.033257
504,0,0.064344
505,0,0.037438
506,0,0.034375
507,0,0.001586
508,0,-0.014953
509,0,-0.006292
510,0,0.068848
511,0,0.080146
512,0,-0.029568
513,0,0.080786
514,0,0.016460
515,0,0.137401
516,0,-0.013460
517,0,-0.047071
518,0,-0.092234
519,0,0.108498
520,0,-0.067097
521,0,-0.027965
522,0,-0.072771
523,0,-0.097779
524,0,0.009148
525,0,-0.029320
526,0,0.058585
527,0,-0.034704
528,0,0.044626
529,0,-0.011675
530,0,0.012172
531,0,0.090749
532,0,0.018516
533,0,0.057565
534,0,0.018183
535,0,0.011966
536,0,0.006966
537,0,0.047054
538,0,-0.080148
539,0,-0.082752
540,0,0.100953
541,0,-0.105922
542,0,0.002283
543,0,-0.084222
544,0,-0.009592
545,0,0.016467
546,0,0.070403
547,0,0.072036
548,0,-0.039983
549,0,0.029401
550,0,0.102058
551,0,0.016880
552,0,0.142657
553,0,0.009894
554,0,-0.008044
555,0,-0.006330
556,0,-0.025582
557,0,-0.036145
558,0,-0.073493
559,0,0.124460
560,0,0.059741
561,0,-0.021538
562,0,-0.038599
563,0,-0.031089
564,0,0.045319
565,0,-0.079232
566,0,-0.059752
567,0,0.127137
568,0,-0.001838
569,0,0.013402
570,0,0.094446
571,0,0.105747
572,0,-0.058757
573,0,0.167977
574,0,0.024977
575,0,0.037949
576,0,-0.045489
577,0,-0.058447
578,0,-0.021952
579,0,-0.006456
580,0,0.109922
581,0,-0.084722
582,0,0.018466
583,0,0.012631
584,0,0.071333
585,0,0.112488
586,0,-0.123229
587,0,-0.020283
588,0,-0.024117
589,0,-0.101551
590,0,-0.071865
591,0,-0.038432
592,0,0.018306
593,0,0.005764
594,0,0.066497
595,0,0.049895
596,0,0.020499
597,0,-0.066334
598,0,-0.022963
599,0,-0.043437
600,1,0.742704
601,1,0.715218
602,1,0.762212
603,1,0.779631
604,1,0.669300
605,1,0.574568
606,1,0.674650
607,1,0.502508
608,1,0.637899
609,1,0.715705
610,1,0.603515
611,1,0.667709
612,1,0.750056
613,1,0.672655
614,1,0.675805
615,1,0.706621
616,1,0.529960
617,1,0.444929
618,1,0.001372
619,1,0.479666
620,1,0.558223
621,1,0.647822
622,1,0.621542
623,1,0.540864
624,1,0.630343
625,1,0.278763
626,1,0.399545
627,1,0.535820
628,1,0.579873
629,1,0.317828
630,1,0.607565
631,1,0.676256
632,1,0.758680
633,1,0.115621
634,1,-0.015721
635,1,0.645177
636,1,0.670813
637,1,0.602965
638,1,0.659860
639,1,0.720983
640,1,0.588242
641,1,0.671760
642,1,0.781288
643,1,0.649429
644,1,0.749771
645,1,0.702494
646,1,0.563680
647,1,0.774869
648,1,0.766727
649,1,0.492359
650,1,0.521039
651,1,0.537058
652,1,0.588566
653,1,0.630222
654,1,0.664148
655,1,0.400611
656,1,0.734793
657,1,0.624759
658,1,0.713081
659,1,0.532731
660,1,0.518975
661,1,0.505768
662,1,0.564987
663,1,-0.070352
664,1,0.520848
665,1,-0.085874
666,1,0.644668
667,1,0.619902
668,1,0.671145
669,1,0.595750
670,1,0.561692
671,1,0.531496
672,1,0.444998
673,1,0.464021
674,1,0.503050
675,1,0.616138
676,1,0.493336
677,1,0.561332
678,1,0.670068
679,1,0.770636
680,1,0.710679
681,1,0.646211
682,1,0.603600
683,1,0.754908
684,1,0.518265
685,1,0.568620
686,1,0.561606
687,1,0.746967
688,1,0.877179
689,1,0.606345
690,1,0.724047
691,1,0.646792
692,1,0.646803
693,1,0.613534
694,1,0.641706
695,1,0.647213
696,1,0.789337
697,1,0.608716
698,1,0.606321
699,1,0.690384
700,1,0.616514
701,1,0.726845
702,1,0.903815
703,1,0.641779
704,1,0.641930
705,1,0.753608
706,1,0.670887
707,1,0.759316
708,1,0.669513
709,1,0.571794
710,1,0.557378
711,1,0.776139
712,1,0.720538
713,1,0.747720
714,1,0.694949
715,1,0.478595
716,1,0.785214
717,1,0.743844
718,1,0.544114
719,1,0.501454
720,1,0.798121
721,1,0.778304
722,1,0.608078
723,1,0.650233
724,1,0.694360
725,1,0.667218
726,1,0.596026
727,1,0.689140
728,1,0.560357
729,1,0.595701
730,1,0.047930
731,1,0.645494
732,1,0.045976
733,1,0.658191
734,1,0.755805
735,1,0.693468
736,1,0.543217
737,1,0.663172
738,1,0.755118
739,1,0.641065
740,1,0.000500
741,1,0.772073
742,1,0.740663
743,1,0.607442
744,1,0.596167
745,1,0.532308
746,1,0.474348
747,1,0.446727
748,1,0.662311
749,1,0.434826
750,1,0.477321
751,1,0.459280
752,1,0.742398
753,1,0.663788
754,1,0.562391
755,1,0.816174
756,1,0.677638
757,1,0.617610
758,1,0.848042
759,1,0.697258
760,1,0.733434
761,1,0.564978
762,1,0.709370
763,1,0.590530
764,1,0.584115
765,1,0.499340
766,1,0.763999
767,1,0.636458
768,1,0.726178
769,1,0.566531
770,1,0.610925
771,1,0.783102
772,1,0.675623
773,1,0.476875
774,1,0.507118
775,1,0.782583
776,1,0.022712
777,1,-0.042526
778,1,-0.033073
779,1,0.746557
780,1,0.593460
781,1,0.678484
782,1,0.772825
783,1,0.810216
784,1,0.596973
785,1,0.666280
786,1,0.495603
787,1,0.466700
788,1,0.673414
789,1,0.713500
790,1,0.856378
791,1,0.580418
792,1,0.513815
793,1,0.679565
794,1,0.524842
795,1,0.554214
796,1,0.703112
797,1,0.732667
798,1,0.733443
799,1,0.750683
800,1,0.758646
801,1,0.574948
802,1,0.612453
803,1,-0.032364
804,1,0.688360
805,1,0.528388
806,1,0.072510
807,1,0.033750
808,1,-0.000196
809,1,-0.060679
810,1,0.716781
811,1,0.824715
812,1,0.594573
813,1,0.730287
814,1,0.621980
815,1,0.509101
816,1,0.816618
817,1,0.548810
818,1,0.514989
819,1,0.712477
820,1,0.621143
821,1,0.651811
822,1,0.674151
823,1,0.765076
824,1,0.768941
825,1,0.717513
826,1,0.542596
827,1,0.664977
828,1,0.722440
829,1,0.020511
830,1,0.689855
831,1,0.312908
832,1,0.666409
833,1,0.792088
834,1,0.734826
835,1,0.658751
836,1,0.630664
837,1,0.708342
838,1,0.067049
839,1,0.028062
840,1,-0.038456
841,1,0.315092
842,1,0.066542
843,1,0.594897
844,1,0.327244
845,1,0.759740
846,1,-0.050513
847,1,0.615528
848,1,0.653580
849,1,0.627188
850,1,0.639906
851,1,0.615918
852,1,0.015389
853,1,0.726038
854,1,0.650058
855,1,0.660010
856,1,0.598145
857,1,0.607304
858,1,0.734369
859,1,0.561357
860,1,0.701682
861,1,0.496642
862,1,0.523206
863,1,0.835014
864,1,0.620587
865,1,0.736810
866,1,-0.016609
867,1,-0.062491
868,1,-0.009304
869,1,0.678427
870,1,0.560862
871,1,0.679870
872,1,0.661959
873,1,0.704892
874,1,0.716494
875,1,0.659367
876,1,0.780563
877,1,0.669904
878,1,0.640659
879,1,0.162058
880,1,0.594809
881,1,0.558448
882,1,0.623361
883,1,0.759652
884,1,0.748552
885,1,0.556557
886,1,0.425402
887,1,0.619346
888,1,0.526226
889,1,0.641544
890,1,0.600839
891,1,0.680129
892,1,0.616078
893,1,0.709154
894,1,0.723587
895,1,0.756766
896,1,0.742126
897,1,0.652050
898,1,0.700803
899,1,0.370913
900,0,0.047355
901,0,0.053619
902,0,0.061941
903,0,0.113056
904,0,-0.007435
905,0,0.058212
906,0,-0.042907
907,0,0.024180
908,0,0.111215
909,0,-0.022269
910,0,0.089201
911,0,0.062591
912,0,0.074221
913,0,0.016153
914,0,0.010478
915,0,-0.011322
916,0,-0.050888
917,0,0.086622
918,0,-0.083913
919,0,0.091637
920,0,0.053895
921,0,-0.032121
922,0,-0.028141
923,0,-0.086497
924,0,-0.011679
925,0,-0.000795
926,0,0.059450
927,0,-0.047775
928,0,-0.065640
929,0,-0.049918
930,0,-0.038382
931,0,-0.029307
932,0,-0.016434
933,0,-0.043680
934,0,0.171952
935,0,-0.067109
936,0,-0.020991
937,0,0.035969
938,0,0.012285
939,0,0.062859
940,0,0.021896
941,0,0.008030
942,0,-0.084292
943,0,0.129812
944,0,-0.075981
945,0,-0.047357
946,0,0.017085
947,0,-0.073652
948,0,0.065016
949,0,0.106948
950,0,-0.016187
951,0,-0.071901
952,0,-0.048527
953,0,0.007237
954,0,0.053865
955,0,-0.049330
956,0,0.006987
957,0,0.014791
958,0,-0.009920
959,0,-0.005776
960,0,0.105325
961,0,0.087886
962,0,0.073181
963,0,0.017457
964,0,-0.023564
965,0,0.054590
966,0,-0.053168
967,0,-0.053998
968,0,-0.025289
969,0,0.070046
970,0,0.123552
971,0,0.041731
972,0,-0.033716
973,0,0.008889
974,0,0.103689
975,0,-0.099831
976,0,0.046852
977,0,0.029152
978,0,-0.108991
979,0,0.060439
980,0,0.007301
981,0,0.082429
982,0,0.069016
983,0,0.052126
984,0,0.115141
985,0,-0.041712
986,0,0.018253
987,0,0.033484
988,0,-0.086279
989,0,0.001206
990,0,-0.058642
991,0,0.103691
992,0,-0.106372
993,0,-0.058683
994,0,0.033949
995,0,0.132669
996,0,-0.036360
997,0,-0.020373
998,0,-0.019890
999,0,0.110348
1000,0,0.076892
1001,0,0.001541
1002,0,0.001383
1003,0,-0.051830
1004,0,-0.013920
1005,0,-0.034617
1006,0,-0.075452
1007,0,-0.006297
1008,0,-0.111247
1009,0,-0.023882
1010,0,0.068209
1011,0,-0.033221
1012,0,-0.037816
1013,0,0.053706
1014,0,-0.035306
1015,0,-0.084980
1016,0,0.010679
1017,0,-0.025352
1018,0,0.145432
1019,0,-0.013526
1020,0,0.028336
1021,0,0.014709
1022,0,0.011234
1023,0,-0.109946
1024,0,-0.016710
1025,0,0.037250
1026,0,-0.033536
1027,0,0.021712
1028,0,0.014213
1029,0,0.029580
1030,0,-0.143935
1031,0,0.000716
1032,0,-0.036622
1033,0,-0.043158
1034,0,-0.060195
1035,0,-0.053489
1036,0,0.018808
1037,0,0.086421
1038,0,-0.038726
1039,0,0.072371
1040,0,0.006756
1041,0,0.055015
1042,0,-0.059943
1043,0,0.039834
1044,0,0.109161
1045,0,0.019703
1046,0,0.037380
1047,0,-0.054939
1048,0,-0.035084
1049,0,-0.083738
1050,0,0.001766
1051,0,0.140507
1052,0,0.053390
1053,0,-0.101838
1054,0,0.017536
1055,0,-0.025447
1056,0,-0.020427
1057,0,-0.134764
1058,0,0.038461
1059,0,0.101331
1060,0,0.086034
1061,0,-0.068943
1062,0,0.169738
1063,0,0.075101
1064,0,0.082891
1065,0,-0.053928
1066,0,0.039655
1067,0,0.014330
1068,0,0.002212
1069,0,0.022570
1070,0,0.033829
1071,0,0.024332
1072,0,0.084690
1073,0,-0.048229
1074,0,-0.109693
1075,0,-0.077238
1076,0,-0.022121
1077,0,-0.003153
1078,0,-0.042909
1079,0,0.105173
1080,0,-0.001868
1081,0,-0.020002
1082,0,-0.035356
1083,0,-0.049950
1084,0,-0.014719
1085,0,0.065124
1086,0,-0.017027
1087,0,-0.111660
1088,0,0.004298
1089,0,0.143728
1090,0,0.048497
1091,0,-0.076224
1092,0,0.008046
1093,0,0.045018
1094,0,0.070201
1095,0,-0.065743
1096,0,0.055912
1097,0,0.021662
1098,0,0.031955
1099,0,-0.017119
1100,0,-0.088146
1101,0,0.000572
1102,0,-0.114343
1103,0,0.074118
1104,0,-0.012084
1105,0,-0.003328
1106,0,-0.024413
1107,0,0.032437
1108,0,0.054757
1109,0,-0.076306
1110,0,0.006356
1111,0,0.030213
1112,0,-0.107070
1113,0,-0.014454
1114,0,-0.131505
1115,0,0.014156
1116,0,0.056748
1117,0,0.035524
1118,0,0.090007
1119,0,-0.060652
1120,0,0.007846
1121,0,-0.202273
1122,0,0.271404
1123,0,-0.055696
1124,0,0.096951
1125,0,0.020121
1126,0,-0.078642
1127,0,0.034944
1128,0,-0.006557
1129,0,-0.060974
1130,0,-0.006543
1131,0,-0.072202
1132,0,0.074468
1133,0,-0.047532
1134,0,0.031095
1135,0,0.021003
1136,0,0.110390
1137,0,-0.052775
1138,0,-0.105481
1139,0,0.024754
1140,0,0.091914
1141,0,-0.021492
1142,0,-0.002051
1143,0,-0.068070
1144,0,0.001632
1145,0,-0.080339
1146,0,0.058091
1147,0,0.020424
1148,0,-0.009434
1149,0,0.106213
1150,0,0.005341
1151,0,0.038585
1152,0,0.027261
1153,0,-0.028919
1154,0,-0.022255
1155,0,-0.043072
1156,0,-0.008398
1157,0,0.063792
1158,0,0.050386
1159,0,0.051827
1160,0,0.077873
1161,0,-0.022066
1162,0,0.045056
1163,0,0.084310
1164,0,-0.013460
1165,0,-0.012007
1166,0,-0.189166
1167,0,0.021113
1168,0,0.138421
1169,0,-0.016609
1170,0,-0.077086
1171,0,0.048790
1172,0,-0.018038
1173,0,0.073822
1174,0,-0.038826
1175,0,0.024129
1176,0,-0.035587
1177,0,0.021535
1178,0,-0.127245
1179,0,0.059004
1180,0,-0.045104
1181,0,0.047273
1182,0,0.087120
1183,0,0.077722
1184,0,0.056643
1185,0,0.017421
1186,0,-0.079951
1187,0,0.044774
1188,0,0.005864
1189,0,-0.108733
1190,0,-0.013485
1191,0,0.002484
1192,0,-0.103313
1193,0,0.033650
1194,0,-0.041327
1195,0,-0.018344
1196,0,0.020944
1197,0,-0.014887
1198,0,0.014790
1199,0,-0.067649
1200,1,0.687595
1201,1,0.679366
1202,1,0.710864
1203,1,0.713593
1204,1,0.727958
1205,1,0.529540
1206,1,0.485712
1207,1,0.910187
1208,1,0.563756
1209,1,0.725589
1210,1,0.737346
1211,1,0.678912
1212,1,0.603929
1213,1,0.574300
1214,1,0.629212
1215,1,0.010954
1216,1,0.060605
1217,1,0.031721
1218,1,0.831801
1219,1,0.774206
1220,1,0.804601
1221,1,0.083383
1222,1,0.137872
1223,1,0.582759
1224,1,0.786054
1225,1,0.738782
1226,1,0.724938
1227,1,0.377280
1228,1,0.395735
1229,1,0.311748
1230,1,0.421287
1231,1,0.580025
1232,1,0.628620
1233,1,0.343620
1234,1,0.492971
1235,1,0.539572
1236,1,0.649635
1237,1,0.591363
1238,1,0.624218
1239,1,0.657855
1240,1,0.634028
1241,1,0.804897
1242,1,0.608316
1243,1,0.858564
1244,1,0.707342
1245,1,0.443354
1246,1,0.708553
1247,1,0.657851
1248,1,0.606044
1249,1,0.734032
1250,1,0.680117
1251,1,0.701979
1252,1,0.134090
1253,1,0.024313
1254,1,0.550531
1255,1,0.713768
1256,1,0.099002
1257,1,0.211688
1258,1,0.700107
1259,1,0.645467
1260,1,-0.113400
1261,1,0.689722
1262,1,0.118821
1263,1,0.719770
1264,1,0.713330
1265,1,0.695683
1266,1,0.673011
1267,1,0.307715
1268,1,0.354946
1269,1,0.336826
1270,1,0.364993
1271,1,0.314258
1272,1,0.573599
1273,1,0.566772
1274,1,0.462816
1275,1,0.596239
1276,1,0.704717
1277,1,0.630441
1278,1,0.540201
1279,1,0.709624
1280,1,0.737059
1281,1,0.832246
1282,1,0.687249
1283,1,0.657253
1284,1,0.697670
1285,1,0.693380
1286,1,0.097896
1287,1,-0.029816
1288,1,0.458653
1289,1,0.538986
1290,1,0.590226
1291,1,0.665089
1292,1,0.610021
1293,1,0.593832
1294,1,0.650692
1295,1,0.115782
1296,1,-0.014590
1297,1,0.576238
1298,1,0.666650
1299,1,0.495363
1300,1,0.805681
1301,1,0.502542
1302,1,0.827495
1303,1,0.049955
1304,1,0.651767
1305,1,0.529552
1306,1,0.610321
1307,1,0.512233
1308,1,0.754175
1309,1,0.726826
1310,1,0.509459
1311,1,0.579586
1312,1,0.773929
1313,1,0.680311
1314,1,0.806338
1315,1,0.787195
1316,1,0.771598
1317,1,0.842935
1318,1,0.824978
1319,1,0.866371
1320,1,0.774950
1321,1,0.708396
1322,1,0.585710
1323,1,0.827256
1324,1,0.554007
1325,1,0.561911
1326,1,0.643941
1327,1,0.624735
1328,1,0.596234
1329,1,0.539215
1330,1,0.475871
1331,1,0.445116
1332,1,0.717029
1333,1,0.725878
1334,1,0.734462
1335,1,0.641436
1336,1,0.473463
1337,1,0.785932
1338,1,0.569630
1339,1,0.768066
1340,1,0.409517
1341,1,0.497315
1342,1,0.394103
1343,1,0.539635
1344,1,0.327030
1345,1,0.605712
1346,1,0.041341
1347,1,0.873135
1348,1,0.696967
1349,1,0.730630
1350,1,0.588483
1351,1,0.619324
1352,1,0.538441
1353,1,0.569862
1354,1,0.727694
1355,1,0.591385
1356,1,0.690056
1357,1,0.755062
1358,1,-0.007345
1359,1,0.704676
1360,1,0.633792
1361,1,0.616367
1362,1,0.628093
1363,1,0.941792
1364,1,0.645814
1365,1,0.672413
1366,1,0.728579
1367,1,0.816770
1368,1,0.788273
1369,1,0.842963
1370,1,0.588167
1371,1,0.649928
1372,1,0.521148
1373,1,0.652492
1374,1,0.682252
1375,1,0.714460
1376,1,0.784201
1377,1,0.823544
1378,1,0.584326
1379,1,0.473525
1380,1,0.817515
1381,1,0.697930
1382,1,0.890669
1383,1,0.520564
1384,1,0.714233
1385,1,0.715212
1386,1,0.810171
1387,1,0.654540
1388,1,0.535482
1389,1,0.519747
1390,1,0.662629
1391,1,0.619675
1392,1,0.688298
1393,1,0.491132
1394,1,0.601285
1395,1,0.423971
1396,1,0.762012
1397,1,0.613219
1398,1,0.657893
1399,1,0.751980
1400,1,0.671702
1401,1,0.691947
1402,1,0.567836
1403,1,0.609372
1404,1,0.725749
1405,1,0.624481
1406,1,-0.012879
1407,1,0.085544
1408,1,0.077837
1409,1,0.119970
1410,1,-0.047088
1411,1,0.517350
1412,1,0.787321
1413,1,0.448828
1414,1,0.745054
1415,1,0.824576
1416,1,0.548857
1417,1,0.580794
1418,1,0.726881
1419,1,0.590266
1420,1,0.474428
1421,1,0.609721
1422,1,0.653511
1423,1,0.604410
1424,1,0.669004
1425,1,0.674766
1426,1,0.570790
1427,1,-0.052399
1428,1,-0.064487
1429,1,0.699187
1430,1,0.500002
1431,1,0.566606
1432,1,0.568265
1433,1,0.553355
1434,1,0.480822
1435,1,0.768995
1436,1,0.710256
1437,1,0.732081
1438,1,0.407911
1439,1,0.892104
1440,1,0.682055
1441,1,0.615544
1442,1,0.008696
1443,1,-0.032858
1444,1,0.519492
1445,1,0.637360
1446,1,0.693733
1447,1,0.539916
1448,1,0.565152
1449,1,0.631197
1450,1,0.532341
1451,1,0.622795
1452,1,0.619718
1453,1,0.750485
1454,1,0.732455
1455,1,0.743641
1456,1,0.566989
1457,1,0.860884
1458,1,0.717817
1459,1,0.668836
1460,1,0.758573
1461,1,0.482119
1462,1,0.701060
1463,1,0.549041
1464,1,-0.033477
1465,1,-0.088405
1466,1,0.617172
1467,1,0.647710
1468,1,-0.054465
1469,1,0.759195
1470,1,0.597463
1471,1,0.675852
1472,1,0.782900
1473,1,0.169813
1474,1,0.002237
1475,1,0.702677
1476,1,0.724705
1477,1,0.724750
1478,1,0.596263
1479,1,0.694371
1480,1,0.539515
1481,1,0.715633
1482,1,0.675861
1483,1,0.042701
1484,1,0.018757
1485,1,0.743085
1486,1,0.529225
1487,1,0.570872
1488,1,0.735678
1489,1,0.171929
1490,1,0.651744
1491,1,0.717746
1492,1,0.578654
1493,1,0.719438
1494,1,0.118265
1495,1,0.164906
1496,1,0.773620
1497,1,0.105002
1498,1,0.664116
1499,1,0.651852
1500,0,-0.030413
1501,0,0.043390
1502,0,-0.017995
1503,0,0.096357
1504,0,-0.000897
1505,0,-0.017425
1506,0,-0.109517
1507,0,0.095550
1508,0,-0.075161
1509,0,0.007355
1510,0,0.018364
1511,0,-0.065312
1512,0,0.093451
1513,0,-0.091673
1514,0,-0.062995
1515,0,0.061669
1516,0,-0.031493
1517,0,0.037061
1518,0,-0.063640
1519,0,-0.008467
1520,0,-0.117501
1521,0,0.040922
1522,0,0.082329
1523,0,0.015022
1524,0,0.027183
1525,0,-0.036191
1526,0,-0.014085
1527,0,-0.035189
1528,0,0.054929
1529,0,0.138084
1530,0,-0.006377
1531,0,-0.056154
1532,0,0.018221
1533,0,0.042584
1534,0,0.038430
1535,0,-0.061241
1536,0,0.022763
1537,0,0.015554
1538,0,0.048663
1539,0,0.001738
1540,0,-0.068610
1541,0,0.095628
1542,0,-0.008492
1543,0,0.010420
1544,0,0.000964
1545,0,-0.059251
1546,0,-0.035737
1547,0,-0.080119
1548,0,0.010184
1549,0,-0.083079
1550,0,-0.017829
1551,0,-0.067196
1552,0,-0.006919
1553,0,0.010620
1554,0,0.040439
1555,0,0.008248
1556,0,0.050235
1557,0,-0.068051
1558,0,0.080599
1559,0,-0.071070
1560,0,-0.021014
1561,0,0.002735
1562,0,0.124375
1563,0,0.049348
1564,0,-0.018445
1565,0,0.151862
1566,0,-0.002195
1567,0,0.045015
1568,0,0.100319
1569,0,-0.010936
1570,0,-0.079192
1571,0,0.038667
1572,0,0.009839
1573,0,0.090806
1574,0,-0.005744
1575,0,-0.097786
1576,0,0.050279
1577,0,0.001245
1578,0,-0.022824
1579,0,0.083646
1580,0,-0.026542
1581,0,0.003050
1582,0,0.154766
1583,0,-0.029549
1584,0,-0.027247
1585,0,0.030729
1586,0,0.078688
1587,0,-0.044953
1588,0,-0.002398
1589,0,0.092763
1590,0,0.057468
1591,0,0.029553
1592,0,-0.006981
1593,0,0.007913
1594,0,0.087884
1595,0,0.017165
1596,0,-0.002549
1597,0,0.025507
1598,0,-0.003660
1599,0,0.110845
1600,0,0.054177
1601,0,-0.025616
1602,0,0.039917
1603,0,-0.007282
1604,0,0.091442
1605,0,-0.031039
1606,0,-0.033429
1607,0,0.095873
1608,0,-0.010766
1609,0,0.081234
1610,0,-0.049785
1611,0,0.001836
1612,0,0.056615
1613,0,-0.106784
1614,0,0.042244
1615,0,0.085521
1616,0,-0.020819
1617,0,0.076688
1618,0,0.116493
1619,0,0.068271
1620,0,0.078826
1621,0,-0.022294
1622,0,0.037438
1623,0,0.061234
1624,0,0.002019
1625,0,0.058008
1626,0,-0.174002
1627,0,0.035410
1628,0,0.083674
1629,0,-0.063089
1630,0,0.045082
1631,0,0.033347
1632,0,0.067844
1633,0,0.181794
1634,0,0.031485
1635,0,-0.023860
1636,0,-0.021518
1637,0,0.007997
1638,0,-0.042005
1639,0,0.136760
1640,0,0.012150
1641,0,-0.030899
1642,0,0.102936
1643,0,-0.022507
1644,0,0.036485
1645,0,-0.058973
1646,0,0.081992
1647,0,0.059746
1648,0,0.036356
1649,0,-0.049169
1650,0,0.044425
1651,0,0.017486
1652,0,0.046783
1653,0,-0.050465
1654,0,-0.071336
1655,0,-0.051048
1656,0,0.023717
1657,0,-0.071665
1658,0,0.021858
1659,0,0.075563
1660,0,0.000437
1661,0,0.055887
1662,0,-0.112664
1663,0,-0.000198
1664,0,-0.021987
1665,0,0.001641
1666,0,0.076365
1667,0,0.019171
1668,0,-0.004043
1669,0,-0.017424
1670,0,0.068829
1671,0,0.018402
1672,0,0.009925
1673,0,-0.021406
1674,0,-0.059786
1675,0,0.030705
1676,0,0.001413
1677,0,-0.062943
1678,0,0.066313
1679,0,0.021325
1680,0,0.034604
1681,0,-0.145998
1682,0,0.106738
1683,0,-0.012362
1684,0,0.021456
1685,0,0.036958
1686,0,-0.046058
1687,0,0.042333
1688,0,0.026362
1689,0,0.001452
1690,0,0.024185
1691,0,0.005895
1692,0,-0.079489
1693,0,0.073656
1694,0,0.023788
1695,0,0.046869
1696,0,0.208362
1697,0,-0.017509
1698,0,-0.028473
1699,0,-0.024474
1700,0,0.013753
1701,0,-0.002939
1702,0,-0.080954
1703,0,0.087384
1704,0,0.025492
1705,0,0.049733
1706,0,-0.047608
1707,0,-0.031390
1708,0,0.032811
1709,0,0.058110
1710,0,-0.109463
1711,0,0.011243
1712,0,-0.055743
1713,0,0.092128
1714,0,-0.008985
1715,0,0.079404
1716,0,-0.028970
1717,0,-0.080414
1718,0,0.002726
1719,0,-0.049583
1720,0,-0.007578
1721,0,0.079854
1722,0,-0.014903
1723,0,0.015300
1724,0,0.072606
1725,0,0.113535
1726,0,-0.036118
1727,0,0.012514
1728,0,0.033691
1729,0,-0.015748
1730,0,-0.088961
1731,0,0.016244
1732,0,-0.040019
1733,0,0.064799
1734,0,-0.052310
1735,0,0.022286
1736,0,0.021095
1737,0,-0.029912
1738,0,-0.107155
1739,0,-0.055666
1740,0,-0.014777
1741,0,0.056545
1742,0,-0.050328
1743,0,-0.018855
1744,0,0.078639
1745,0,0.048372
1746,0,-0.002048
1747,0,0.008656
1748,0,-0.041950
1749,0,-0.012536
1750,0,-0.001671
1751,0,-0.051527
1752,0,-0.011373
1753,0,0.107216
1754,0,0.102893
1755,0,0.146478
1756,0,0.030733
1757,0,0.043166
1758,0,-0.010088
1759,0,-0.035229
1760,0,0.031744
1761,0,-0.005102
1762,0,0.009360
1763,0,0.135658
1764,0,0.095906
1765,0,0.102369
1766,0,0.053242
1767,0,-0.074779
1768,0,0.093124
1769,0,-0.066328
1770,0,0.005148
1771,0,0.046490
1772,0,-0.000857
1773,0,-0.042885
1774,0,-0.047353
1775,0,0.073235
1776,0,-0.046435
1777,0,0.094491
1778,0,0.036065
1779,0,-0.052045
1780,0,0.061457
1781,0,-0.025811
1782,0,-0.031850
1783,0,-0.021110
1784,0,0.046859
1785,0,0.079002
1786,0,-0.036996
1787,0,0.008180
1788,0,0.114798
1789,0,-0.059629
1790,0,0.001325
1791,0,0.188690
1792,0,-0.053133
1793,0,0.089219
1794,0,-0.040324
1795,0,0.063280
1796,0,0.056281
1797,0,-0.109104
1798,0,-0.011417
1799,0,-0.049017
1800,1,0.581648
1801,1,0.358528
1802,1,0.456222
1803,1,0.626390
1804,1,0.530107
1805,1,0.729355
1806,1,0.643780
1807,1,0.654520
1808,1,0.657727
1809,1,0.743785
1810,1,0.638499
1811,1,0.627936
1812,1,0.366503
1813,1,0.417849
1814,1,0.609287
1815,1,0.585289
1816,1,0.664738
1817,1,0.575785
1818,1,0.531283
1819,1,0.423298
1820,1,0.447063
1821,1,0.456849
1822,1,0.597165
1823,1,0.631097
1824,1,0.763122
1825,1,0.685397
1826,1,0.641265
1827,1,0.714851
1828,1,0.719721
1829,1,0.715004
1830,1,0.635857
1831,1,0.560939
1832,1,0.593602
1833,1,0.515382
1834,1,0.610314
1835,1,0.649512
1836,1,0.840781
1837,1,0.753525
1838,1,0.555179
1839,1,0.681533
1840,1,0.657230
1841,1,0.810854
1842,1,0.612256
1843,1,0.406077
1844,1,0.712990
1845,1,0.492732
1846,1,-0.000809
1847,1,0.863301
1848,1,0.690685
1849,1,0.626883
1850,1,0.581242
1851,1,0.319687
1852,1,0.683139
1853,1,0.335452
1854,1,0.568109
1855,1,0.616233
1856,1,0.621159
1857,1,0.641250
1858,1,0.703777
1859,1,0.786549
1860,1,0.792869
1861,1,0.010812
1862,1,0.621743
1863,1,0.586317
1864,1,0.531899
1865,1,0.669206
1866,1,0.650842
1867,1,0.607337
1868,1,0.654887
1869,1,0.565072
1870,1,0.734609
1871,1,0.463399
1872,1,0.655238
1873,1,0.480157
1874,1,0.623492
1875,1,0.126200
1876,1,-0.019921
1877,1,0.468039
1878,1,0.512850
1879,1,0.550348
1880,1,0.625325
1881,1,0.540187
1882,1,0.568316
1883,1,0.003001
1884,1,0.761756
1885,1,0.730932
1886,1,0.102088
1887,1,0.515189
1888,1,0.867143
1889,1,0.892318
1890,1,0.929292
1891,1,0.731961
1892,1,0.748883
1893,1,0.887449
1894,1,0.428880
1895,1,0.692641
1896,1,0.643893
1897,1,0.661783
1898,1,0.572085
1899,1,0.617562
1900,1,0.678375
1901,1,0.876425
1902,1,0.736097
1903,1,0.547479
1904,1,0.829882
1905,1,0.677735
1906,1,0.500190
1907,1,0.513724
1908,1,0.750709
1909,1,0.590704
1910,1,0.691692
1911,1,0.568984
1912,1,0.587366
1913,1,0.592379
1914,1,0.615758
1915,1,0.678752
1916,1,0.806918
1917,1,0.509028
1918,1,0.437388
1919,1,0.318146
1920,1,-0.008749
1921,1,0.051042
1922,1,0.435168
1923,1,0.543290
1924,1,0.603190
1925,1,0.542946
1926,1,0.606543
1927,1,0.603021
1928,1,0.368747
1929,1,0.609185
1930,1,0.619489
1931,1,0.353572
1932,1,0.503696
1933,1,0.606314
1934,1,0.752758
1935,1,0.759794
1936,1,0.575550
1937,1,0.557914
1938,1,0.605581
1939,1,0.724520
1940,1,0.628695
1941,1,0.739711
1942,1,0.830309
1943,1,0.646783
1944,1,0.459145
1945,1,0.737538
1946,1,0.658135
1947,1,0.435048
1948,1,0.579060
1949,1,-0.202892
1950,1,0.416054
1951,1,0.572570
1952,1,0.758383
1953,1,0.770865
1954,1,0.829970
1955,1,0.777105
1956,1,0.734082
1957,1,0.446608
1958,1,0.606368
1959,1,0.632003
1960,1,0.607398
1961,1,0.149444
1962,1,0.606819
1963,1,0.735549
1964,1,0.713544
1965,1,0.515650
1966,1,0.796897
1967,1,0.438500
1968,1,0.593741
1969,1,0.464438
1970,1,0.591040
1971,1,0.554491
1972,1,0.684963
1973,1,0.668160
1974,1,0.685590
1975,1,0.681972
1976,1,0.606530
1977,1,0.635028
1978,1,0.329775
1979,1,0.413773
1980,1,0.398759
1981,1,0.607291
1982,1,0.725615
1983,1,0.845109
1984,1,0.724131
1985,1,0.732686
1986,1,0.598596
1987,1,0.708878
1988,1,0.673088
1989,1,0.571408
1990,1,0.423908
1991,1,0.493547
1992,1,0.697770
1993,1,0.704430
1994,1,0.754090
1995,1,0.659046
1996,1,0.611946
1997,1,0.873578
1998,1,0.752176
1999,1,0.770112
2000,1,0.612539
2001,1,0.935578
2002,1,0.844207
2003,1,0.688313
2004,1,0.469363
2005,1,0.578015
2006,1,0.369163
2007,1,0.226870
2008,1,0.476436
2009,1,0.207889
2010,1,0.949696
2011,1,0.534225
2012,1,0.573000
2013,1,0.746382
2014,1,0.739157
2015,1,0.630394
2016,1,0.522281
2017,1,0.614910
2018,1,0.563539
2019,1,0.538204
2020,1,0.526844
2021,1,0.600359
2022,1,0.649624
2023,1,0.617633
2024,1,0.571170
2025,1,0.730544
2026,1,0.597461
2027,1,0.657307
2028,1,0.070940
2029,1,0.780649
2030,1,0.595811
2031,1,0.610765
2032,1,0.968636
2033,1,0.697500
2034,1,0.741019
2035,1,0.638862
2036,1,0.568045
2037,1,0.724490
2038,1,0.688136
2039,1,0.589904
2040,1,0.504935
2041,1,0.585489
2042,1,0.439995
2043,1,0.518839
2044,1,0.508263
2045,1,0.653390
2046,1,0.695969
2047,1,0.626356
2048,1,0.478672
2049,1,0.746379
2050,1,0.682101
2051,1,0.582931
2052,1,0.634897
2053,1,0.724558
2054,1,0.410671
2055,1,0.446270
2056,1,0.435869
2057,1,0.575387
2058,1,0.681960
2059,1,0.708948
2060,1,0.718204
2061,1,0.648135
2062,1,0.896503
2063,1,0.675256
2064,1,0.584826
2065,1,0.554349
2066,1,0.818994
2067,1,0.539547
2068,1,-0.151711
2069,1,0.669747
2070,1,0.713537
2071,1,0.655245
2072,1,0.517614
2073,1,0.608427
2074,1,0.690997
2075,1,0.654269
2076,1,0.637080
2077,1,0.689416
2078,1,0.802281
2079,1,0.655464
2080,1,0.538299
2081,1,0.016721
2082,1,-0.012626
2083,1,0.730120
2084,1,0.703624
2085,1,0.760501
2086,1,0.758237
2087,1,0.696076
2088,1,0.596430
2089,1,-0.006924
2090,1,0.384752
2091,1,0.907390
2092,1,0.747859
2093,1,0.657064
2094,1,0.070536
2095,1,0.647181
2096,1,0.134343
2097,1,0.714672
2098,1,0.732857
2099,1,0.654601
2100,0,-0.018804
2101,0,0.053209
2102,0,0.092721
2103,0,0.035347
2104,0,0.124081
2105,0,0.064131
2106,0,0.022688
2107,0,-0.056860
2108,0,-0.037003
2109,0,0.043766
2110,0,-0.031747
2111,0,0.011437
2112,0,0.029858
2113,0,-0.062641
2114,0,-0.008262
2115,0,-0.066799
2116,0,-0.013117
2117,0,0.047255
2118,0,0.052689
2119,0,0.121697
2120,0,0.044630
2121,0,-0.067611
2122,0,0.088021
2123,0,0.054186
2124,0,-0.091994
2125,0,0.096585
2126,0,0.073262
2127,0,0.041858
2128,0,0.080121
2129,0,-0.010023
2130,0,-0.101003
2131,0,0.007796
2132,0,-0.065479
2133,0,-0.003642
2134,0,0.082843
2135,0,-0.026059
2136,0,-0.024561
2137,0,-0.010295
2138,0,-0.084528
2139,0,-0.057763
2140,0,-0.090955
2141,0,-0.090763
2142,0,-0.052584
2143,0,0.055996
2144,0,0.041257
2145,0,-0.036250
2146,0,0.073191
2147,0,-0.041902
2148,0,0.109197
2149,0,-0.040618
2150,0,-0.053457
2151,0,0.043742
2152,0,0.089608
2153,0,0.077880
2154,0,-0.080916
2155,0,-0.006130
2156,0,0.022019
2157,0,0.047198
2158,0,-0.010894
2159,0,-0.005916
2160,0,0.095325
2161,0,0.141339
2162,0,0.015609
2163,0,-0.037263
2164,0,0.099871
2165,0,-0.023296
2166,0,0.028992
2167,0,0.022694
2168,0,-0.052333
2169,0,0.019970
2170,0,0.059650
2171,0,-0.021401
2172,0,-0.006216
2173,0,0.014772
2174,0,-0.049849
2175,0,0.012195
2176,0,-0.065197
2177,0,0.044176
2178,0,0.056007
2179,0,-0.047091
2180,0,0.002972
2181,0,-0.056991
2182,0,0.023898
2183,0,0.088423
2184,0,0.012125
2185,0,-0.009707
2186,0,0.050120
2187,0,-0.156216
2188,0,0.025057
2189,0,-0.007874
2190,0,-0.094285
2191,0,-0.101723
2192,0,0.015731
2193,0,-0.013867
2194,0,-0.074008
2195,0,-0.074878
2196,0,0.115597
2197,0,0.044303
2198,0,-0.058406
2199,0,-0.156352
2200,0,0.101996
2201,0,-0.058795
2202,0,-0.034975
2203,0,-0.073974
2204,0,-0.049351
2205,0,0.104473
2206,0,0.097419
2207,0,0.017980
2208,0,-0.043480
2209,0,-0.104364
2210,0,-0.017134
2211,0,-0.036959
2212,0,-0.011754
2213,0,-0.016821
2214,0,0.035760
2215,0,-0.009889
2216,0,-0.012429
2217,0,0.059285
2218,0,0.098466
2219,0,-0.090491
2220,0,-0.100679
2221,0,-0.023900
2222,0,0.051138
2223,0,-0.000745
2224,0,-0.026048
2225,0,0.007233
2226,0,0.046031
2227,0,-0.136314
2228,0,0.071848
2229,0,0.019339
2230,0,-0.015038
2231,0,0.003546
2232,0,-0.077216
2233,0,-0.006083
2234,0,-0.063641
2235,0,-0.083539
2236,0,-0.001971
2237,0,-0.001819
2238,0,0.019560
2239,0,0.021180
2240,0,-0.082054
2241,0,0.003335
2242,0,-0.046347
2243,0,-0.047132
2244,0,-0.089281
2245,0,0.000558
2246,0,-0.097141
2247,0,0.020441
2248,0,0.035362
2249,0,-0.033344
2250,0,-0.132518
2251,0,-0.039945
2252,0,0.062732
2253,0,-0.093543
2254,0,0.006203
2255,0,0.016916
2256,0,-0.006365
2257,0,0.005693
2258,0,-0.013908
2259,0,-0.010150
2260,0,0.001753
2261,0,0.032464
2262,0,0.016040
2263,0,-0.052690
2264,0,0.004941
2265,0,-0.076164
2266,0,-0.046154
2267,0,0.067970
2268,0,0.031822
2269,0,0.044731
2270,0,-0.052904
2271,0,0.038001
2272,0,0.184814
2273,0,0.012571
2274,0,-0.060015
2275,0,-0.023780
2276,0,0.006135
2277,0,-0.115785
2278,0,0.019425
2279,0,-0.087593
2280,0,-0.032904
2281,0,0.106202
2282,0,-0.028733
2283,0,-0.027809
2284,0,0.008095
2285,0,-0.028723
2286,0,-0.094810
2287,0,-0.100544
2288,0,-0.083283
2289,0,0.122396
2290,0,-0.053357
2291,0,0.033746
2292,0,0.079294
2293,0,0.040631
2294,0,0.026793
2295,0,0.020774
2296,0,0.109783
2297,0,0.083611
2298,0,0.103250
2299,0,-0.050109
2300,0,-0.076054
2301,0,0.014982
2302,0,0.012923
2303,0,0.063340
2304,0,0.063816
2305,0,0.030074
2306,0,0.026436
2307,0,-0.025251
2308,0,0.033802
2309,0,0.003036
2310,0,-0.025904
2311,0,0.010481
2312,0,-0.125539
2313,0,-0.030060
2314,0,0.006316
2315,0,-0.041709
2316,0,0.009266
2317,0,0.085438
2318,0,-0.076331
2319,0,0.042184
2320,0,0.030544
2321,0,0.095646
2322,0,0.025234
2323,0,-0.026354
2324,0,0.009238
2325,0,0.012736
2326,0,0.007675
2327,0,-0.119110
2328,0,-0.034938
2329,0,0.045693
2330,0,-0.031392
2331,0,0.037173
2332,0,0.158788
2333,0,-0.071017
2334,0,-0.009719
2335,0,0.007414
2336,0,-0.040496
2337,0,-0.038695
2338,0,-0.138991
2339,0,0.058904
2340,0,-0.043869
2341,0,0.046603
2342,0,-0.014873
2343,0,0.029314
2344,0,0.086801
2345,0,0.028367
2346,0,0.017635
2347,0,0.060732
2348,0,-0.035111
2349,0,-0.035442
2350,0,0.063038
2351,0,-0.036525
2352,0,0.113963
2353,0,-0.031364
2354,0,-0.001789
2355,0,0.022180
2356,0,-0.047660
2357,0,-0.060107
2358,0,-0.054383
2359,0,0.038472
2360,0,0.183031
2361,0,0.108457
2362,0,0.050556
2363,0,-0.076212
2364,0,-0.020959
2365,0,-0.046973
2366,0,0.041242
2367,0,-0.007969
2368,0,0.014115
2369,0,-0.019276
2370,0,0.059410
2371,0,0.090505
2372,0,0.075737
2373,0,0.036670
2374,0,-0.045578
2375,0,0.020302
2376,0,0.100114
2377,0,0.050900
2378,0,-0.115645
2379,0,-0.022113
2380,0,-0.004478
2381,0,0.010937
2382,0,0.032926
2383,0,-0.078243
2384,0,-0.007883
2385,0,0.003384
2386,0,0.010373
2387,0,0.017839
2388,0,0.026912
2389,0,-0.026591
2390,0,0.039600
2391,0,0.050275
2392,0,0.029332
2393,0,0.038335
2394,0,-0.019462
2395,0,-0.066134
2396,0,-0.021294
2397,0,-0.042771
2398,0,-0.026137
2399,0,-0.074289
2400,1,0.580797
2401,1,0.608060
2402,1,0.624670
2403,1,0.777252
2404,1,0.659303
2405,1,0.685219
2406,1,0.687650
2407,1,0.755603
2408,1,0.726040
2409,1,0.558765
2410,1,0.645930
2411,1,0.544853
2412,1,0.763510
2413,1,0.718050
2414,1,0.476393
2415,1,0.618575
2416,1,0.674973
2417,1,0.558286
2418,1,0.498298
2419,1,0.542901
2420,1,0.583540
2421,1,0.818086
2422,1,0.509998
2423,1,0.590590
2424,1,0.573720
2425,1,0.075240
2426,1,0.480151
2427,1,0.503417
2428,1,0.095143
2429,1,0.667671
2430,1,0.684910
2431,1,0.740627
2432,1,0.659435
2433,1,0.393808
2434,1,0.486553
2435,1,0.792563
2436,1,0.596156
2437,1,0.391359
2438,1,0.470609
2439,1,0.569048
2440,1,0.607978
2441,1,0.622172
2442,1,0.740135
2443,1,0.471377
2444,1,0.519092
2445,1,0.535501
2446,1,0.684045
2447,1,-0.100346
2448,1,0.705730
2449,1,0.629668
2450,1,0.786473
2451,1,0.665810
2452,1,0.633097
2453,1,0.757635
2454,1,0.666170
2455,1,0.650534
2456,1,0.678223
2457,1,0.810332
2458,1,0.727144
2459,1,0.470634
2460,1,0.577744
2461,1,0.044643
2462,1,0.780828
2463,1,0.502187
2464,1,-0.024996
2465,1,0.674065
2466,1,0.790513
2467,1,0.505683
2468,1,0.579338
2469,1,0.610866
2470,1,0.808596
2471,1,0.604522
2472,1,0.662916
2473,1,0.686477
2474,1,0.829767
2475,1,0.682490
2476,1,0.614524
2477,1,0.630151
2478,1,0.659890
2479,1,0.683902
2480,1,0.724784
2481,1,0.523351
2482,1,0.634349
2483,1,0.421100
2484,1,0.485298
2485,1,0.621123
2486,1,0.554758
2487,1,0.667588
2488,1,0.599787
2489,1,0.052571
2490,1,0.499533
2491,1,0.504591
2492,1,0.055707
2493,1,0.124491
2494,1,0.807064
2495,1,0.658518
2496,1,0.611715
2497,1,0.599212
2498,1,0.013874
2499,1,0.589714
2500,1,0.571159
2501,1,0.644248
2502,1,0.592649
2503,1,0.655497
2504,1,0.563107
2505,1,0.538877
2506,1,0.684661
2507,1,0.614375
2508,1,0.691942
2509,1,0.694219
2510,1,0.618904
2511,1,0.715051
2512,1,0.740556
2513,1,0.676023
2514,1,0.775735
2515,1,0.572759
2516,1,-0.107183
2517,1,0.743023
2518,1,-0.103313
2519,1,0.619058
2520,1,0.449709
2521,1,0.365774
2522,1,0.565455
2523,1,0.577393
2524,1,0.733464
2525,1,0.765535
2526,1,0.770951
2527,1,0.692540
2528,1,0.774001
2529,1,0.865830
2530,1,0.851546
2531,1,0.824486
2532,1,0.743579
2533,1,0.574770
2534,1,0.643350
2535,1,0.619911
2536,1,0.514750
2537,1,0.548277
2538,1,0.528357
2539,1,0.520304
2540,1,0.793941
2541,1,0.527345
2542,1,0.517804
2543,1,0.757636
2544,1,0.616434
2545,1,0.529803
2546,1,0.533824
2547,1,0.638703
2548,1,0.693767
2549,1,0.782637
2550,1,-0.034502
2551,1,-0.025855
2552,1,0.458259
2553,1,0.615304
2554,1,0.674719
2555,1,0.565097
2556,1,0.657529
2557,1,0.626344
2558,1,0.604303
2559,1,0.633928
2560,1,0.630489
2561,1,0.837636
2562,1,0.057782
2563,1,0.692503
2564,1,0.587465
2565,1,0.516226
2566,1,0.741035
2567,1,0.807270
2568,1,0.682887
2569,1,0.683872
2570,1,0.695776
2571,1,0.793327
2572,1,0.737529
2573,1,0.519656
2574,1,0.712924
2575,1,0.575612
2576,1,0.603811
2577,1,0.580437
2578,1,0.535997
2579,1,0.720401
2580,1,0.620365
2581,1,0.635382
2582,1,0.616401
2583,1,0.444741
2584,1,0.633346
2585,1,0.659537
2586,1,0.671723
2587,1,0.113178
2588,1,0.642085
2589,1,0.661402
2590,1,0.494806
2591,1,0.670933
2592,1,0.764820
2593,1,0.592569
2594,1,0.505468
2595,1,0.657366
2596,1,0.605796
2597,1,0.547521
2598,1,0.622720
2599,1,0.537275
2600,1,0.439578
2601,1,0.177846
2602,1,0.719494
2603,1,0.719427
2604,1,0.727776
2605,1,0.585738
2606,1,0.594257
2607,1,0.705845
2608,1,0.675277
2609,1,0.265053
2610,1,0.859150
2611,1,0.776391
2612,1,0.646889
2613,1,0.773712
2614,1,0.699602
2615,1,0.602153
2616,1,0.502761
2617,1,0.671288
2618,1,0.072974
2619,1,0.830795
2620,1,0.092455
2621,1,0.725058
2622,1,0.081740
2623,1,0.506466
2624,1,0.684367
2625,1,0.565095
2626,1,0.819468
2627,1,0.598768
2628,1,0.417702
2629,1,0.731952
2630,1,0.526367
2631,1,0.670725
2632,1,0.709481
2633,1,0.630776
2634,1,0.566223
2635,1,0.745294
2636,1,0.706467
2637,1,0.725799
2638,1,0.601016
2639,1,0.630662
2640,1,0.660812
2641,1,0.623201
2642,1,0.793737
2643,1,0.724178
2644,1,0.475216
2645,1,0.616422
2646,1,0.621681
2647,1,0.590757
2648,1,0.627595
2649,1,0.451477
2650,1,0.054148
2651,1,0.714964
2652,1,0.578603
2653,1,0.684073
2654,1,0.659976
2655,1,0.727175
2656,1,0.645822
2657,1,0.716110
2658,1,0.508475
2659,1,0.377640
2660,1,0.639335
2661,1,0.340154
2662,1,0.610903
2663,1,0.817308
2664,1,0.798094
2665,1,0.554105
2666,1,0.557077
2667,1,0.708322
2668,1,0.591198
2669,1,0.676975
2670,1,0.490913
2671,1,0.788026
2672,1,0.577029
2673,1,0.451622
2674,1,0.448031
2675,1,0.523336
2676,1,0.458059
2677,1,0.607816
2678,1,0.647860
2679,1,0.719856
2680,1,0.543089
2681,1,0.835571
2682,1,0.803908
2683,1,0.639860
2684,1,-0.065967
2685,1,0.649187
2686,1,0.747205
2687,1,0.818237
2688,1,0.721985
2689,1,0.650984
2690,1,0.621332
2691,1,0.650855
2692,1,-0.007034
2693,1,0.790753
2694,1,0.717792
2695,1,0.729967
2696,1,0.564339
2697,1,0.639460
2698,1,0.288864
2699,1,0.701611
2700,0,-0.067443
2701,0,-0.007520
2702,0,0.034244
2703,0,0.014621
2704,0,-0.034586
2705,0,-0.029704
2706,0,0.023700
2707,0,0.082520
2708,0,0.049027
2709,0,0.053681
2710,0,0.026799
2711,0,0.009820
2712,0,-0.063079
2713,0,-0.015012
2714,0,-0.070968
2715,0,0.069437
2716,0,0.129427
2717,0,0.093032
2718,0,0.036232
2719,0,0.190390
2720,0,0.060946
2721,0,-0.087895
2722,0,-0.113584
2723,0,-0.001934
2724,0,-0.024564
2725,0,-0.056317
2726,0,-0.082310
2727,0,-0.052115
2728,0,0.102167
2729,0,0.065298
2730,0,-0.033275
2731,0,0.005195
2732,0,-0.082970
2733,0,0.082885
2734,0,-0.027095
2735,0,-0.002746
2736,0,-0.100457
2737,0,-0.014227
2738,0,-0.011109
2739,0,0.016867
2740,0,0.098283
2741,0,-0.087670
2742,0,-0.006956
2743,0,-0.011282
2744,0,-0.071515
2745,0,-0.048528
2746,0,0.143462
2747,0,-0.136113
2748,0,0.079956
2749,0,0.061472
2750,0,-0.035468
2751,0,0.007245
2752,0,0.007600
2753,0,0.060035
2754,0,-0.075400
2755,0,0.030788
2756,0,-0.076034
2757,0,0.046332
2758,0,0.157579
2759,0,-0.015481
2760,0,-0.008750
2761,0,0.108628
2762,0,-0.027971
2763,0,-0.067445
2764,0,-0.033916
2765,0,0.040094
2766,0,-0.069456
2767,0,-0.027863
2768,0,0.035026
2769,0,0.003849
2770,0,0.017608
2771,0,-0.052668
2772,0,0.166629
2773,0,0.049760
2774,0,0.055306
2775,0,-0.047170
2776,0,-0.012612
2777,0,-0.114673
2778,0,0.024836
2779,0,0.016100
2780,0,0.052754
2781,0,-0.105602
2782,0,0.002157
2783,0,0.100542
2784,0,-0.032824
2785,0,-0.000861
2786,0,0.026269
2787,0,0.054063
2788,0,0.008486
2789,0,-0.055471
2790,0,-0.020519
2791,0,0.065395
2792,0,0.057744
2793,0,0.087705
2794,0,-0.051997
2795,0,-0.025003
2796,0,0.123783
2797,0,0.027884
2798,0,-0.024344
2799,0,-0.137558
2800,0,-0.087298
2801,0,-0.000750
2802,0,-0.077535
2803,0,0.020774
2804,0,-0.054339
2805,0,0.044233
2806,0,0.069814
2807,0,0.042225
2808,0,-0.078113
2809,0,0.031685
2810,0,-0.016414
2811,0,-0.028915
2812,0,0.007430
2813,0,-0.108988
2814,0,-0.045788
2815,0,0.093840
2816,0,0.032409
2817,0,0.006236
2818,0,-0.081113
2819,0,0.135856
2820,0,0.001685
2821,0,-0.011792
2822,0,0.091580
2823,0,0.043972
2824,0,-0.000443
2825,0,-0.088353
2826,0,0.021225
2827,0,-0.126905
2828,0,-0.041868
2829,0,-0.031055
2830,0,-0.028711
2831,0,-0.046595
2832,0,-0.018273
2833,0,0.000092
2834,0,0.056355
2835,0,0.085321
2836,0,0.149424
2837,0,-0.036348
2838,0,-0.084659
2839,0,0.039425
2840,0,-0.071248
2841,0,0.005116
2842,0,0.172943
2843,0,-0.052775
2844,0,0.085657
2845,0,0.030149
2846,0,0.011243
2847,0,0.050808
2848,0,0.023632
2849,0,0.008811
2850,0,0.009515
2851,0,-0.015072
2852,0,0.043381
2853,0,0.027131
2854,0,0.129808
2855,0,-0.063302
2856,0,-0.085618
2857,0,-0.061378
2858,0,-0.146306
2859,0,-0.035286
2860,0,0.027468
2861,0,-0.000874
2862,0,0.001661
2863,0,-0.030981
2864,0,0.021092
2865,0,0.093152
2866,0,0.100751
2867,0,-0.050820
2868,0,-0.080194
2869,0,-0.093457
2870,0,0.033890
2871,0,0.055828
2872,0,-0.013139
2873,0,-0.043553
2874,0,0.015894
2875,0,0.038086
2876,0,0.061496
2877,0,-0.000676
2878,0,-0.005952
2879,0,0.059636
2880,0,-0.077511
2881,0,-0.057352
2882,0,0.070714
2883,0,-0.036727
2884,0,0.046473
2885,0,-0.011986
2886,0,-0.022834
2887,0,-0.036169
2888,0,0.025863
2889,0,-0.065180
2890,0,0.073210
2891,0,0.024898
2892,0,-0.093729
2893,0,-0.042912
2894,0,0.046660
2895,0,0.099774
2896,0,0.018610
2897,0,0.022615
2898,0,0.060450
2899,0,0.025857
2900,0,0.003668
2901,0,-0.014106
2902,0,-0.072439
2903,0,-0.008563
2904,0,-0.041926
2905,0,0.108701
2906,0,0.124899
2907,0,-0.041047
2908,0,0.025160
2909,0,-0.011697
2910,0,0.074627
2911,0,-0.029984
2912,0,-0.124006
2913,0,-0.106626
2914,0,-0.036215
2915,0,0.008631
2916,0,-0.099819
2917,0,0.043263
2918,0,0.070267
2919,0,-0.078492
2920,0,-0.017866
2921,0,0.104603
2922,0,-0.116958
2923,0,-0.102867
2924,0,-0.073587
2925,0,0.002809
2926,0,-0.074881
2927,0,0.003133
2928,0,0.035533
2929,0,-0.003771
2930,0,-0.159413
2931,0,-0.012004
2932,0,0.051935
2933,0,-0.095580
2934,0,-0.029367
2935,0,0.063551
2936,0,0.014995
2937,0,0.016111
2938,0,-0.104408
2939,0,-0.037913
2940,0,-0.035652
2941,0,0.027683
2942,0,-0.066526
2943,0,0.023658
2944,0,0.015833
2945,0,-0.038209
2946,0,0.099417
2947,0,-0.006764
2948,0,0.013548
2949,0,0.040331
2950,0,0.034547
2951,0,-0.077409
2952,0,-0.043195
2953,0,-0.099956
2954,0,-0.099162
2955,0,0.040162
2956,0,-0.127330
2957,0,-0.106114
2958,0,0.052109
2959,0,0.032483
2960,0,-0.062676
2961,0,-0.010557
2962,0,0.039037
2963,0,0.091430
2964,0,0.109859
2965,0,0.163423
2966,0,-0.017042
2967,0,0.019295
2968,0,-0.088559
2969,0,0.034319
2970,0,-0.029267
2971,0,-0.043535
2972,0,-0.044746
2973,0,0.027831
2974,0,-0.005883
2975,0,-0.026682
2976,0,0.015294
2977,0,-0.005629
2978,0,-0.072072
2979,0,-0.008765
2980,0,-0.029148
2981,0,0.131968
2982,0,-0.079266
2983,0,0.045853
2984,0,-0.016021
2985,0,0.019578
2986,0,0.020384
2987,0,0.005209
2988,0,-0.010792
2989,0,0.007501
2990,0,0.080998
2991,0,-0.042371
2992,0,-0.049394
2993,0,-0.080201
2994,0,0.031856
2995,0,0.039768
2996,0,0.016968
2997,0,-0.125510
2998,0,0.103143
2999,0,-0.077785
3000,1,0.482939
3001,1,0.610167
3002,1,0.569463
3003,1,0.741719
3004,1,0.749011
3005,1,0.781998
3006,1,0.665682
3007,1,0.716252
3008,1,0.639822
3009,1,0.653042
3010,1,0.662941
3011,1,0.586222
3012,1,0.577290
3013,1,0.452503
3014,1,0.818526
3015,1,0.525884
3016,1,0.542693
3017,1,0.488001
3018,1,0.749338
3019,1,0.672682
3020,1,0.641198
3021,1,0.014586
3022,1,-0.034870
3023,1,0.557593
3024,1,0.624969
3025,1,0.570917
3026,1,0.628622
3027,1,0.568476
3028,1,0.462558
3029,1,0.764147
3030,1,0.501696
3031,1,0.639024
3032,1,0.756638
3033,1,0.765806
3034,1,0.727447
3035,1,0.607195
3036,1,0.709590
3037,1,-0.000764
3038,1,0.658605
3039,1,0.758666
3040,1,0.670216
3041,1,0.720440
3042,1,-0.059877
3043,1,0.764350
3044,1,0.692653
3045,1,-0.032994
3046,1,-0.026994
3047,1,0.622281
3048,1,0.647371
3049,1,-0.031158
3050,1,0.722639
3051,1,0.033140
3052,1,0.764898
3053,1,0.721150
3054,1,0.627734
3055,1,0.661737
3056,1,0.725945
3057,1,0.532954
3058,1,0.512483
3059,1,0.595157
3060,1,-0.033476
3061,1,0.562132
3062,1,0.586213
3063,1,0.713230
3064,1,0.641059
3065,1,0.581046
3066,1,0.723720
3067,1,0.609579
3068,1,0.549888
3069,1,0.688176
3070,1,0.570040
3071,1,0.451233
3072,1,0.010205
3073,1,0.460163
3074,1,0.562593
3075,1,0.442916
3076,1,0.638392
3077,1,0.530793
3078,1,0.761144
3079,1,0.680426
3080,1,0.687269
3081,1,0.502383
3082,1,0.513054
3083,1,0.562910
3084,1,0.629861
3085,1,0.536585
3086,1,0.548296
3087,1,0.890890
3088,1,0.862842
3089,1,0.707619
3090,1,0.777741
3091,1,0.635660
3092,1,0.704211
3093,1,0.588649
3094,1,0.603908
3095,1,0.829126
3096,1,0.705735
3097,1,0.636032
3098,1,0.584402
3099,1,0.639767
3100,1,0.729906
3101,1,0.566177
3102,1,0.453863
3103,1,0.637336
3104,1,0.583149
3105,1,0.404506
3106,1,0.512601
3107,1,0.627945
3108,1,-0.031253
3109,1,-0.000491
3110,1,0.692982
3111,1,0.669395
3112,1,0.492958
3113,1,0.597113
3114,1,0.652505
3115,1,0.642449
3116,1,0.750353
3117,1,0.627095
3118,1,0.614881
3119,1,0.557160
3120,1,0.119465
3121,1,0.501457
3122,1,0.653516
3123,1,0.703829
3124,1,0.721619
3125,1,0.714303
3126,1,0.629817
3127,1,0.524938
3128,1,0.681159
3129,1,0.840320
3130,1,0.648403
3131,1,0.771399
3132,1,0.631485
3133,1,0.783485
3134,1,0.766589
3135,1,0.681190
3136,1,0.531250
3137,1,0.726530
3138,1,0.801210
3139,1,0.543988
3140,1,0.692928
3141,1,0.547554
3142,1,0.634570
3143,1,0.634236
3144,1,0.470269
3145,1,0.600071
3146,1,0.739151
3147,1,0.661497
3148,1,0.599800
3149,1,0.076447
3150,1,0.117111
3151,1,0.646158
3152,1,0.113569
3153,1,0.784721
3154,1,0.480386
3155,1,0.461021
3156,1,0.666515
3157,1,0.590650
3158,1,0.794384
3159,1,0.521070
3160,1,0.313737
3161,1,0.724778
3162,1,0.742141
3163,1,0.800902
3164,1,0.689101
3165,1,0.357012
3166,1,0.650222
3167,1,-0.021998
3168,1,0.019739
3169,1,0.689471
3170,1,0.594833
3171,1,0.538047
3172,1,0.496464
3173,1,0.553240
3174,1,0.724050
3175,1,0.806809
3176,1,0.643903
3177,1,0.606139
3178,1,0.753893
3179,1,0.555626
3180,1,0.605994
3181,1,0.730719
3182,1,0.493057
3183,1,0.565401
3184,1,0.674010
3185,1,0.449846
3186,1,0.425287
3187,1,0.497878
3188,1,0.542206
3189,1,0.677580
3190,1,0.734495
3191,1,0.674486
3192,1,0.582269
3193,1,0.559249
3194,1,0.604248
3195,1,0.784383
3196,1,0.794989
3197,1,0.595802
3198,1,0.576788
3199,1,0.560812
3200,1,0.550938
3201,1,0.462727
3202,1,0.760906
3203,1,0.730168
3204,1,0.851640
3205,1,0.828092
3206,1,0.592549
3207,1,0.539490
3208,1,0.562842
3209,1,0.699579
3210,1,0.622795
3211,1,0.650070
3212,1,0.757599
3213,1,0.520348
3214,1,0.950058
3215,1,0.902576
3216,1,0.881627
3217,1,0.829874
3218,1,0.667728
3219,1,0.628392
3220,1,0.660251
3221,1,0.718501
3222,1,0.629421
3223,1,0.685129
3224,1,0.552958
3225,1,0.651739
3226,1,0.494735
3227,1,0.658122
3228,1,0.743127
3229,1,-0.022912
3230,1,0.844814
3231,1,0.724491
3232,1,0.615444
3233,1,0.571219
3234,1,0.814999
3235,1,0.024369
3236,1,0.832251
3237,1,0.595872
3238,1,0.644969
3239,1,0.712909
3240,1,0.713175
3241,1,0.793794
3242,1,0.803395
3243,1,0.638846
3244,1,0.737890
3245,1,0.772654
3246,1,0.587071
3247,1,0.613189
3248,1,0.920307
3249,1,0.797072
3250,1,0.719862
3251,1,0.638090
3252,1,0.700161
3253,1,0.543260
3254,1,0.444089
3255,1,0.552606
3256,1,0.686510
3257,1,0.600305
3258,1,0.614842
3259,1,0.590399
3260,1,0.606634
3261,1,0.713718
3262,1,0.737629
3263,1,0.764061
3264,1,0.722711
3265,1,0.590520
3266,1,0.602427
3267,1,0.453259
3268,1,0.410430
3269,1,0.363095
3270,1,0.497856
3271,1,0.516284
3272,1,0.736613
3273,1,0.592433
3274,1,0.761911
3275,1,0.731760
3276,1,-0.101098
3277,1,0.835245
3278,1,0.740545
3279,1,0.764329
3280,1,0.685473
3281,1,0.615635
3282,1,0.533471
3283,1,0.755199
3284,1,0.516577
3285,1,0.748668
3286,1,0.595182
3287,1,-0.034165
3288,1,0.586806
3289,1,0.570581
3290,1,0.621810
3291,1,0.670693
3292,1,0.713296
3293,1,0.520385
3294,1,0.530548
3295,1,0.556671
3296,1,0.796419
3297,1,0.646622
3298,1,0.680382
3299,1,0.697515
3300,0,-0.035481
3301,0,-0.036763
3302,0,-0.056922
3303,0,-0.016264
3304,0,-0.027594
3305,0,-0.014628
3306,0,0.076282
3307,0,0.054891
3308,0,0.024412
3309,0,0.031962
3310,0,-0.000866
3311,0,-0.070389
3312,0,0.112558
3313,0,0.065680
3314,0,-0.058957
3315,0,-0.034664
3316,0,-0.055976
3317,0,-0.020922
3318,0,-0.018525
3319,0,-0.089910
3320,0,0.092500
3321,0,-0.021949
3322,0,0.086215
3323,0,0.038790
3324,0,0.123346
3325,0,0.078192
3326,0,0.014485
3327,0,-0.016186
3328,0,0.010645
3329,0,-0.105441
3330,0,0.006907
3331,0,-0.004049
3332,0,0.108057
3333,0,-0.062240
3334,0,0.237828
3335,0,0.008630
3336,0,0.016178
3337,0,-0.056760
3338,0,-0.022161
3339,0,0.009255
3340,0,0.131626
3341,0,-0.028806
3342,0,-0.008507
3343,0,0.000230
3344,0,-0.087212
3345,0,0.082049
3346,0,-0.135499
3347,0,0.024908
3348,0,-0.056474
3349,0,-0.102483
3350,0,0.125902
3351,0,-0.000609
3352,0,-0.019422
3353,0,0.074027
3354,0,-0.017965
3355,0,-0.086380
3356,0,0.026671
3357,0,0.084380
3358,0,0.050903
3359,0,0.086836
3360,0,0.067908
3361,0,-0.025467
3362,0,-0.108263
3363,0,-0.030908
3364,0,-0.007262
3365,0,0.095952
3366,0,-0.045933
3367,0,0.231555
3368,0,0.034624
3369,0,-0.038903
3370,0,-0.120690
3371,0,0.030608
3372,0,-0.044718
3373,0,0.022725
3374,0,-0.059355
3375,0,0.063632
3376,0,-0.017532
3377,0,0.010317
3378,0,0.020978
3379,0,-0.027284
3380,0,-0.102701
3381,0,0.058422
3382,0,0.044570
3383,0,0.009515
3384,0,-0.042727
3385,0,-0.034245
3386,0,0.067711
3387,0,-0.002962
3388,0,-0.005724
3389,0,-0.101073
3390,0,-0.080089
3391,0,-0.061955
3392,0,0.057433
3393,0,0.038629
3394,0,-0.069070
3395,0,-0.008593
3396,0,-0.083055
3397,0,-0.025590
3398,0,0.090376
3399,0,-0.037743
3400,0,-0.090039
3401,0,-0.062906
3402,0,0.094738
3403,0,0.092732
3404,0,0.030848
3405,0,-0.012532
3406,0,0.024441
3407,0,-0.035121
3408,0,0.061307
3409,0,0.019925
3410,0,-0.072707
3411,0,-0.007854
3412,0,-0.100965
3413,0,-0.172871
3414,0,-0.018301
3415,0,-0.017890
3416,0,0.069443
3417,0,0.017856
3418,0,-0.009850
3419,0,0.037358
3420,0,0.125208
3421,0,0.072656
3422,0,-0.005486
3423,0,-0.049582
3424,0,0.012666
3425,0,0.135918
3426,0,0.010390
3427,0,-0.029952
3428,0,0.005409
3429,0,0.020468
3430,0,0.017779
3431,0,0.065683
3432,0,0.045093
3433,0,-0.069406
3434,0,-0.151712
3435,0,0.024626
3436,0,0.031670
3437,0,0.037040
3438,0,0.092127
3439,0,0.010434
3440,0,0.020194
3441,0,-0.112245
3442,0,0.067720
3443,0,-0.061403
3444,0,0.167258
3445,0,0.030661
3446,0,0.024976
3447,0,-0.016226
3448,0,0.032507
3449,0,-0.051638
3450,0,-0.028101
3451,0,-0.001098
3452,0,0.079457
3453,0,-0.003904
3454,0,0.082396
3455,0,0.013123
3456,0,0.072089
3457,0,0.093519
3458,0,0.181765
3459,0,0.003879
3460,0,0.064739
3461,0,-0.000965
3462,0,-0.074349
3463,0,0.015536
3464,0,-0.044504
3465,0,-0.067551
3466,0,0.001848
3467,0,-0.041708
3468,0,-0.091033
3469,0,0.029954
3470,0,-0.121068
3471,0,-0.025935
3472,0,-0.049082
3473,0,0.007528
3474,0,0.014551
3475,0,0.010840
3476,0,0.019124
3477,0,0.069245
3478,0,-0.007798
3479,0,-0.058864
3480,0,-0.037327
3481,0,0.042695
3482,0,0.015872
3483,0,0.024899
3484,0,-0.004506
3485,0,-0.018885
3486,0,-0.119860
3487,0,-0.050978
3488,0,0.078844
3489,0,-0.083976
3490,0,0.046655
3491,0,0.153557
3492,0,-0.087420
3493,0,0.033132
3494,0,0.136900
3495,0,0.025142
3496,0,-0.010054
3497,0,0.033185
3498,0,0.044312
3499,0,0.040392
3500,0,0.041048
3501,0,-0.033318
3502,0,0.219205
3503,0,-0.013160
3504,0,-0.025473
3505,0,-0.043746
3506,0,0.016676
3507,0,0.044727
3508,0,0.023533
3509,0,0.048769
3510,0,-0.027319
3511,0,-0.013048
3512,0,-0.143475
3513,0,-0.030338
3514,0,-0.051112
3515,0,0.031263
3516,0,-0.019578
3517,0,-0.065992
3518,0,-0.078486
3519,0,-0.024718
3520,0,-0.068627
3521,0,0.014536
3522,0,0.075169
3523,0,0.028033
3524,0,-0.051328
3525,0,0.024686
3526,0,-0.059417
3527,0,0.030946
3528,0,0.081960
3529,0,0.012565
3530,0,-0.032847
3531,0,0.086697
3532,0,0.075335
3533,0,-0.034726
3534,0,-0.093135
3535,0,-0.032620
3536,0,-0.144798
3537,0,0.169153
3538,0,-0.020552
3539,0,0.126296
3540,0,0.031575
3541,0,0.034856
3542,0,-0.012563
3543,0,-0.005768
3544,0,0.048015
3545,0,0.015961
3546,0,0.044722
3547,0,0.016388
3548,0,-0.002182
3549,0,0.037549
3550,0,0.003321
3551,0,0.052421
3552,0,0.013533
3553,0,0.098251
3554,0,0.070170
3555,0,-0.010233
3556,0,0.047325
3557,0,-0.031925
3558,0,0.073640
3559,0,-0.057728
3560,0,-0.035211
3561,0,0.017239
3562,0,0.012728
3563,0,0.000079
3564,0,0.003052
3565,0,0.006459
3566,0,-0.056884
3567,0,0.061027
3568,0,-0.030483
3569,0,-0.062235
3570,0,0.105741
3571,0,-0.051137
3572,0,-0.079726
3573,0,0.123948
3574,0,0.026891
3575,0,-0.001417
3576,0,0.067584
3577,0,0.028741
3578,0,0.004942
3579,0,0.144322
3580,0,0.050952
3581,0,-0.007171
3582,0,-0.093964
3583,0,0.054283
3584,0,-0.043633
3585,0,0.107840
3586,0,-0.069889
3587,0,0.044036
3588,0,0.056708
3589,0,0.126098
3590,0,0.036305
3591,0,0.050806
3592,0,-0.024549
3593,0,-0.074356
3594,0,0.017248
3595,0,0.005286
3596,0,0.084141
3597,0,0.019231
3598,0,-0.009211
3599,0,-0.015800
3600,1,0.386380
3601,1,0.520470
3602,1,0.554267
3603,1,0.718785
3604,1,0.619098
3605,1,0.632570
3606,1,0.619852
3607,1,0.540161
3608,1,0.639254
3609,1,0.774755
3610,1,0.598242
3611,1,0.679780
3612,1,0.607815
3613,1,0.532405
3614,1,0.639024
3615,1,0.745686
3616,1,0.522113
3617,1,0.737122
3618,1,0.573646
3619,1,0.604222
3620,1,0.739774
3621,1,0.729685
3622,1,0.725227
3623,1,0.663178
3624,1,0.444426
3625,1,0.715508
3626,1,0.670482
3627,1,0.619333
3628,1,0.577367
3629,1,0.520762
3630,1,0.664002
3631,1,0.659288
3632,1,0.715115
3633,1,0.435830
3634,1,-0.034329
3635,1,0.641225
3636,1,0.736793
3637,1,0.573843
3638,1,0.674500
3639,1,0.213022
3640,1,0.414512
3641,1,0.242959
3642,1,0.713705
3643,1,0.661081
3644,1,0.763350
3645,1,0.731836
3646,1,0.802629
3647,1,0.347349
3648,1,0.583949
3649,1,0.663518
3650,1,0.682210
3651,1,0.131098
3652,1,0.639261
3653,1,0.561837
3654,1,0.477176
3655,1,0.619590
3656,1,0.727216
3657,1,0.800727
3658,1,0.632046
3659,1,0.864579
3660,1,0.824955
3661,1,0.713111
3662,1,0.549352
3663,1,0.507397
3664,1,0.498908
3665,1,0.793410
3666,1,0.798975
3667,1,0.725760
3668,1,0.740509
3669,1,0.637428
3670,1,0.729534
3671,1,0.692599
3672,1,0.630600
3673,1,0.648350
3674,1,0.655811
3675,1,0.721196
3676,1,0.760713
3677,1,0.800581
3678,1,0.721979
3679,1,0.451009
3680,1,0.732851
3681,1,0.804206
3682,1,0.702294
3683,1,0.784150
3684,1,0.760981
3685,1,0.665874
3686,1,0.701650
3687,1,0.675807
3688,1,0.667519
3689,1,0.587123
3690,1,0.681276
3691,1,0.500999
3692,1,0.811768
3693,1,0.431263
3694,1,0.581241
3695,1,0.759420
3696,1,0.630304
3697,1,0.619961
3698,1,0.675941
3699,1,0.802046
3700,1,0.648264
3701,1,0.655059
3702,1,0.655971
3703,1,0.645220
3704,1,0.649316
3705,1,0.784228
3706,1,0.830902
3707,1,0.754418
3708,1,0.471434
3709,1,0.495875
3710,1,0.498263
3711,1,0.474348
3712,1,0.724376
3713,1,0.718760
3714,1,0.677055
3715,1,0.754044
3716,1,0.722516
3717,1,0.719244
3718,1,0.875046
3719,1,0.008832
3720,1,0.762872
3721,1,0.679896
3722,1,0.670185
3723,1,0.708603
3724,1,0.653087
3725,1,0.752273
3726,1,0.714609
3727,1,0.846189
3728,1,0.745370
3729,1,0.615344
3730,1,-0.018109
3731,1,0.742404
3732,1,0.757896
3733,1,0.638802
3734,1,0.385488
3735,1,0.595332
3736,1,0.517337
3737,1,-0.071744
3738,1,0.721003
3739,1,0.767217
3740,1,0.715383
3741,1,-0.000500
3742,1,0.607744
3743,1,0.681304
3744,1,0.624323
3745,1,-0.028296
3746,1,0.728839
3747,1,0.733641
3748,1,0.717044
3749,1,0.679195
3750,1,0.658196
3751,1,0.066243
3752,1,0.055403
3753,1,0.607551
3754,1,0.658579
3755,1,0.198554
3756,1,0.672784
3757,1,-0.123596
3758,1,0.740737
3759,1,0.890379
3760,1,0.601943
3761,1,0.605530
3762,1,0.600347
3763,1,0.655226
3764,1,0.593562
3765,1,0.344507
3766,1,0.666417
3767,1,0.589227
3768,1,-0.006833
3769,1,0.747498
3770,1,0.690155
3771,1,-0.134196
3772,1,-0.023040
3773,1,0.760474
3774,1,0.676181
3775,1,0.562221
3776,1,0.696326
3777,1,0.148821
3778,1,0.677872
3779,1,0.552052
3780,1,0.602479
3781,1,0.544970
3782,1,0.641076
3783,1,0.715092
3784,1,0.659980
3785,1,0.800062
3786,1,0.810026
3787,1,0.634735
3788,1,0.506648
3789,1,0.551400
3790,1,0.597234
3791,1,0.400343
3792,1,0.647236
3793,1,0.598119
3794,1,-0.089877
3795,1,0.578404
3796,1,0.608446
3797,1,0.441723
3798,1,0.731038
3799,1,0.859447
3800,1,0.669298
3801,1,-0.008058
3802,1,0.608956
3803,1,0.526683
3804,1,0.573485
3805,1,0.565284
3806,1,0.717444
3807,1,0.697816
3808,1,0.720865
3809,1,0.588386
3810,1,0.474820
3811,1,0.081762
3812,1,0.611894
3813,1,0.656676
3814,1,0.680494
3815,1,0.542083
3816,1,0.645444
3817,1,0.562776
3818,1,0.647549
3819,1,0.587307
3820,1,0.864367
3821,1,0.720760
3822,1,0.810631
3823,1,0.744885
3824,1,0.701591
3825,1,0.776407
3826,1,0.647954
3827,1,0.607747
3828,1,0.677544
3829,1,0.533811
3830,1,0.610958
3831,1,0.693238
3832,1,0.804950
3833,1,0.787453
3834,1,0.702415
3835,1,0.826959
3836,1,0.646719
3837,1,0.827650
3838,1,0.782915
3839,1,0.736724
3840,1,0.702006
3841,1,0.572319
3842,1,0.674377
3843,1,0.804155
3844,1,0.563192
3845,1,0.645330
3846,1,0.780098
3847,1,0.686569
3848,1,0.652425
3849,1,0.678280
3850,1,0.540995
3851,1,0.596287
3852,1,0.725880
3853,1,0.746750
3854,1,0.795599
3855,1,0.920024
3856,1,0.708130
3857,1,0.459344
3858,1,0.671281
3859,1,0.674738
3860,1,0.826190
3861,1,0.890716
3862,1,0.550925
3863,1,0.743536
3864,1,0.613163
3865,1,0.658798
3866,1,0.686040
3867,1,0.433719
3868,1,0.737278
3869,1,0.653440
3870,1,0.681820
3871,1,0.475907
3872,1,0.103129
3873,1,0.020951
3874,1,0.644603
3875,1,0.705903
3876,1,0.692862
3877,1,0.785979
3878,1,0.089029
3879,1,0.092246
3880,1,0.713152
3881,1,0.701170
3882,1,0.649988
3883,1,0.697852
3884,1,0.707185
3885,1,0.436116
3886,1,0.529817
3887,1,0.645514
3888,1,0.630269
3889,1,0.524738
3890,1,0.564305
3891,1,0.251027
3892,1,0.261381
3893,1,0.569345
3894,1,0.769897
3895,1,0.668150
3896,1,0.709903
3897,1,0.610713
3898,1,0.674715
3899,1,0.787440
3900,0,0.027441
3901,0,-0.023787
3902,0,0.048703
3903,0,-0.013317
3904,0,0.078837
3905,0,0.009689
3906,0,0.029689
3907,0,0.020943
3908,0,-0.030006
3909,0,0.015131
3910,0,0.043806
3911,0,0.076768
3912,0,0.004244
3913,0,0.144635
3914,0,0.065758
3915,0,0.102538
3916,0,0.029352
3917,0,-0.033355
3918,0,-0.046581
3919,0,-0.047862
3920,0,0.015146
3921,0,-0.016736
3922,0,0.032412
3923,0,0.121174
3924,0,-0.068677
3925,0,-0.037658
3926,0,-0.000864
3927,0,-0.096783
3928,0,0.178514
3929,0,-0.092665
3930,0,0.007663
3931,0,-0.078156
3932,0,-0.134776
3933,0,0.096246
3934,0,0.128956
3935,0,-0.038830
3936,0,-0.006777
3937,0,0.056329
3938,0,-0.020856
3939,0,-0.026706
3940,0,0.036381
3941,0,0.052116
3942,0,0.050952
3943,0,-0.008794
3944,0,0.137160
3945,0,0.100800
3946,0,-0.045772
3947,0,0.043570
3948,0,0.050446
3949,0,0.019343
3950,0,0.136121
3951,0,0.030125
3952,0,-0.020771
3953,0,-0.058917
3954,0,-0.018003
3955,0,-0.184976
3956,0,-0.061827
3957,0,-0.026191
3958,0,-0.014366
3959,0,0.001431
3960,0,0.108939
3961,0,0.031387
3962,0,0.062033
3963,0,-0.001601
3964,0,0.058843
3965,0,0.025091
3966,0,0.004366
3967,0,0.102459
3968,0,-0.087883
3969,0,-0.074379
3970,0,0.020658
3971,0,0.058624
3972,0,-0.040209
3973,0,0.033542
3974,0,0.093387
3975,0,0.087174
3976,0,-0.036434
3977,0,-0.056436
3978,0,-0.019458
3979,0,0.046388
3980,0,-0.109056
3981,0,0.022595
3982,0,0.043092
3983,0,0.049147
3984,0,0.060905
3985,0,-0.045838
3986,0,0.103424
3987,0,-0.013466
3988,0,-0.155849
3989,0,-0.102783
3990,0,0.080768
3991,0,0.040405
3992,0,-0.000708
3993,0,-0.050640
3994,0,0.084125
3995,0,0.011586
3996,0,0.072358
3997,0,0.023966
3998,0,0.059364
3999,0,0.052151
4000,0,-0.025856
4001,0,0.026016
4002,0,-0.055953
4003,0,0.010193
4004,0,0.088311
4005,0,-0.027138
4006,0,0.108282
4007,0,-0.081894
4008,0,0.086958
4009,0,-0.089762
4010,0,0.025411
4011,0,0.005722
4012,0,0.034610
4013,0,0.040895
4014,0,0.000208
4015,0,0.050109
4016,0,0.032410
4017,0,-0.035267
4018,0,0.048005
4019,0,-0.072010
4020,0,-0.093991
4021,0,-0.041167
4022,0,0.078843
4023,0,-0.016177
4024,0,-0.039551
4025,0,-0.063740
4026,0,0.002791
4027,0,-0.069092
4028,0,0.056658
4029,0,0.065582
4030,0,-0.001439
4031,0,0.114964
4032,0,-0.026211
4033,0,-0.108547
4034,0,-0.008206
4035,0,0.045646
4036,0,-0.011780
4037,0,-0.035298
4038,0,-0.090958
4039,0,0.069035
4040,0,-0.021003
4041,0,0.112970
4042,0,0.026251
4043,0,-0.030925
4044,0,-0.046617
4045,0,0.088716
4046,0,-0.095684
4047,0,0.037349
4048,0,0.017822
4049,0,-0.041601
4050,0,0.203880
4051,0,-0.025864
4052,0,-0.026909
4053,0,0.042837
4054,0,0.001638
4055,0,0.105388
4056,0,-0.043030
4057,0,0.120857
4058,0,-0.069189
4059,0,-0.048712
4060,0,-0.033751
4061,0,0.037130
4062,0,-0.000050
4063,0,-0.071782
4064,0,0.012339
4065,0,-0.130422
4066,0,-0.052894
4067,0,-0.038630
4068,0,-0.010628
4069,0,0.015473
4070,0,0.060776
4071,0,-0.083818
4072,0,0.101237
4073,0,0.004888
4074,0,-0.000055
4075,0,0.078161
4076,0,0.045277
4077,0,0.025206
4078,0,0.083127
4079,0,0.042985
4080,0,-0.135371
4081,0,-0.048090
4082,0,-0.082595
4083,0,0.022453
4084,0,-0.019184
4085,0,0.001188
4086,0,0.043079
4087,0,0.043781
4088,0,0.012312
4089,0,0.048109
4090,0,-0.007080
4091,0,-0.006111
4092,0,0.010946
4093,0,-0.040078
4094,0,-0.120907
4095,0,0.043745
4096,0,0.000409
4097,0,-0.013290
4098,0,0.006884
4099,0,0.013334
4100,0,0.034850
4101,0,0.128958
4102,0,0.123308
4103,0,-0.084171
4104,0,-0.016849
4105,0,-0.041881
4106,0,-0.029116
4107,0,0.024032
4108,0,-0.063357
4109,0,0.084240
4110,0,0.077039
4111,0,-0.038355
4112,0,-0.071474
4113,0,0.065874
4114,0,0.047837
4115,0,-0.011982
4116,0,-0.009277
4117,0,-0.019746
4118,0,0.060105
4119,0,0.003901
4120,0,-0.015590
4121,0,0.059245
4122,0,-0.043446
4123,0,-0.063633
4124,0,0.030422
4125,0,0.086928
4126,0,-0.008260
4127,0,-0.042409
4128,0,-0.009317
4129,0,0.043088
4130,0,0.127702
4131,0,0.011849
4132,0,0.035910
4133,0,0.018293
4134,0,-0.114031
4135,0,0.078898
4136,0,0.034436
4137,0,0.060813
4138,0,-0.041459
4139,0,0.023992
4140,0,0.066325
4141,0,0.047178
4142,0,0.072452
4143,0,-0.047003
4144,0,0.018444
4145,0,-0.035420
4146,0,0.032263
4147,0,0.078983
4148,0,0.122868
4149,0,-0.048572
4150,0,0.140017
4151,0,0.006182
4152,0,0.115032
4153,0,-0.120857
4154,0,0.025974
4155,0,-0.033729
4156,0,-0.006332
4157,0,-0.101841
4158,0,-0.029417
4159,0,-0.068628
4160,0,-0.036150
4161,0,-0.073303
4162,0,0.106805
4163,0,0.028628
4164,0,-0.070972
4165,0,-0.031123
4166,0,-0.055457
4167,0,0.052597
4168,0,0.068292
4169,0,0.007356
4170,0,-0.034130
4171,0,0.049122
4172,0,0.016413
4173,0,-0.129905
4174,0,0.030531
4175,0,0.090804
4176,0,0.074354
4177,0,-0.010349
4178,0,0.001692
4179,0,-0.005182
4180,0,0.066133
4181,0,0.039086
4182,0,0.001335
4183,0,0.037761
4184,0,0.108151
4185,0,0.126645
4186,0,0.001986
4187,0,-0.058130
4188,0,0.028527
4189,0,0.019430
4190,0,0.031380
4191,0,0.003966
4192,0,-0.086874
4193,0,0.062945
4194,0,-0.057304
4195,0,0.006427
4196,0,0.068810
4197,0,-0.158497
4198,0,0.084699
4199,0,0.096220
4200,1,0.795541
4201,1,0.739994
4202,1,0.733859
4203,1,0.753831
4204,1,0.587083
4205,1,0.662067
4206,1,0.715545
4207,1,0.611069
4208,1,0.421570
4209,1,0.695046
4210,1,0.658453
4211,1,0.730534
4212,1,0.784720
4213,1,0.676268
4214,1,0.558254
4215,1,0.691817
4216,1,0.460282
4217,1,0.715048
4218,1,0.656904
4219,1,0.594901
4220,1,0.532923
4221,1,0.631820
4222,1,0.356016
4223,1,0.616727
4224,1,0.661858
4225,1,0.588555
4226,1,0.516850
4227,1,0.579277
4228,1,0.191148
4229,1,0.610623
4230,1,0.637459
4231,1,0.116284
4232,1,0.750039
4233,1,0.551194
4234,1,0.595779
4235,1,0.539541
4236,1,0.784609
4237,1,0.077245
4238,1,0.688059
4239,1,0.742594
4240,1,0.760415
4241,1,0.311772
4242,1,0.454649
4243,1,0.557668
4244,1,0.383710
4245,1,0.703644
4246,1,0.749695
4247,1,0.680203
4248,1,0.543836
4249,1,0.555783
4250,1,0.585770
4251,1,0.550758
4252,1,0.816471
4253,1,0.760040
4254,1,0.581396
4255,1,0.685380
4256,1,0.521009
4257,1,0.549858
4258,1,0.630774
4259,1,0.555003
4260,1,0.548167
4261,1,0.431385
4262,1,0.422741
4263,1,0.614140
4264,1,0.500207
4265,1,0.504331
4266,1,0.694473
4267,1,0.565150
4268,1,0.763169
4269,1,0.556926
4270,1,0.581147
4271,1,0.615272
4272,1,0.698657
4273,1,0.530294
4274,1,0.733362
4275,1,0.764013
4276,1,0.640311
4277,1,-0.034208
4278,1,0.646804
4279,1,0.670630
4280,1,0.802875
4281,1,0.469932
4282,1,0.602172
4283,1,0.574789
4284,1,0.678222
4285,1,0.691260
4286,1,0.733714
4287,1,0.057025
4288,1,0.793998
4289,1,0.621811
4290,1,0.547853
4291,1,0.593805
4292,1,0.673949
4293,1,0.589022
4294,1,0.634342
4295,1,0.551825
4296,1,0.668027
4297,1,0.647216
4298,1,0.748656
4299,1,0.650482
4300,1,0.650017
4301,1,0.585806
4302,1,0.592419
4303,1,0.574818
4304,1,0.434772
4305,1,0.521750
4306,1,0.536440
4307,1,0.744921
4308,1,0.817106
4309,1,0.674611
4310,1,0.830017
4311,1,0.743996
4312,1,0.669353
4313,1,0.621914
4314,1,0.614437
4315,1,0.669644
4316,1,0.778411
4317,1,0.766139
4318,1,0.643979
4319,1,0.639650
4320,1,0.612454
4321,1,0.656986
4322,1,0.628995
4323,1,0.710428
4324,1,0.082152
4325,1,0.610531
4326,1,0.519068
4327,1,0.650563
4328,1,0.628636
4329,1,0.562110
4330,1,0.544220
4331,1,0.680714
4332,1,0.607138
4333,1,0.676076
4334,1,0.589740
4335,1,0.605918
4336,1,0.672168
4337,1,-0.106780
4338,1,0.012862
4339,1,0.429919
4340,1,0.678899
4341,1,0.723562
4342,1,0.801739
4343,1,0.786673
4344,1,-0.033292
4345,1,0.611748
4346,1,0.687545
4347,1,0.731457
4348,1,0.728598
4349,1,0.634505
4350,1,0.637608
4351,1,0.585775
4352,1,0.596526
4353,1,0.625365
4354,1,0.419096
4355,1,0.070048
4356,1,0.805577
4357,1,0.695101
4358,1,-0.054418
4359,1,0.734773
4360,1,0.629936
4361,1,0.584239
4362,1,0.723219
4363,1,0.623389
4364,1,0.538054
4365,1,0.534165
4366,1,0.619810
4367,1,0.783860
4368,1,0.725072
4369,1,0.811875
4370,1,0.032423
4371,1,0.527202
4372,1,0.585530
4373,1,0.732781
4374,1,0.501933
4375,1,0.620847
4376,1,0.546075
4377,1,0.674794
4378,1,0.623963
4379,1,0.649594
4380,1,0.648433
4381,1,0.722056
4382,1,0.678831
4383,1,0.469867
4384,1,0.552703
4385,1,0.538743
4386,1,0.572007
4387,1,0.621626
4388,1,0.695432
4389,1,0.616666
4390,1,0.670911
4391,1,0.633688
4392,1,0.618423
4393,1,0.710255
4394,1,0.536894
4395,1,0.635370
4396,1,0.865281
4397,1,0.670975
4398,1,0.640879
4399,1,0.583044
4400,1,0.655918
4401,1,0.564371
4402,1,0.619850
4403,1,0.608546
4404,1,0.856907
4405,1,0.463198
4406,1,0.436317
4407,1,0.572812
4408,1,0.674343
4409,1,0.503502
4410,1,0.500291
4411,1,0.622887
4412,1,0.645235
4413,1,0.643355
4414,1,0.734936
4415,1,0.512648
4416,1,0.528956
4417,1,0.516923
4418,1,0.743708
4419,1,0.694664
4420,1,0.783602
4421,1,0.573255
4422,1,0.629361
4423,1,0.746982
4424,1,0.704152
4425,1,0.705151
4426,1,0.517015
4427,1,0.467832
4428,1,0.662204
4429,1,0.480242
4430,1,0.503777
4431,1,0.531260
4432,1,0.934627
4433,1,0.576698
4434,1,0.560251
4435,1,0.469269
4436,1,0.553655
4437,1,0.481996
4438,1,0.509295
4439,1,0.660225
4440,1,0.545015
4441,1,0.601325
4442,1,0.720782
4443,1,0.803814
4444,1,0.793476
4445,1,0.774549
4446,1,0.767482
4447,1,0.755550
4448,1,0.765290
4449,1,0.466657
4450,1,0.659254
4451,1,0.714767
4452,1,0.747097
4453,1,-0.061576
4454,1,0.743325
4455,1,0.464859
4456,1,0.615630
4457,1,0.521440
4458,1,0.616483
4459,1,0.451988
4460,1,0.597401
4461,1,0.619056
4462,1,0.739800
4463,1,0.659115
4464,1,0.631180
4465,1,0.786355
4466,1,0.757052
4467,1,0.797543
4468,1,0.620417
4469,1,0.644743
4470,1,0.676465
4471,1,0.604860
4472,1,0.630104
4473,1,0.639005
4474,1,0.611483
4475,1,0.509455
4476,1,0.542890
4477,1,0.082922
4478,1,0.576906
4479,1,0.723808
4480,1,0.648225
4481,1,0.818668
4482,1,0.674781
4483,1,0.572135
4484,1,0.737340
4485,1,0.502094
4486,1,0.686577
4487,1,0.520113
4488,1,0.582139
4489,1,0.727974
4490,1,0.651638
4491,1,0.680166
4492,1,0.733713
4493,1,0.718133
4494,1,0.588235
4495,1,0.554761
4496,1,0.560333
4497,1,0.588414
4498,1,0.688426
4499,1,0.674978
4500,0,-0.070907
4501,0,-0.022445
4502,0,-0.028311
4503,0,0.125347
4504,0,0.038309
4505,0,0.103452
4506,0,0.039588
4507,0,0.036066
4508,0,0.143459
4509,0,-0.052926
4510,0,0.073025
4511,0,0.006754
4512,0,-0.002006
4513,0,-0.023200
4514,0,-0.045230
4515,0,0.001688
4516,0,-0.107871
4517,0,0.017519
4518,0,-0.006760
4519,0,0.018282
4520,0,-0.012194
4521,0,0.139139
4522,0,-0.019743
4523,0,-0.132568
4524,0,0.050197
4525,0,-0.011120
4526,0,-0.145732
4527,0,0.094105
4528,0,-0.012791
4529,0,0.067404
4530,0,0.029931
4531,0,0.059572
4532,0,0.013791
4533,0,-0.063075
4534,0,-0.013311
4535,0,0.008620
4536,0,0.054696
4537,0,-0.023899
4538,0,-0.002259
4539,0,-0.018875
4540,0,-0.010184
4541,0,0.082081
4542,0,-0.046228
4543,0,-0.045954
4544,0,0.114265
4545,0,0.107270
4546,0,-0.071101
4547,0,0.086107
4548,0,-0.023817
4549,0,0.112006
4550,0,0.046265
4551,0,-0.051180
4552,0,0.029421
4553,0,-0.006664
4554,0,-0.019540
4555,0,-0.003806
4556,0,0.016234
4557,0,-0.026047
4558,0,0.044320
4559,0,0.003307
4560,0,0.001027
4561,0,-0.021172
4562,0,0.006322
4563,0,-0.003523
4564,0,0.018787
4565,0,-0.017590
4566,0,-0.078763
4567,0,-0.028351
4568,0,0.019102
4569,0,0.059982
4570,0,0.090036
4571,0,0.056632
4572,0,-0.091063
4573,0,0.057559
4574,0,0.062519
4575,0,-0.034772
4576,0,-0.030256
4577,0,-0.101841
4578,0,0.093313
4579,0,-0.008219
4580,0,-0.046946
4581,0,0.066616
4582,0,-0.004868
4583,0,0.062724
4584,0,0.235316
4585,0,-0.010706
4586,0,0.096489
4587,0,0.048847
4588,0,0.012048
4589,0,0.034648
4590,0,-0.035331
4591,0,0.101292
4592,0,-0.030398
4593,0,-0.031565
4594,0,-0.023661
4595,0,-0.041009
4596,0,0.033676
4597,0,-0.021913
4598,0,0.001835
4599,0,-0.090367
4600,0,-0.049763
4601,0,-0.028524
4602,0,0.027757
4603,0,0.199918
4604,0,0.004717
4605,0,-0.023780
4606,0,-0.072214
4607,0,0.003675
4608,0,-0.066062
4609,0,0.024973
4610,0,-0.129510
4611,0,-0.134662
4612,0,-0.040795
4613,0,-0.007720
4614,0,-0.049758
4615,0,-0.047093
4616,0,0.095414
4617,0,0.026282
4618,0,-0.011248
4619,0,0.106918
4620,0,0.065192
4621,0,-0.010623
4622,0,0.054423
4623,0,0.038044
4624,0,0.027870
4625,0,0.030766
4626,0,-0.001386
4627,0,0.024441
4628,0,-0.015091
4629,0,0.103468
4630,0,-0.124855
4631,0,0.007537
4632,0,0.007839
4633,0,0.009245
4634,0,0.123541
4635,0,0.020640
4636,0,0.036222
4637,0,-0.119224
4638,0,0.097144
4639,0,0.041344
4640,0,-0.107157
4641,0,-0.029236
4642,0,-0.042377
4643,0,0.025733
4644,0,0.068390
4645,0,-0.089913
4646,0,0.046918
4647,0,-0.063198
4648,0,-0.050181
4649,0,-0.007354
4650,0,0.032427
4651,0,-0.029003
4652,0,-0.078193
4653,0,-0.084586
4654,0,0.054353
4655,0,0.049790
4656,0,0.043023
4657,0,-0.011785
4658,0,0.079595
4659,0,0.019420
4660,0,0.007572
4661,0,-0.041498
4662,0,-0.045005
4663,0,0.020127
4664,0,0.139734
4665,0,0.026848
4666,0,0.024686
4667,0,-0.103506
4668,0,-0.076121
4669,0,0.062769
4670,0,-0.105533
4671,0,0.075546
4672,0,0.047667
4673,0,0.009805
4674,0,0.003196
4675,0,-0.054532
4676,0,0.038544
4677,0,-0.044394
4678,0,0.017591
4679,0,0.046060
4680,0,0.008107
4681,0,0.027871
4682,0,0.035489
4683,0,0.075469
4684,0,0.069765
4685,0,-0.001066
4686,0,0.013848
4687,0,-0.002441
4688,0,-0.072689
4689,0,0.023759
4690,0,-0.027223
4691,0,-0.003351
4692,0,-0.113861
4693,0,0.049968
4694,0,0.068387
4695,0,-0.074276
4696,0,0.033446
4697,0,0.068157
4698,0,-0.011363
4699,0,0.009147
4700,0,-0.027418
4701,0,-0.041945
4702,0,-0.013311
4703,0,0.154304
4704,0,-0.086086
4705,0,-0.029438
4706,0,0.050998
4707,0,-0.032099
4708,0,-0.091170
4709,0,-0.034507
4710,0,-0.046351
4711,0,-0.047413
4712,0,-0.012457
4713,0,-0.029032
4714,0,0.078373
4715,0,-0.084792
4716,0,-0.060270
4717,0,0.074576
4718,0,0.068607
4719,0,-0.000554
4720,0,0.086707
4721,0,0.010455
4722,0,0.048208
4723,0,-0.025381
4724,0,0.020587
4725,0,-0.041838
4726,0,-0.111189
4727,0,-0.148188
4728,0,0.026118
4729,0,-0.025188
4730,0,0.003261
4731,0,0.016718
4732,0,-0.107107
4733,0,-0.024196
4734,0,-0.030703
4735,0,-0.095792
4736,0,0.092739
4737,0,-0.015493
4738,0,0.057187
4739,0,0.066088
4740,0,-0.079979
4741,0,-0.016998
4742,0,-0.043424
4743,0,-0.015626
4744,0,0.019282
4745,0,-0.055494
4746,0,0.011911
4747,0,0.073419
4748,0,0.055454
4749,0,0.009711
4750,0,0.069049
4751,0,-0.023721
4752,0,0.046207
4753,0,-0.035058
4754,0,-0.082753
4755,0,-0.037015
4756,0,0.099447
4757,0,-0.024892
4758,0,-0.087990
4759,0,-0.074537
4760,0,-0.094796
4761,0,-0.010404
4762,0,0.166395
4763,0,-0.035799
4764,0,0.018087
4765,0,0.054416
4766,0,0.048561
4767,0,0.046094
4768,0,0.020963
4769,0,0.011923
4770,0,0.018107
4771,0,0.042907
4772,0,0.089700
4773,0,-0.008952
4774,0,0.035571
4775,0,0.005015
4776,0,0.086050
4777,0,0.005269
4778,0,-0.049978
4779,0,0.095937
4780,0,-0.074705
4781,0,-0.048279
4782,0,0.091999
4783,0,0.052241
4784,0,-0.006203
4785,0,0.027763
4786,0,0.024750
4787,0,-0.008529
4788,0,0.019964
4789,0,0.096736
4790,0,0.041127
4791,0,0.118370
4792,0,-0.046381
4793,0,-0.014656
4794,0,0.061709
4795,0,0.060061
4796,0,-0.034647
4797,0,0.067967
4798,0,-0.132472
4799,0,0.077577
4800,1,0.589516
4801,1,0.682479
4802,1,0.565869
4803,1,0.644785
4804,1,0.664638
4805,1,0.715781
4806,1,0.720877
4807,1,0.527601
4808,1,0.629209
4809,1,0.630677
4810,1,0.606122
4811,1,0.606130
4812,1,0.634754
4813,1,0.828506
4814,1,0.012843
4815,1,-0.050742
4816,1,0.092154
4817,1,0.690289
4818,1,0.372225
4819,1,0.633425
4820,1,0.608634
4821,1,0.761713
4822,1,-0.030301
4823,1,0.651808
4824,1,0.670526
4825,1,0.463348
4826,1,0.536006
4827,1,0.709790
4828,1,0.604137
4829,1,0.622605
4830,1,0.738561
4831,1,0.751052
4832,1,0.820427
4833,1,0.470921
4834,1,0.749637
4835,1,0.436387
4836,1,0.486040
4837,1,-0.017920
4838,1,0.770956
4839,1,0.654819
4840,1,0.617791
4841,1,0.695964
4842,1,0.707912
4843,1,0.665419
4844,1,0.707425
4845,1,0.700440
4846,1,0.581643
4847,1,0.710897
4848,1,0.667520
4849,1,0.637061
4850,1,0.434341
4851,1,0.617604
4852,1,0.654495
4853,1,0.542526
4854,1,0.564432
4855,1,0.634033
4856,1,0.660980
4857,1,0.572745
4858,1,0.544532
4859,1,-0.001921
4860,1,0.529857
4861,1,0.678968
4862,1,0.560368
4863,1,0.713609
4864,1,0.725361
4865,1,0.630231
4866,1,0.603147
4867,1,0.605148
4868,1,0.588719
4869,1,0.419979
4870,1,0.406758
4871,1,0.521373
4872,1,0.535752
4873,1,0.567682
4874,1,0.695985
4875,1,0.728776
4876,1,-0.070800
4877,1,0.602745
4878,1,0.620001
4879,1,0.479548
4880,1,0.552051
4881,1,0.484970
4882,1,0.606315
4883,1,0.594251
4884,1,0.642987
4885,1,0.543529
4886,1,0.582236
4887,1,0.623724
4888,1,0.030580
4889,1,0.007201
4890,1,0.068425
4891,1,0.733934
4892,1,0.610138
4893,1,0.653550
4894,1,0.685400
4895,1,0.541197
4896,1,0.748822
4897,1,0.777528
4898,1,0.737707
4899,1,0.521846
4900,1,0.839466
4901,1,0.655212
4902,1,0.029400
4903,1,0.552703
4904,1,0.618130
4905,1,0.527389
4906,1,0.777187
4907,1,0.630948
4908,1,0.598794
4909,1,-0.046654
4910,1,0.017740
4911,1,0.814593
4912,1,0.606893
4913,1,0.044447
4914,1,0.718345
4915,1,0.650074
4916,1,0.575776
4917,1,0.583907
4918,1,0.585673
4919,1,0.573872
4920,1,0.752604
4921,1,0.731935
4922,1,0.517097
4923,1,-0.046509
4924,1,-0.010349
4925,1,0.801884
4926,1,0.606941
4927,1,0.030852
4928,1,0.781559
4929,1,0.521709
4930,1,0.575938
4931,1,0.498015
4932,1,0.668726
4933,1,0.669587
4934,1,0.707622
4935,1,0.792321
4936,1,0.505771
4937,1,0.443616
4938,1,0.769381
4939,1,0.690597
4940,1,0.664390
4941,1,0.596794
4942,1,0.601290
4943,1,0.530206
4944,1,0.574577
4945,1,0.664323
4946,1,0.766115
4947,1,0.639200
4948,1,0.724505
4949,1,0.721985
4950,1,0.047458
4951,1,0.702211
4952,1,0.670687
4953,1,0.552022
4954,1,0.622966
4955,1,0.713428
4956,1,0.683679
4957,1,0.615538
4958,1,0.687979
4959,1,0.655543
4960,1,0.773918
4961,1,-0.085847
4962,1,0.404996
4963,1,0.797556
4964,1,0.714974
4965,1,0.739226
4966,1,0.556864
4967,1,0.737687
4968,1,0.866961
4969,1,0.610192
4970,1,0.434815
4971,1,0.516721
4972,1,0.563160
4973,1,0.567624
4974,1,0.625451
4975,1,0.775085
4976,1,-0.045495
4977,1,0.001416
4978,1,0.636833
4979,1,0.621545
4980,1,0.443631
4981,1,0.076678
4982,1,-0.026402
4983,1,0.581470
4984,1,0.024535
4985,1,0.560530
4986,1,0.754268
4987,1,0.629116
4988,1,0.616944
4989,1,0.794188
4990,1,0.697008
4991,1,0.439835
4992,1,0.575514
4993,1,0.612991
4994,1,0.634265
4995,1,0.741792
4996,1,0.744016
4997,1,0.746948
4998,1,0.719040
4999,1,0.154881
5000,1,0.879630
5001,1,0.609433
5002,1,0.656825
5003,1,0.493747
5004,1,0.610080
5005,1,0.550409
5006,1,0.545511
5007,1,0.540238
5008,1,0.609379
5009,1,0.505772
5010,1,0.654825
5011,1,0.531589
5012,1,0.534741
5013,1,0.809437
5014,1,0.781740
5015,1,0.816041
5016,1,0.602988
5017,1,0.539611
5018,1,0.809959
5019,1,0.701641
5020,1,0.760338
5021,1,0.655931
5022,1,0.435097
5023,1,0.605604
5024,1,0.643989
5025,1,0.633433
5026,1,0.702749
5027,1,0.560327
5028,1,0.822286
5029,1,0.113430
5030,1,0.022954
5031,1,0.631497
5032,1,0.658850
5033,1,0.827351
5034,1,0.655635
5035,1,0.604306
5036,1,0.661193
5037,1,0.595572
5038,1,0.540405
5039,1,-0.131007
5040,1,0.496622
5041,1,0.623554
5042,1,0.081687
5043,1,0.065659
5044,1,0.643935
5045,1,-0.002482
5046,1,0.584873
5047,1,0.608328
5048,1,0.688271
5049,1,0.497852
5050,1,0.571417
5051,1,0.695612
5052,1,0.748478
5053,1,0.791620
5054,1,0.598034
5055,1,0.539401
5056,1,0.575204
5057,1,0.567744
5058,1,0.657269
5059,1,0.825199
5060,1,0.770042
5061,1,0.806286
5062,1,0.651283
5063,1,0.663557
5064,1,0.730976
5065,1,0.624802
5066,1,0.739404
5067,1,0.595070
5068,1,0.745571
5069,1,0.600327
5070,1,0.672352
5071,1,0.596203
5072,1,0.768657
5073,1,0.713346
5074,1,0.735573
5075,1,0.670767
5076,1,0.724695
5077,1,0.817823
5078,1,0.690826
5079,1,0.621511
5080,1,0.681932
5081,1,0.478417
5082,1,0.698909
5083,1,0.534479
5084,1,0.616353
5085,1,0.547379
5086,1,0.542512
5087,1,0.625996
5088,1,0.782490
5089,1,0.622484
5090,1,-0.000039
5091,1,0.620201
5092,1,0.646208
5093,1,0.715423
5094,1,0.643746
5095,1,0.718734
5096,1,0.847389
5097,1,0.737145
5098,1,0.721303
5099,1,0.645220
5100,0,-0.033648
5101,0,-0.036835
5102,0,0.033667
5103,0,-0.054541
5104,0,-0.038611
5105,0,-0.041197
5106,0,0.048950
5107,0,-0.011899
5108,0,-0.027213
5109,0,0.052952
5110,0,-0.017413
5111,0,0.009159
5112,0,-0.011958
5113,0,0.006668
5114,0,-0.016563
5115,0,0.010196
5116,0,-0.036338
5117,0,-0.002025
5118,0,0.081706
5119,0,0.013856
5120,0,-0.185202
5121,0,0.044911
5122,0,0.030257
5123,0,-0.061637
5124,0,-0.031442
5125,0,-0.037788
5126,0,-0.072674
5127,0,-0.012631
5128,0,-0.005209
5129,0,-0.030637
5130,0,0.049476
5131,0,-0.078311
5132,0,0.024803
5133,0,-0.037385
5134,0,-0.036821
5135,0,0.046972
5136,0,0.054328
5137,0,-0.131495
5138,0,0.089682
5139,0,0.002751
5140,0,0.012079
5141,0,0.052129
5142,0,-0.041707
5143,0,-0.043531
5144,0,0.031074
5145,0,0.014098
5146,0,-0.008853
5147,0,-0.041288
5148,0,-0.109505
5149,0,-0.042805
5150,0,0.004758
5151,0,0.031155
5152,0,-0.045575
5153,0,0.139876
5154,0,0.076853
5155,0,0.025475
5156,0,0.111159
5157,0,-0.018185
5158,0,0.042532
5159,0,-0.036888
5160,0,0.015622
5161,0,-0.039485
5162,0,0.015855
5163,0,-0.056801
5164,0,0.063251
5165,0,-0.000695
5166,0,0.132611
5167,0,0.000641
5168,0,0.147758
5169,0,0.019681
5170,0,-0.047773
5171,0,0.026723
5172,0,0.038888
5173,0,-0.071193
5174,0,0.020246
5175,0,0.122922
5176,0,0.098798
5177,0,0.046730
5178,0,-0.014280
5179,0,0.006519
5180,0,0.022024
5181,0,-0.023151
5182,0,-0.066929
5183,0,-0.081689
5184,0,-0.027253
5185,0,0.046157
5186,0,0.075555
5187,0,-0.026894
5188,0,0.062209
5189,0,0.039048
5190,0,-0.017601
5191,0,-0.027918
5192,0,0.092732
5193,0,0.002582
5194,0,0.046106
5195,0,-0.008620
5196,0,0.020805
5197,0,0.218412
5198,0,-0.105080
5199,0,0.000285
5200,0,-0.059016
5201,0,0.057353
5202,0,-0.081287
5203,0,-0.115784
5204,0,0.101549
5205,0,-0.091752
5206,0,-0.069403
5207,0,0.003767
5208,0,0.167923
5209,0,0.283119
5210,0,-0.023673
5211,0,0.028584
5212,0,-0.016733
5213,0,-0.016512
5214,0,0.020441
5215,0,-0.006055
5216,0,0.098533
5217,0,-0.144216
5218,0,-0.046351
5219,0,0.036603
5220,0,0.046877
5221,0,0.039786
5222,0,-0.047694
5223,0,-0.080857
5224,0,0.066742
5225,0,-0.107800
5226,0,0.059803
5227,0,-0.002472
5228,0,-0.056609
5229,0,-0.008772
5230,0,0.000901
5231,0,-0.074497
5232,0,0.013511
5233,0,-0.065192
5234,0,0.034323
5235,0,0.010754
5236,0,-0.144388
5237,0,-0.001152
5238,0,-0.006529
5239,0,0.001546
5240,0,-0.010696
5241,0,0.001027
5242,0,0.046684
5243,0,-0.024951
5244,0,-0.024078
5245,0,0.026343
5246,0,0.002995
5247,0,0.178578
5248,0,-0.013896
5249,0,0.046195
5250,0,-0.018559
5251,0,0.088066
5252,0,0.006614
5253,0,-0.032204
5254,0,0.006005
5255,0,0.018697
5256,0,0.075719
5257,0,-0.159333
5258,0,-0.014811
5259,0,-0.049560
5260,0,-0.015093
5261,0,0.029560
5262,0,0.024325
5263,0,0.039096
5264,0,0.008043
5265,0,-0.032684
5266,0,-0.057150
5267,0,0.018307
5268,0,-0.099141
5269,0,-0.026409
5270,0,0.005220
5271,0,0.064228
5272,0,-0.060262
5273,0,-0.007836
5274,0,0.025955
5275,0,-0.052926
5276,0,0.019213
5277,0,-0.111263
5278,0,-0.000014
5279,0,0.199618
5280,0,0.130769
5281,0,0.027265
5282,0,0.004323
5283,0,0.024827
5284,0,-0.090073
5285,0,0.079221
5286,0,0.044983
5287,0,-0.005907
5288,0,-0.042301
5289,0,0.080949
5290,0,-0.038234
5291,0,-0.062100
5292,0,-0.027000
5293,0,0.030936
5294,0,0.006414
5295,0,-0.065733
5296,0,-0.050286
5297,0,-0.111711
5298,0,-0.060683
5299,0,-0.034726
5300,0,0.049736
5301,0,-0.070910
5302,0,0.080921
5303,0,-0.005581
5304,0,-0.043443
5305,0,-0.018544
5306,0,0.074226
5307,0,0.019276
5308,0,-0.071770
5309,0,-0.061374
5310,0,0.104075
5311,0,-0.009917
5312,0,0.024187
5313,0,0.001658
5314,0,0.035390
5315,0,-0.045804
5316,0,0.015557
5317,0,0.074358
5318,0,0.080528
5319,0,-0.040193
5320,0,0.069403
5321,0,-0.045343
5322,0,0.049454
5323,0,0.103340
5324,0,0.067301
5325,0,-0.090917
5326,0,-0.056398
5327,0,0.009673
5328,0,0.010133
5329,0,-0.033344
5330,0,-0.020851
5331,0,0.176089
5332,0,0.037201
5333,0,-0.035669
5334,0,-0.021951
5335,0,0.007905
5336,0,-0.078103
5337,0,-0.093094
5338,0,0.147740
5339,0,-0.030993
5340,0,-0.062714
5341,0,0.025569
5342,0,0.100774
5343,0,-0.050533
5344,0,-0.090407
5345,0,0.132309
5346,0,-0.072885
5347,0,0.045117
5348,0,0.072807
5349,0,0.027333
5350,0,-0.083949
5351,0,-0.045521
5352,0,0.087236
5353,0,0.009813
5354,0,0.046698
5355,0,-0.049906
5356,0,0.090104
5357,0,0.011727
5358,0,0.013537
5359,0,0.029051
5360,0,0.059358
5361,0,0.037122
5362,0,0.029078
5363,0,0.015512
5364,0,0.034286
5365,0,0.012284
5366,0,0.075486
5367,0,0.092498
5368,0,0.080711
5369,0,0.064401
5370,0,-0.005341
5371,0,-0.048707
5372,0,0.094074
5373,0,0.104503
5374,0,-0.059091
5375,0,-0.028323
5376,0,0.069338
5377,0,-0.073496
5378,0,-0.011968
5379,0,-0.044705
5380,0,0.118906
5381,0,-0.025974
5382,0,-0.021487
5383,0,-0.080038
5384,0,-0.015372
5385,0,-0.042338
5386,0,-0.045775
5387,0,-0.053990
5388,0,0.086289
5389,0,0.001126
5390,0,0.002572
5391,0,-0.004821
5392,0,0.037735
5393,0,0.008907
5394,0,0.000530
5395,0,-0.011104
5396,0,-0.119147
5397,0,0.041933
5398,0,-0.094703
5399,0,0.038218
5400,1,0.119907
5401,1,0.737767
5402,1,0.667339
5403,1,0.650401
5404,1,-0.047573
5405,1,0.510198
5406,1,0.047526
5407,1,0.693032
5408,1,0.686190
5409,1,-0.030760
5410,1,0.050419
5411,1,0.730485
5412,1,0.787784
5413,1,0.518612
5414,1,0.758586
5415,1,0.793872
5416,1,0.687907
5417,1,0.756997
5418,1,0.031167
5419,1,0.665807
5420,1,0.758522
5421,1,0.806715
5422,1,0.848955
5423,1,0.456378
5424,1,0.694060
5425,1,0.627054
5426,1,0.462317
5427,1,0.650026
5428,1,0.580085
5429,1,0.585563
5430,1,0.672154
5431,1,0.556585
5432,1,0.577839
5433,1,0.676488
5434,1,0.645746
5435,1,0.628015
5436,1,0.750449
5437,1,0.469188
5438,1,0.642880
5439,1,0.620316
5440,1,0.653312
5441,1,0.576368
5442,1,0.564399
5443,1,0.611159
5444,1,0.750574
5445,1,0.594795
5446,1,0.861353
5447,1,0.790052
5448,1,0.609776
5449,1,0.583968
5450,1,0.548618
5451,1,0.736446
5452,1,0.673020
5453,1,0.635843
5454,1,0.524531
5455,1,0.592452
5456,1,0.742793
5457,1,0.695985
5458,1,0.685574
5459,1,0.689899
5460,1,0.677536
5461,1,0.587480
5462,1,0.734953
5463,1,0.809347
5464,1,0.854498
5465,1,0.718645
5466,1,0.751946
5467,1,0.587236
5468,1,0.432646
5469,1,0.468402
5470,1,0.605906
5471,1,0.799571
5472,1,0.521602
5473,1,0.624230
5474,1,0.495940
5475,1,0.675895
5476,1,0.613887
5477,1,0.514728
5478,1,0.800433
5479,1,0.766810
5480,1,0.650948
5481,1,0.676249
5482,1,0.789175
5483,1,0.625375
5484,1,0.658022
5485,1,0.893045
5486,1,0.718925
5487,1,0.748380
5488,1,0.738378
5489,1,0.581287
5490,1,0.577683
5491,1,0.573317
5492,1,0.607747
5493,1,0.615132
5494,1,0.596469
5495,1,0.859768
5496,1,0.756070
5497,1,0.645837
5498,1,0.688672
5499,1,0.057448
5500,1,0.868893
5501,1,0.696769
5502,1,0.637287
5503,1,0.578036
5504,1,0.648123
5505,1,0.655975
5506,1,0.491806
5507,1,0.616728
5508,1,0.567664
5509,1,0.617715
5510,1,0.568587
5511,1,0.624293
5512,1,0.729906
5513,1,0.721310
5514,1,0.831605
5515,1,0.520457
5516,1,0.574451
5517,1,0.826920
5518,1,0.684160
5519,1,0.656018
5520,1,0.655845
5521,1,0.687261
5522,1,0.403000
5523,1,0.503419
5524,1,0.625989
5525,1,0.606357
5526,1,0.857632
5527,1,0.783269
5528,1,0.739454
5529,1,0.646212
5530,1,0.601889
5531,1,0.773993
5532,1,0.717740
5533,1,0.895158
5534,1,0.696565
5535,1,0.667864
5536,1,0.676467
5537,1,0.566930
5538,1,0.690534
5539,1,0.610289
5540,1,-0.115047
5541,1,0.581241
5542,1,0.744598
5543,1,0.083033
5544,1,0.616071
5545,1,0.686067
5546,1,0.600916
5547,1,0.624094
5548,1,0.677201
5549,1,0.591755
5550,1,0.824905
5551,1,0.632652
5552,1,0.708981
5553,1,-0.032705
5554,1,0.650478
5555,1,0.331996
5556,1,0.824142
5557,1,0.674992
5558,1,0.577153
5559,1,0.772803
5560,1,0.772949
5561,1,0.681534
5562,1,0.686509
5563,1,0.616630
5564,1,0.544939
5565,1,0.697308
5566,1,0.705601
5567,1,0.016781
5568,1,0.045680
5569,1,0.605645
5570,1,0.700501
5571,1,0.681329
5572,1,-0.080836
5573,1,0.444777
5574,1,0.631434
5575,1,0.308876
5576,1,-0.017953
5577,1,0.635086
5578,1,-0.065783
5579,1,0.520076
5580,1,0.750404
5581,1,0.829745
5582,1,0.678878
5583,1,0.712396
5584,1,0.708038
5585,1,0.812313
5586,1,0.653409
5587,1,0.634203
5588,1,0.489177
5589,1,0.675785
5590,1,0.777259
5591,1,0.719858
5592,1,0.775387
5593,1,0.600851
5594,1,0.583737
5595,1,0.767692
5596,1,0.704613
5597,1,0.670047
5598,1,0.713270
5599,1,0.701569
5600,1,0.714281
5601,1,0.704284
5602,1,0.656040
5603,1,0.096034
5604,1,0.052617
5605,1,0.571026
5606,1,0.574193
5607,1,0.646561
5608,1,0.537135
5609,1,0.749741
5610,1,0.666371
5611,1,0.827944
5612,1,0.000127
5613,1,0.606196
5614,1,0.793996
5615,1,0.649970
5616,1,0.604066
5617,1,0.665729
5618,1,0.590940
5619,1,0.642797
5620,1,0.572133
5621,1,0.442420
5622,1,0.750461
5623,1,0.712889
5624,1,0.629716
5625,1,0.619932
5626,1,0.718845
5627,1,0.766177
5628,1,0.705565
5629,1,0.782685
5630,1,0.782263
5631,1,0.743428
5632,1,0.743226
5633,1,0.734083
5634,1,0.722336
5635,1,0.460580
5636,1,0.500405
5637,1,0.497616
5638,1,0.534739
5639,1,0.553793
5640,1,0.665554
5641,1,0.533078
5642,1,0.620139
5643,1,0.326392
5644,1,0.361259
5645,1,0.640001
5646,1,0.526056
5647,1,0.459116
5648,1,0.796067
5649,1,0.710460
5650,1,0.631770
5651,1,0.693464
5652,1,0.692805
5653,1,0.573226
5654,1,0.566184
5655,1,0.522559
5656,1,0.571191
5657,1,0.756022
5658,1,0.552717
5659,1,0.466245
5660,1,0.645570
5661,1,-0.134449
5662,1,0.843132
5663,1,0.478518
5664,1,0.520837
5665,1,0.043053
5666,1,0.725904
5667,1,0.019996
5668,1,0.746139
5669,1,0.632036
5670,1,0.742444
5671,1,0.780859
5672,1,0.615649
5673,1,0.488460
5674,1,0.585516
5675,1,0.594855
5676,1,0.744663
5677,1,0.704857
5678,1,0.607528
5679,1,0.558623
5680,1,0.340216
5681,1,0.626161
5682,1,0.552190
5683,1,0.734100
5684,1,0.521945
5685,1,0.780197
5686,1,0.526728
5687,1,0.656423
5688,1,0.517750
5689,1,0.801976
5690,1,0.042600
5691,1,0.663183
5692,1,0.576960
5693,1,0.411916
5694,1,0.467556
5695,1,0.468425
5696,1,0.790425
5697,1,0.683666
5698,1,0.837713
5699,1,0.690080
5700,0,-0.003635
5701,0,-0.008482
5702,0,0.057855
5703,0,0.129868
5704,0,-0.049901
5705,0,0.064139
5706,0,-0.044828
5707,0,0.004081
5708,0,-0.021707
5709,0,-0.000261
5710,0,-0.045006
5711,0,-0.035153
5712,0,0.089879
5713,0,0.064744
5714,0,-0.083558
5715,0,-0.075483
5716,0,-0.066066
5717,0,0.031751
5718,0,0.017087
5719,0,-0.004476
5720,0,0.023422
5721,0,-0.043020
5722,0,0.035619
5723,0,-0.058994
5724,0,0.018922
5725,0,-0.090929
5726,0,-0.085333
5727,0,0.052033
5728,0,-0.083705
5729,0,0.112935
5730,0,-0.004166
5731,0,-0.006721
5732,0,-0.181350
5733,0,0.095264
5734,0,0.047685
5735,0,0.036619
5736,0,0.047740
5737,0,0.031819
5738,0,0.065460
5739,0,0.064639
5740,0,-0.055189
5741,0,-0.024889
5742,0,0.098670
5743,0,0.102135
5744,0,-0.008859
5745,0,0.137801
5746,0,0.052496
5747,0,0.060366
5748,0,0.004475
5749,0,-0.021839
5750,0,0.044756
5751,0,0.105529
5752,0,0.032743
5753,0,0.082163
5754,0,-0.078643
5755,0,0.017838
5756,0,-0.099804
5757,0,0.105274
5758,0,0.116449
5759,0,0.006473
5760,0,-0.054598
5761,0,0.022713
5762,0,0.019117
5763,0,-0.103612
5764,0,0.039095
5765,0,-0.030397
5766,0,0.015085
5767,0,-0.052205
5768,0,0.148400
5769,0,0.018401
5770,0,-0.056834
5771,0,0.057532
5772,0,0.027180
5773,0,-0.050958
5774,0,0.029753
5775,0,0.041416
5776,0,-0.004566
5777,0,-0.130267
5778,0,0.090714
5779,0,0.162026
5780,0,-0.031818
5781,0,0.033420
5782,0,0.049906
5783,0,0.049087
5784,0,0.030807
5785,0,0.015567
5786,0,-0.090887
5787,0,-0.040240
5788,0,0.023283
5789,0,-0.049741
5790,0,-0.015196
5791,0,-0.040449
5792,0,0.057237
5793,0,0.031447
5794,0,0.030800
5795,0,0.116395
5796,0,0.021426
5797,0,-0.076121
5798,0,0.007604
5799,0,-0.056149
5800,0,-0.063581
5801,0,-0.024954
5802,0,-0.025654
5803,0,-0.028277
5804,0,-0.037217
5805,0,-0.018037
5806,0,-0.103817
5807,0,0.033713
5808,0,0.069287
5809,0,-0.042887
5810,0,0.046646
5811,0,-0.016500
5812,0,-0.031780
5813,0,0.064022
5814,0,0.083210
5815,0,0.026417
5816,0,-0.000349
5817,0,0.028297
5818,0,-0.056161
5819,0,0.217444
5820,0,0.133103
5821,0,0.005450
5822,0,-0.026567
5823,0,-0.020456
5824,0,0.002360
5825,0,-0.037787
5826,0,-0.004516
5827,0,-0.026741
5828,0,0.032737
5829,0,-0.023395
5830,0,-0.077372
5831,0,-0.096422
5832,0,0.013509
5833,0,-0.018713
5834,0,-0.144112
5835,0,-0.006401
5836,0,-0.077601
5837,0,-0.013090
5838,0,0.141327
5839,0,-0.084501
5840,0,-0.117691
5841,0,0.019943
5842,0,-0.048405
5843,0,-0.026823
5844,0,-0.061448
5845,0,0.019570
5846,0,-0.003327
5847,0,-0.017431
5848,0,-0.075988
5849,0,-0.050281
5850,0,-0.042046
5851,0,0.008534
5852,0,0.173269
5853,0,-0.022570
5854,0,0.004051
5855,0,0.000560
5856,0,0.006771
5857,0,-0.036201
5858,0,0.024315
5859,0,0.054862
5860,0,0.043865
5861,0,0.000618
5862,0,-0.034269
5863,0,0.088764
5864,0,-0.017603
5865,0,0.095069
5866,0,-0.087022
5867,0,0.026804
5868,0,-0.105996
5869,0,0.011162
5870,0,-0.072709
5871,0,-0.158632
5872,0,0.030952
5873,0,0.056563
5874,0,-0.011738
5875,0,0.054100
5876,0,0.069264
5877,0,-0.040454
5878,0,-0.014385
5879,0,0.007189
5880,0,-0.026257
5881,0,0.059579
5882,0,-0.016641
5883,0,-0.104146
5884,0,-0.026331
5885,0,-0.063938
5886,0,0.009540
5887,0,0.123634
5888,0,0.015538
5889,0,0.034376
5890,0,0.056062
5891,0,-0.017863
5892,0,0.002951
5893,0,-0.020936
5894,0,0.062499
5895,0,-0.027893
5896,0,-0.050454
5897,0,0.046073
5898,0,0.124456
5899,0,0.087689
5900,0,-0.114729
5901,0,0.011089
5902,0,-0.074157
5903,0,-0.074533
5904,0,-0.029691
5905,0,0.141844
5906,0,-0.008329
5907,0,0.005342
5908,0,0.015012
5909,0,-0.014107
5910,0,-0.035891
5911,0,-0.052005
5912,0,-0.049483
5913,0,0.024518
5914,0,0.122352
5915,0,0.046122
5916,0,-0.041908
5917,0,0.001785
5918,0,-0.125190
5919,0,0.042183
5920,0,0.033184
5921,0,-0.003993
5922,0,0.113783
5923,0,0.091512
5924,0,-0.056221
5925,0,0.044176
5926,0,0.044662
5927,0,0.089625
5928,0,0.008370
5929,0,0.013613
5930,0,-0.035737
5931,0,0.018551
5932,0,-0.081211
5933,0,0.039945
5934,0,-0.005442
5935,0,0.024154
5936,0,0.005840
5937,0,0.068732
5938,0,-0.008098
5939,0,-0.086380
5940,0,0.113503
5941,0,-0.051000
5942,0,-0.043093
5943,0,0.038186
5944,0,-0.093802
5945,0,0.054047
5946,0,0.085422
5947,0,-0.025296
5948,0,-0.095790
5949,0,-0.005355
5950,0,0.106558
5951,0,0.031084
5952,0,-0.034316
5953,0,-0.053485
5954,0,0.090018
5955,0,-0.061253
5956,0,0.032862
5957,0,-0.026344
5958,0,-0.027376
5959,0,0.009735
5960,0,-0.015458
5961,0,0.159178
5962,0,0.083453
5963,0,-0.043315
5964,0,0.119473
5965,0,0.098296
5966,0,0.099938
5967,0,-0.051339
5968,0,0.147305
5969,0,0.012447
5970,0,0.034793
5971,0,0.020003
5972,0,-0.008255
5973,0,0.060611
5974,0,-0.079982
5975,0,0.047578
5976,0,0.019063
5977,0,-0.098723
5978,0,0.011632
5979,0,-0.001951
5980,0,0.030610
5981,0,0.039297
5982,0,-0.111172
5983,0,-0.075156
5984,0,-0.012819
5985,0,0.051390
5986,0,-0.028936
5987,0,-0.081206
5988,0,0.065587
5989,0,-0.012684
5990,0,-0.053870
5991,0,0.010689
5992,0,0.039373
5993,0,-0.088851
5994,0,-0.026107
5995,0,0.050267
5996,0,0.004529
5997,0,0.031665
5998,0,0.066567
5999,0,-0.026523
